0.000000
0.000000
0.000000
0.000000
0.000000
0.000000
0.000000
0.000000
0.000000
0.000000
0.000000
0.000000
0.000000
0.000000
0.000000
0.000000
0.000000
0.000000
2990739.000000
2990739.000000
2990739.000000
0.000000
0.000000
0.000000
0.000000
0.000000
0.000000
0.000000
0.000000
0.000000
0.000000
0.000000
0.000000
0.000000
0.000000
0.000000
1384626.625000
0.000000
4486194.000000
0.000000
9360085.000000
0.000000
16006302.000000
628271.375000
0.000000
24424844.000000
0.000000
34615712.000000
0.000000
46578904.000000
0.000000
60314424.000000
75822272.000000
628271.375000
93102440.000000
112154936.000000
0.000000
0.000000
628271.375000
132979752.000000
0.000000
155576912.000000
0.000000
179946384.000000
0.000000
206088192.000000
0.000000
0.000000
234002304.000000
0.000000
263688752.000000
0.000000
295147520.000000
0.000000
0.000000
328378624.000000
0.000000
363382048.000000
0.000000
400157792.000000
0.000000
438705888.000000
0.000000
479026272.000000
0.000000
521119008.000000
0.000000
564984000.000000
0.000000
610621376.000000
0.000000
658031232.000000
0.000000
707213248.000000
758167424.000000
0.000000
810894080.000000
0.000000
865393280.000000
0.000000
921664576.000000
0.000000
0.000000
0.000000
0.000000
0.000000
0.000000
0.000000
4785266.500000
6513281.500000
0.000000
0.000000
0.000000
0.000000
0.000000
0.000000
0.000000
0.000000
0.000000
0.000000
0.000000
0.000000
0.000000
0.000000
0.000000
0.000000
0.000000
0.000000
0.000000
0.000000
0.000000
8507146.000000
2990793.000000
10766858.000000
0.000000
13292420.000000
2990796.000000
16083830.000000
19141090.000000
0.000000
0.000000
0.000000
0.000000
0.000000
0.000000
0.000000
0.000000
0.000000
0.000000
0.000000
0.000000
0.000000
0.000000
0.000000
0.000000
0.000000
0.000000
0.000000
0.000000
0.000000
0.000000
0.000000
0.000000
0.000000
0.000000
0.000000
0.000000
0.000000
0.000000
0.000000
0.000000
0.000000
0.000000
0.000000
0.000000
0.000000
0.000000
0.000000
0.000000
0.000000
0.000000
0.000000
0.000000
0.000000
0.000000
22464192.000000
0.000000
0.000000
0.000000
0.000000
0.000000
0.000000
0.000000
26053154.000000
0.000000
0.000000
0.000000
0.000000
0.000000
29907966.000000
0.000000
34028616.000000
223384.093750
38415112.000000
0.000000
43067468.000000
47985680.000000
0.000000
0.000000
53169720.000000
0.000000
0.000000
0.000000
0.000000
0.000000
0.000000
0.000000
0.000000
0.000000
0.000000
0.000000
58619612.000000
800313.375000
64335364.000000
0.000000
0.000000
0.000000
70316968.000000
0.000000
0.000000
0.000000
76564408.000000
0.000000
83077688.000000
0.000000
89856832.000000
0.000000
96901848.000000
104212688.000000
0.000000
0.000000
111789352.000000
0.000000
0.000000
0.000000
0.000000
119631912.000000
0.000000
0.000000
0.000000
0.000000
127740296.000000
0.000000
136114528.000000
0.000000
0.000000
0.000000
0.000000
0.000000
0.000000
0.000000
0.000000
0.000000
0.000000
0.000000
0.000000
0.000000
144754592.000000
0.000000
0.000000
0.000000
0.000000
0.000000
0.000000
0.000000
0.000000
153660528.000000
0.000000
0.000000
0.000000
0.000000
0.000000
0.000000
0.000000
0.000000
0.000000
0.000000
0.000000
0.000000
0.000000
0.000000
0.000000
0.000000
0.000000
0.000000
0.000000
0.000000
162832336.000000
0.000000
0.000000
0.000000
172269968.000000
0.000000
181973408.000000
0.000000
191942768.000000
0.000000
202177952.000000
0.000000
212678976.000000
223445824.000000
234478544.000000
0.000000
245777152.000000
0.000000
257341568.000000
0.000000
269171808.000000
0.000000
281267968.000000
293629920.000000
0.000000
979708096.000000
0.000000
0.000000
1039524032.000000
0.000000
1101112576.000000
0.000000
0.000000
1164473216.000000
1229605888.000000
0.000000
1296511232.000000
0.000000
0.000000
0.000000
0.000000
0.000000
1365188992.000000
0.000000
0.000000
0.000000
0.000000
0.000000
0.000000
1435638912.000000
0.000000
1507860992.000000
0.000000
0.000000
1581855616.000000
0.000000
0.000000
1657622656.000000
0.000000
0.000000
1735161984.000000
0.000000
0.000000
1814473216.000000
1895557120.000000
0.000000
0.000000
0.000000
1978413568.000000
0.000000
0.000000
2063042176.000000
1874432.875000
0.000000
2149442816.000000
3785215.000000
0.000000
0.000000
2237615872.000000
1874432.875000
0.000000
2327561472.000000
0.000000
0.000000
2419279104.000000
3785215.000000
6360617.500000
9600641.000000
2512769536.000000
2608032256.000000
13505286.000000
2705066752.000000
0.000000
6360617.500000
0.000000
9600641.000000
0.000000
0.000000
2803874048.000000
0.000000
0.000000
2904453888.000000
0.000000
0.000000
13505286.000000
0.000000
0.000000
3006805504.000000
3110929152.000000
0.000000
3216825344.000000
0.000000
0.000000
3324494336.000000
0.000000
0.000000
3433935872.000000
0.000000
0.000000
3545148928.000000
0.000000
0.000000
3658135040.000000
0.000000
0.000000
3772893440.000000
0.000000
3889423360.000000
0.000000
4007725824.000000
0.000000
1874432.875000
4127800576.000000
3785215.000000
6360617.500000
9600641.000000
13505286.000000
0.000000
0.000000
0.000000
0.000000
0.000000
0.000000
0.000000
0.000000
0.000000
0.000000
0.000000
0.000000
0.000000
0.000000
0.000000
0.000000
0.000000
0.000000
0.000000
0.000000
0.000000
306257728.000000
0.000000
0.000000
319151360.000000
0.000000
0.000000
0.000000
0.000000
0.000000
0.000000
0.000000
0.000000
0.000000
0.000000
0.000000
0.000000
0.000000
0.000000
0.000000
0.000000
0.000000
0.000000
0.000000
0.000000
0.000000
0.000000
0.000000
0.000000
0.000000
0.000000
0.000000
0.000000
0.000000
0.000000
0.000000
0.000000
0.000000
0.000000
0.000000
0.000000
0.000000
0.000000
0.000000
0.000000
0.000000
0.000000
0.000000
0.000000
0.000000
332310880.000000
345736256.000000
0.000000
0.000000
359427424.000000
0.000000
0.000000
0.000000
0.000000
373384512.000000
0.000000
387607456.000000
0.000000
0.000000
0.000000
402096192.000000
416850816.000000
0.000000
0.000000
0.000000
0.000000
431871328.000000
2658484.000000
5981592.000000
447157600.000000
0.000000
0.000000
0.000000
0.000000
0.000000
462709696.000000
0.000000
0.000000
478527744.000000
0.000000
494611552.000000
510961280.000000
961326.000000
3429919.500000
527576800.000000
961326.000000
3429919.500000
544458240.000000
0.000000
0.000000
0.000000
0.000000
0.000000
0.000000
561605568.000000
0.000000
0.000000
0.000000
579018560.000000
0.000000
0.000000
596697472.000000
0.000000
0.000000
614642240.000000
0.000000
0.000000
632852928.000000
0.000000
651329472.000000
0.000000
0.000000
0.000000
0.000000
0.000000
0.000000
0.000000
0.000000
0.000000
0.000000
0.000000
0.000000
0.000000
0.000000
0.000000
0.000000
0.000000
0.000000
0.000000
0.000000
0.000000
0.000000
0.000000
0.000000
0.000000
0.000000
0.000000
0.000000
0.000000
0.000000
0.000000
0.000000
0.000000
0.000000
0.000000
0.000000
670071744.000000
5316968.000000
0.000000
0.000000
689080000.000000
0.000000
0.000000
8307765.000000
0.000000
708354048.000000
0.000000
0.000000
0.000000
0.000000
0.000000
727893888.000000
747699584.000000
0.000000
0.000000
767771200.000000
788108608.000000
0.000000
0.000000
0.000000
0.000000
0.000000
0.000000
0.000000
0.000000
0.000000
0.000000
0.000000
0.000000
0.000000
0.000000
0.000000
0.000000
0.000000
0.000000
0.000000
0.000000
0.000000
0.000000
0.000000
0.000000
0.000000
0.000000
0.000000
0.000000
0.000000
0.000000
0.000000
0.000000
0.000000
0.000000
0.000000
0.000000
0.000000
0.000000
0.000000
0.000000
0.000000
0.000000
0.000000
0.000000
0.000000
0.000000
0.000000
808711936.000000
0.000000
0.000000
829580992.000000
0.000000
0.000000
0.000000
0.000000
0.000000
0.000000
0.000000
0.000000
0.000000
0.000000
0.000000
0.000000
0.000000
0.000000
0.000000
0.000000
0.000000
0.000000
800313.375000
0.000000
0.000000
0.000000
3015718.000000
0.000000
0.000000
6648982.500000
0.000000
0.000000
0.000000
0.000000
0.000000
0.000000
0.000000
11700109.000000
0.000000
0.000000
0.000000
0.000000
0.000000
0.000000
18169094.000000
0.000000
0.000000
0.000000
0.000000
0.000000
0.000000
0.000000
0.000000
0.000000
0.000000
0.000000
0.000000
0.000000
0.000000
0.000000
0.000000
0.000000
0.000000
0.000000
0.000000
0.000000
0.000000
0.000000
0.000000
0.000000
0.000000
0.000000
0.000000
0.000000
0.000000
0.000000
0.000000
0.000000
0.000000
0.000000
0.000000
0.000000
0.000000
0.000000
0.000000
0.000000
0.000000
0.000000
0.000000
0.000000
0.000000
0.000000
0.000000
0.000000
0.000000
0.000000
850716032.000000
0.000000
0.000000
872116928.000000
0.000000
0.000000
0.000000
893783552.000000
0.000000
0.000000
666463.500000
0.000000
0.000000
0.000000
915715968.000000
0.000000
0.000000
0.000000
0.000000
0.000000
937914304.000000
1345853.000000
960378560.000000
0.000000
0.000000
0.000000
0.000000
0.000000
0.000000
0.000000
0.000000
0.000000
0.000000
0.000000
0.000000
0.000000
853387.625000
1606623.875000
2596170.000000
3822026.250000
5284193.500000
6982669.500000
1093316992.000000
2769255.500000
2769255.500000
1156456192.000000
5827105.000000
2769255.500000
3544645.250000
1221367424.000000
2769255.500000
1288051328.000000
1356507264.000000
1426735872.000000
1498736256.000000
2769255.500000
5827105.000000
2769255.500000
1572509568.000000
2769255.500000
1648054784.000000
1725372672.000000
1804462464.000000
2769255.500000
2658486.000000
5827105.000000
1885324928.000000
2769255.500000
1967959552.000000
2769255.500000
2769255.500000
2052366720.000000
2138545792.000000
2226497536.000000
2316221440.000000
2769255.500000
2769255.500000
2407717376.000000
2500986368.000000
2769255.500000
2596027392.000000
2769255.500000
2692840960.000000
2769255.500000
2791426048.000000
2769255.500000
2891784192.000000
2769255.500000
2993914880.000000
2769255.500000
3097817088.000000
2769255.500000
3203491584.000000
2769255.500000
3310938880.000000
2769255.500000
3544645.250000
2769255.500000
2769255.500000
3420158720.000000
2769255.500000
2769255.500000
3531150848.000000
3643914752.000000
4785270.000000
3544645.250000
3544645.250000
6513286.500000
251526112.000000
2769255.500000
4467729.000000
7123911.500000
2769255.500000
3256643.250000
263223456.000000
12535831.000000
2769255.500000
19466886.000000
3544645.250000
27917078.000000
3544645.250000
5751525.500000
2769255.500000
7387519.000000
2769255.500000
9228009.000000
2769255.500000
5981596.500000
8507152.000000
11700117.000000
3544645.250000
3845307.000000
5751525.500000
3845307.000000
275186624.000000
4070802.750000
287415712.000000
3544645.250000
299910592.000000
3544645.250000
312671328.000000
325697888.000000
2769255.500000
2769255.500000
18169106.000000
5538511.000000
2990798.250000
2990798.250000
2990798.250000
2990798.250000
2990798.250000
2769255.500000
7975458.000000
10855487.000000
2990798.250000
2769255.500000
2769255.500000
2769255.500000
3544645.250000
2769255.500000
11673740.000000
2769255.500000
13131618.000000
2769255.500000
14675257.000000
2769255.500000
16304651.000000
2769255.500000
18019804.000000
2769255.500000
19820714.000000
2769255.500000
2769255.500000
2769255.500000
21707384.000000
2769255.500000
23679808.000000
2769255.500000
25737994.000000
2769255.500000
27881934.000000
3544645.250000
30111638.000000
2990795.250000
32427086.000000
34828308.000000
2769255.500000
37315276.000000
11273001.000000
338990272.000000
2769255.500000
2769255.500000
5427743.500000
2769255.500000
2990795.250000
2769255.500000
5316972.000000
352548608.000000
3256643.250000
2658486.000000
366372768.000000
3544645.250000
380462784.000000
3544645.250000
394818560.000000
8917456.000000
409440288.000000
8840158.000000
424327840.000000
439481248.000000
2769255.500000
39888012.000000
2769255.500000
13522489.000000
3256643.250000
15976479.000000
2990798.250000
6076532.500000
2769255.500000
7690614.000000
3845307.000000
5751525.500000
3544645.250000
7387519.000000
3544645.250000
10633952.000000
2769255.500000
454900320.000000
2769255.500000
2769255.500000
5751525.500000
470585440.000000
2769255.500000
486536416.000000
2769255.500000
502753216.000000
2769255.500000
519235776.000000
2769255.500000
535984288.000000
2769255.500000
552998656.000000
10633952.000000
2769255.500000
16615553.000000
5316972.000000
3758451456.000000
2769255.500000
3874760448.000000
570278848.000000
2769255.500000
2990795.250000
2769255.500000
5316972.000000
587824704.000000
2990798.250000
2769255.500000
2658486.000000
2769255.500000
605636608.000000
623714368.000000
16615553.000000
23926398.000000
2769255.500000
23926398.000000
2769255.500000
32566488.000000
2769255.500000
42535824.000000
2769255.500000
642057984.000000
2769255.500000
3544645.250000
7387519.000000
5751525.500000
3845307.000000
7387519.000000
3544645.250000
10633952.000000
3544645.250000
16615553.000000
9228009.000000
2769255.500000
2658486.000000
2769255.500000
3845307.000000
11273001.000000
13522489.000000
3256643.250000
15976479.000000
2769255.500000
2990795.250000
2769255.500000
5981596.500000
2769255.500000
18634966.000000
21497954.000000
660667328.000000
2990798.250000
679542656.000000
23926398.000000
3256643.250000
2769255.500000
698683776.000000
2769255.500000
718090816.000000
2769255.500000
737763392.000000
757702080.000000
777906688.000000
2769255.500000
798377088.000000
2769255.500000
819113216.000000
2769255.500000
2769255.500000
2769255.500000
840115264.000000
861383232.000000
882917056.000000
2769255.500000
904716416.000000
2769255.500000
2769255.500000
926781952.000000
3256643.250000
949113280.000000
8942512.000000
3992841216.000000
5427743.500000
8972395.000000
4112694272.000000
5427743.500000
8972395.000000
4234320384.000000
5427743.500000
8972395.000000
4357719040.000000
5427743.500000
11088553.000000
13495959.000000
971710464.000000
8972395.000000
12722540.000000
4482889728.000000
42546492.000000
17167190.000000
5427743.500000
994573376.000000
8972395.000000
4609831936.000000
5427743.500000
4738547200.000000
8942512.000000
12722540.000000
17167190.000000
4869035008.000000
26917202.000000
40209652.000000
5001294336.000000
5427743.500000
8972395.000000
5981596.500000
26917202.000000
40209652.000000
5427743.500000
5427743.500000
45290744.000000
5427743.500000
8972395.000000
48120744.000000
8972395.000000
51036512.000000
5427743.500000
8972395.000000
54038020.000000
5427743.500000
8972395.000000
57125304.000000
5427743.500000
8972395.000000
60298336.000000
5427743.500000
8972395.000000
5135326208.000000
63557136.000000
8972395.000000
5427743.500000
66901672.000000
5427743.500000
8972395.000000
70331984.000000
5427743.500000
8972395.000000
73848048.000000
5427743.500000
8972395.000000
77449880.000000
5427743.500000
8972395.000000
81137448.000000
5427743.500000
8972395.000000
84910792.000000
5427743.500000
8972395.000000
8972395.000000
5427743.500000
8972395.000000
5271130624.000000
5427743.500000
8972395.000000
5408708096.000000
5427743.500000
8972395.000000
5548057088.000000
5427743.500000
8972395.000000
5689178112.000000
5427743.500000
8972395.000000
5832072192.000000
5427743.500000
8972395.000000
5976738816.000000
5427743.500000
8972395.000000
6123176448.000000
6271386624.000000
5427743.500000
6421369856.000000
8972395.000000
5427743.500000
8972395.000000
6573125632.000000
5427743.500000
8972395.000000
6726653440.000000
5427743.500000
8972395.000000
6881953280.000000
5427743.500000
7039025664.000000
5427743.500000
8972395.000000
7197870592.000000
5427743.500000
8972395.000000
8972395.000000
5538511.000000
8972395.000000
8307776.500000
5538511.000000
7358487040.000000
8307776.500000
16283244.000000
7520876032.000000
8942512.000000
12722540.000000
17167190.000000
7685038080.000000
26917202.000000
40209652.000000
5427743.500000
8972395.000000
7850972160.000000
5427743.500000
16283244.000000
8972395.000000
26917202.000000
40209652.000000
8018678784.000000
5427743.500000
26917202.000000
8188156928.000000
8359408128.000000
40209652.000000
8532431872.000000
5427743.500000
8707226624.000000
5427743.500000
8972395.000000
8972395.000000
5427743.500000
5427743.500000
8972395.000000
8972395.000000
8883793920.000000
8972395.000000
9062135808.000000
9242249216.000000
24565440.000000
5427743.500000
8972395.000000
27837428.000000
5427743.500000
5538511.000000
5981596.500000
5427743.500000
8972395.000000
5427743.500000
15976479.000000
8972395.000000
8972395.000000
5427743.500000
5427743.500000
8972395.000000
8307771.500000
5427743.500000
8972395.000000
11963193.000000
8972395.000000
31313910.000000
5427743.500000
8972395.000000
8307771.500000
8307776.500000
5427743.500000
34994896.000000
18634966.000000
5744226.500000
16283244.000000
8972395.000000
5427743.500000
8972395.000000
1017702272.000000
5427743.500000
8972395.000000
1041097024.000000
8022931.000000
10681417.000000
13719692.000000
21497954.000000
17137746.000000
26917202.000000
26917202.000000
5744226.500000
8307776.500000
40209652.000000
16283244.000000
26917202.000000
56160596.000000
5538511.000000
8307776.500000
16283244.000000
74770008.000000
26917202.000000
40209652.000000
96037944.000000
40209652.000000
40209652.000000
11963193.000000
5427743.500000
5427743.500000
5751525.500000
14178597.000000
5427743.500000
8972395.000000
16083843.000000
8972395.000000
19141104.000000
5538511.000000
8307776.500000
16283244.000000
22464218.000000
26917202.000000
40209652.000000
8972395.000000
26917202.000000
5427743.500000
16283231.000000
5427743.500000
8972395.000000
8041921.500000
5538511.000000
8307776.500000
16283244.000000
11232109.000000
26917202.000000
40209652.000000
16283244.000000
1064757632.000000
8972395.000000
8972395.000000
17944790.000000
5427743.500000
40209652.000000
5744226.500000
8307776.500000
16283244.000000
1088683776.000000
26917202.000000
40209652.000000
1112876032.000000
6729289.000000
10052397.000000
1137334144.000000
5538511.000000
8307776.500000
8972395.000000
16283244.000000
26917202.000000
40209652.000000
1162058240.000000
6402513.500000
7997604.000000
10855487.000000
1187047936.000000
14178597.000000
17944790.000000
1212303616.000000
5427743.500000
8972395.000000
40209652.000000
1237825152.000000
5427743.500000
5538511.000000
1263612544.000000
5427743.500000
8972395.000000
21362834.000000
5427743.500000
8972395.000000
24306162.000000
5427743.500000
8972395.000000
27439384.000000
5427743.500000
8972395.000000
30762492.000000
5427743.500000
8972395.000000
5744226.500000
8307776.500000
16283244.000000
15976479.000000
26917202.000000
40209652.000000
18634966.000000
5538511.000000
8307776.500000
16283244.000000
21497954.000000
26917202.000000
40209652.000000
34275492.000000
5427743.500000
8972395.000000
37978388.000000
5538511.000000
8307776.500000
16283244.000000
88769888.000000
26917202.000000
40209652.000000
92714752.000000
5427743.500000
8972395.000000
8307771.500000
5427743.500000
8972395.000000
11963193.000000
26917202.000000
5427743.500000
5981596.500000
5427743.500000
8972395.000000
1289665408.000000
8972395.000000
8307776.500000
16283244.000000
40209652.000000
26917202.000000
40209652.000000
56160596.000000
5427743.500000
8972395.000000
8972395.000000
5538511.000000
42535824.000000
8307776.500000
5427743.500000
1315984512.000000
5427743.500000
8972395.000000
1342569472.000000
5427743.500000
8972395.000000
1369420032.000000
5427743.500000
8972395.000000
1396536704.000000
5427743.500000
16283244.000000
8972395.000000
1423919232.000000
5427743.500000
1451567488.000000
5427743.500000
8972395.000000
1479481728.000000
5427743.500000
8972395.000000
1507661824.000000
5427743.500000
8972395.000000
1536107648.000000
5427743.500000
8972395.000000
8972395.000000
1564819072.000000
8972395.000000
5427743.500000
8972395.000000
74770008.000000
26917202.000000
40209652.000000
96037944.000000
5427743.500000
8972395.000000
1593796608.000000
5427743.500000
1623039744.000000
5427743.500000
8972395.000000
1652548992.000000
5427743.500000
8972395.000000
8972395.000000
5427743.500000
8972395.000000
1682324096.000000
5427743.500000
8972395.000000
1712365056.000000
1742671872.000000
5427743.500000
1773244544.000000
5427743.500000
8972395.000000
1804082816.000000
8972395.000000
5538511.000000
1835187072.000000
7975458.000000
10855487.000000
14178597.000000
5981596.500000
5427743.500000
5427743.500000
8307771.500000
8972395.000000
11963193.000000
5427743.500000
8972395.000000
8972395.000000
17944790.000000
1866557312.000000
5538511.000000
7975458.000000
10855487.000000
1898193408.000000
14178597.000000
17944790.000000
1930095360.000000
5538511.000000
7975458.000000
10855487.000000
1962263168.000000
14178597.000000
17944790.000000
8972395.000000
1994696704.000000
5427743.500000
5427743.500000
18634966.000000
5427743.500000
8972395.000000
19532492.000000
5538511.000000
7975458.000000
10855487.000000
23077146.000000
14178597.000000
26917182.000000
5538511.000000
7975458.000000
10855487.000000
21497954.000000
14178597.000000
17944790.000000
17944790.000000
5427743.500000
8972395.000000
24565440.000000
8972395.000000
8972395.000000
27837428.000000
31313910.000000
5427743.500000
8972395.000000
34994896.000000
5427743.500000
8972395.000000
38880380.000000
5427743.500000
8972395.000000
2401947136.000000
132948336.000000
647534720.000000
696331008.000000
746899520.000000
2000866.000000
2000866.000000
2000866.000000
2000866.000000
2000866.000000
2000866.000000
2000866.000000
2000866.000000
3612145.250000
6135725.000000
2000866.000000
1593100.750000
3612145.250000
6135725.000000
3612145.250000
6135725.000000
2578994.000000
3801206.750000
5259739.000000
2000866.000000
6954590.500000
8885761.000000
2000866.000000
799240768.000000
2000866.000000
2513201.500000
2000866.000000
2000866.000000
11053252.000000
13457062.000000
16097191.000000
18973640.000000
141489040.000000
4327135.500000
7539604.500000
11638271.000000
16623137.000000
22494204.000000
29251468.000000
36894932.000000
45424592.000000
22086414.000000
54840452.000000
25435496.000000
29020910.000000
2000866.000000
4327135.500000
32842630.000000
36900684.000000
41195044.000000
45725736.000000
150295664.000000
7539604.500000
50492732.000000
11638271.000000
16623137.000000
22494204.000000
29251468.000000
36894932.000000
45424592.000000
54840452.000000
65142508.000000
76330768.000000
88405200.000000
65142508.000000
76330768.000000
88405200.000000
4327135.500000
9323952.000000
4327135.500000
13176826.000000
853354240.000000
15183946.000000
17981012.000000
21014400.000000
24284108.000000
27790134.000000
31532480.000000
3294211.500000
5719138.500000
3294211.500000
8808714.000000
5719138.500000
5719138.500000
8808714.000000
12562939.000000
8808714.000000
12562939.000000
16981814.000000
12562939.000000
5516334.000000
6953377.000000
5516334.000000
21095158.000000
30628868.000000
576490.875000
2030432.750000
4370588.000000
7596958.000000
11709541.000000
568620.812500
2015639.250000
4348871.500000
7568317.000000
13753388.000000
21621988.000000
11673976.000000
31263012.000000
42676464.000000
680402.562500
2700557.250000
6060505.000000
10760247.000000
16799782.000000
507607.093750
55862340.000000
1899237.375000
70820640.000000
4177081.250000
7341139.000000
11391410.000000
16665849.000000
22543936.000000
29308234.000000
36958748.000000
45495476.000000
87551368.000000
106054520.000000
37094524.000000
49447848.000000
680403.062500
2700559.750000
6060510.500000
10760255.000000
63573596.000000
16799794.000000
79471768.000000
97142368.000000
16306886.000000
22126124.000000
28831574.000000
116585392.000000
137800848.000000
36423240.000000
44901116.000000
54265208.000000
64515512.000000
5482711.000000
9043141.000000
46387248.000000
60096720.000000
13489785.000000
75578616.000000
18822642.000000
25041714.000000
32146998.000000
40138496.000000
1195526.625000
3094306.500000
5879300.000000
9550507.000000
92832936.000000
111859688.000000
14107928.000000
132658856.000000
155230480.000000
21918684.000000
28594710.000000
36156948.000000
44605400.000000
53940068.000000
2278411.000000
179574464.000000
205690960.000000
4731074.000000
1355408.500000
8069951.000000
12295042.000000
5369331.000000
17738956.000000
64160948.000000
75268032.000000
87261336.000000
100140856.000000
233579792.000000
263241136.000000
113906592.000000
23403864.000000
294674816.000000
327881024.000000
30287596.000000
38057540.000000
46713700.000000
56256072.000000
128558536.000000
144096704.000000
160521072.000000
177831664.000000
196028464.000000
215111472.000000
362859552.000000
399610624.000000
235080704.000000
438133984.000000
478429920.000000
19551562.000000
25881410.000000
33097472.000000
41199748.000000
50188236.000000
69419440.000000
80954936.000000
93376624.000000
106684552.000000
141084704.000000
164334368.000000
120878672.000000
19499856.000000
25821916.000000
189356480.000000
216150992.000000
33030188.000000
41124676.000000
50105372.000000
59972288.000000
70725408.000000
244717968.000000
275057312.000000
14695027.000000
20241648.000000
26674484.000000
307169152.000000
33993532.000000
42198796.000000
135959024.000000
151925568.000000
168778352.000000
186517312.000000
341053344.000000
376710048.000000
205142528.000000
61262880.000000
113335152.000000
23722574.000000
134265232.000000
30650012.000000
38463664.000000
47163528.000000
56749604.000000
72126344.000000
156967728.000000
83876048.000000
181442656.000000
96511928.000000
110034056.000000
124442368.000000
139736928.000000
446790.593750
1779787.250000
58927436.000000
43246152.000000
74266640.000000
3998997.500000
7104421.000000
11096058.000000
91378280.000000
110262336.000000
15973909.000000
21737974.000000
130918824.000000
153347728.000000
177549056.000000
203522832.000000
5242619.000000
8734030.000000
13111655.000000
21282102.000000
445054.187500
1776320.125000
33249230.000000
231269008.000000
52444292.000000
62528648.000000
260787648.000000
73499208.000000
85356008.000000
98098992.000000
111728216.000000
1228626.375000
81285536.000000
35411308.000000
99146592.000000
3147420.000000
5952427.000000
9643648.000000
14221083.000000
19684732.000000
26034594.000000
43776788.000000
118780072.000000
53028480.000000
140185984.000000
63166388.000000
74190504.000000
86100856.000000
98897392.000000
33270670.000000
41392960.000000
50401464.000000
60296180.000000
163364288.000000
112580168.000000
188315088.000000
71077104.000000
215038240.000000
127149128.000000
142604336.000000
243533888.000000
158945712.000000
176173360.000000
194287168.000000
76460584.000000
58293364.000000
93810136.000000
23824400.000000
30765740.000000
38593292.000000
47307060.000000
56907040.000000
68901152.000000
80395152.000000
92775352.000000
106041792.000000
112932112.000000
133826512.000000
120194424.000000
135233296.000000
156493360.000000
151158352.000000
67393232.000000
167969648.000000
185667136.000000
204250864.000000
223720768.000000
180932592.000000
78765632.000000
91024248.000000
104169088.000000
118200128.000000
207144304.000000
244076928.000000
133117400.000000
235128384.000000
148920864.000000
265319264.000000
264884944.000000
296413888.000000
287447872.000000
310462656.000000
334363616.000000
359150816.000000
165610576.000000
183186464.000000
201648592.000000
220996912.000000
329715296.000000
364789088.000000
241231472.000000
384824288.000000
401635360.000000
440253984.000000
411383904.000000
438829760.000000
467161792.000000
496380128.000000
526484608.000000
262352208.000000
480645120.000000
284359200.000000
307252448.000000
331031744.000000
355697408.000000
381249216.000000
522808608.000000
557475264.000000
589352192.000000
622115392.000000
655764736.000000
566744448.000000
612452928.000000
690300224.000000
659933696.000000
725721984.000000
709187008.000000
762030080.000000
799224256.000000
837304640.000000
876271232.000000
760212480.000000
916124160.000000
407687328.000000
813010624.000000
435011488.000000
463222016.000000
492318688.000000
522301632.000000
553170624.000000
956863168.000000
998488448.000000
1040999872.000000
1084397696.000000
867581120.000000
923924160.000000
1128681600.000000
982039296.000000
584926016.000000
1041927232.000000
617567552.000000
651095360.000000
685509184.000000
720809472.000000
443564.750000
1773343.375000
1558655.875000
3663871.250000
291755008.000000
6655301.000000
10532944.000000
324800704.000000
198517088.000000
359618688.000000
15296801.000000
396209248.000000
217718048.000000
304977024.000000
434572096.000000
328669728.000000
353248832.000000
378714112.000000
405065632.000000
1291605.875000
3247748.750000
432303200.000000
460427136.000000
237805232.000000
474707520.000000
258778624.000000
489437280.000000
280638208.000000
303384032.000000
327016032.000000
351534304.000000
516615232.000000
560295488.000000
519333664.000000
605748096.000000
550116032.000000
581784832.000000
614339840.000000
647781120.000000
376938816.000000
403229440.000000
430406304.000000
458469440.000000
652973056.000000
701970624.000000
487418784.000000
682108352.000000
664786.687500
752740480.000000
517254272.000000
2658988.750000
5982606.000000
10635637.000000
805282880.000000
16618084.000000
547976000.000000
579584000.000000
612078208.000000
645458560.000000
859597504.000000
679725056.000000
915684800.000000
714877952.000000
196960544.000000
258294080.000000
216087808.000000
289439392.000000
236101328.000000
257001008.000000
278786944.000000
301459104.000000
359537.218750
89265120.000000
107940224.000000
128387816.000000
333001.000000
1329469.250000
664705.687500
1329469.250000
1330684.500000
118635.773438
2658806.750000
473603.125000
1064902.500000
1892533.875000
2956497.250000
3510725.750000
4256793.000000
664705.687500
2658806.750000
443236.187500
664933.937500
2253313.250000
443236.187500
443236.187500
443290.250000
2700993.750000
150607920.000000
443236.187500
997196.687500
51769404.000000
443236.187500
5793421.000000
7566380.500000
9575672.000000
11821296.000000
532834.937500
443885.656250
1774017.250000
3990395.500000
7093020.500000
11081892.000000
15957009.000000
21718374.000000
28365984.000000
35899840.000000
14303252.000000
44319944.000000
17021540.000000
443885.656250
1774017.250000
19976158.000000
23167106.000000
26594394.000000
30258012.000000
34157964.000000
38294240.000000
3990395.500000
1198062.500000
7093020.500000
11081892.000000
15957009.000000
21718374.000000
28365984.000000
35899840.000000
44319944.000000
53626296.000000
63818892.000000
74897736.000000
53626296.000000
63818892.000000
74897736.000000
1772827.000000
2993294.750000
5320425.500000
1772827.000000
50091456.000000
3575169.750000
4993282.000000
6647727.000000
10635181.000000
16617467.000000
23929148.000000
748015.687500
748015.687500
1329737.375000
2991633.750000
2077549.000000
2077549.000000
4071767.500000
5318215.500000
4071767.500000
6730672.000000
8309482.000000
6730672.000000
3510629.500000
4071513.750000
3510629.500000
3334645.250000
7659110.500000
664697.875000
13756079.000000
2658793.000000
5982285.500000
7647565.500000
21625548.000000
31267518.000000
11772447.000000
1459910.250000
1413767.750000
1168438.500000
1329383.250000
324160.625000
833761.562500
1579696.625000
2561966.000000
3780569.250000
5235507.000000
2690858.500000
6665678.500000
489279.562500
1863677.125000
4124335.500000
489279.562500
1863677.125000
4124335.500000
4983218.500000
134500.484375
4233596.000000
8993910.000000
15526745.000000
411908.531250
396609.750000
947751.375000
1735229.000000
1484246.500000
2759042.500000
444861.656250
4019192.000000
5515678.000000
1329390.500000
1329390.500000
1329390.500000
5317565.000000
446597.781250
1329390.250000
5317565.000000
1329390.500000
444861.656250
447040.687500
444861.656250
462035.875000
445729.250000
444861.656250
23832102.000000
597377.062500
446597.781250
444861.656250
2826108.500000
5507395.500000
9074945.000000
13528755.000000
18868824.000000
665390.187500
7248499.500000
9217657.000000
11423150.000000
14180196.000000
22156560.000000
31905448.000000
25095158.000000
32207752.000000
40206608.000000
49091724.000000
58863104.000000
2826108.500000
5507395.500000
11964524.000000
21270268.000000
33234796.000000
47858108.000000
65140208.000000
22608478.000000
1201126.125000
25995656.000000
29619158.000000
33479008.000000
37575184.000000
41907708.000000
85081088.000000
107680752.000000
132939208.000000
69520744.000000
81064648.000000
93494808.000000
69520744.000000
81064648.000000
93494808.000000
1779450.625000
3229368.000000
5633690.000000
1779450.625000
46476552.000000
51281748.000000
56323264.000000
61601132.000000
67115320.000000
72865864.000000
11440135.000000
665708.812500
6930733.000000
12773920.000000
20389704.000000
692959.000000
693638.312500
692959.000000
692959.000000
1368673.875000
3049950.750000
998381.375000
692959.000000
776313.687500
692959.000000
776313.687500
2658942.000000
6139702.500000
7961455.500000
10019554.000000
12313998.000000
14844788.000000
17611924.000000
2124580.750000
692959.000000
29778082.000000
737748.187500
998381.375000
692959.000000
693229.687500
698277.312500
692959.000000
9505268.000000
20615404.000000
23855230.000000
27331404.000000
31043914.000000
34992780.000000
1006459.062500
39177988.000000
14053170.000000
19487370.000000
25807868.000000
33014660.000000
43599544.000000
41107756.000000
50087148.000000
59952840.000000
70704832.000000
2658942.000000
48257444.000000
54266808.000000
66996056.000000
81065224.000000
96474312.000000
82343128.000000
9505268.000000
14053170.000000
19487370.000000
25807868.000000
33014660.000000
41107756.000000
50087148.000000
59952840.000000
70704832.000000
82343128.000000
40939060.000000
94867704.000000
108278600.000000
122575768.000000
94867704.000000
108278600.000000
122575768.000000
2771841.000000
5395949.500000
8406670.000000
2771841.000000
75092136.000000
81168112.000000
87480432.000000
94029096.000000
100814120.000000
107835472.000000
30646856.000000
34571148.000000
38731784.000000
43128772.000000
47762100.000000
52631780.000000
4105575.000000
1703821.750000
1703821.750000
3541221.250000
6774203.500000
3541221.250000
6043343.500000
10107555.000000
6043343.500000
14105629.000000
9210189.000000
9210189.000000
4384513.500000
6023987.500000
4384513.500000
3031887.500000
664740.375000
2658963.000000
5982668.000000
664860.187500
10635856.000000
7196703.500000
13134120.000000
20844140.000000
30326762.000000
11805018.000000
5681632.500000
9298313.000000
1329462.625000
750432.750000
332371.750000
102264.453125
102264.453125
1329462.625000
1329462.625000
5317854.500000
5317854.500000
664745.500000
664745.500000
2658986.000000
5982721.500000
409061.812500
1329491.000000
2991357.750000
5317972.000000
10635952.000000
443152.875000
680489.125000
42883.921875
387320.500000
1023497.812500
1459491.875000
3217854.250000
2827759.500000
6234576.500000
443152.875000
1772615.500000
1023497.812500
635509.000000
2700900.750000
6061276.000000
10761613.000000
221575.437500
16801914.000000
664745.500000
3988387.750000
729745.937500
2831203.750000
6305043.500000
2127132.000000
221575.437500
3323646.250000
4786053.000000
11151266.000000
6514352.500000
664745.500000
332363.906250
8508544.000000
709702.125000
221575.437500
729745.937500
2831203.750000
6305043.500000
2658925.250000
332394.781250
6734374.000000
8759736.000000
10768628.000000
1329567.875000
664745.500000
2991519.250000
664988.937500
102264.453125
409061.812500
920392.062500
1636255.250000
221575.437500
5318248.500000
2363482.500000
3692944.000000
5317842.000000
7238176.000000
664745.500000
2658986.000000
0.000000
2658986.000000
5982721.500000
7090470.000000
706938.812500
5982721.500000
10635952.000000
10635952.000000
750433.312500
11050990.000000
2827761.500000
13608136.000000
16431175.000000
19520106.000000
221575.437500
22874928.000000
26495646.000000
886305.750000
30382252.000000
1329462.625000
1329459.625000
34534756.000000
5317854.500000
10970883.000000
38953144.000000
43637432.000000
2656307.000000
664736.312500
2658944.250000
5982624.000000
10635775.000000
16618398.000000
23930492.000000
7867772.000000
9914442.000000
12197463.000000
14716833.000000
17472554.000000
20464624.000000
23693042.000000
27157814.000000
30858932.000000
34796404.000000
40217500.000000
47862148.000000
48026912.000000
52909784.000000
58029000.000000
63384576.000000
68976488.000000
74804768.000000
80869392.000000
87170344.000000
107687240.000000
132947200.000000
160866112.000000
191443968.000000
122220448.000000
129939520.000000
137894944.000000
146086704.000000
154514816.000000
163179296.000000
172080128.000000
1372509.250000
3375458.000000
6264721.000000
181217280.000000
190590800.000000
10677518.000000
200200672.000000
210046896.000000
220129440.000000
1372509.250000
3375458.000000
6264721.000000
10637108.000000
16620484.000000
23933500.000000
32576154.000000
42548448.000000
53850384.000000
66481956.000000
16683625.000000
13450980.000000
24024422.000000
664764.687500
32699910.000000
6611380.500000
478467.031250
532770.312500
1706743.375000
2039278.125000
230448368.000000
241003648.000000
42710088.000000
251795280.000000
262823216.000000
274087552.000000
665230.812500
54054960.000000
66734520.000000
285588224.000000
297325248.000000
309298592.000000
16258447.000000
321508320.000000
333954400.000000
346636832.000000
359555616.000000
61286140.000000
72152240.000000
83904656.000000
61286140.000000
72152240.000000
83904656.000000
96543368.000000
12339083.000000
110068416.000000
19839408.000000
1807429.125000
124479752.000000
5667993.000000
4223108.500000
447513.718750
25850684.000000
29464588.000000
841358.187500
815654.875000
2189396.000000
447513.718750
447513.718750
447513.718750
8978907.000000
447530.375000
447514.531250
447513.718750
1003646.937500
33314862.000000
447515.875000
37401484.000000
41724480.000000
46283820.000000
447513.718750
371175.187500
1406041.375000
371175.187500
1406041.375000
51079532.000000
56111592.000000
61380028.000000
66884804.000000
72625960.000000
78603464.000000
1781368.000000
15507405.000000
23808604.000000
447513.718750
1045974.437500
8736444.000000
84817312.000000
91267560.000000
97954144.000000
104877088.000000
2418032.250000
13114987.000000
112036368.000000
18379884.000000
24531128.000000
31568726.000000
39492672.000000
48302972.000000
57999624.000000
68582624.000000
80051968.000000
119432056.000000
11937256.000000
16980562.000000
22910222.000000
703325.625000
127064080.000000
134932464.000000
143037184.000000
151378320.000000
159955776.000000
168769600.000000
3684974.250000
29726230.000000
37428592.000000
46017304.000000
55492364.000000
65853780.000000
77101536.000000
89235648.000000
92407672.000000
105649728.000000
119778128.000000
102256112.000000
116162936.000000
130956104.000000
2263097.250000
4227899.500000
6931163.500000
2263097.250000
177819760.000000
187106320.000000
196629232.000000
206388496.000000
216384080.000000
226616096.000000
61947256.000000
67476872.000000
73242856.000000
79245200.000000
85483896.000000
91958944.000000
26404562.000000
30055720.000000
33943244.000000
38067124.000000
42427368.000000
47023972.000000
1524488.750000
762069.000000
762069.000000
2101023.500000
3280543.250000
2101023.500000
4104740.250000
5701361.000000
4104740.250000
6773220.000000
8786941.000000
6773220.000000
4671279.500000
3526113.250000
4238093.500000
3526113.250000
665429.562500
2661071.750000
2195719.500000
5872201.000000
11321399.000000
5986927.500000
7435377.000000
18543314.000000
27537948.000000
11509098.000000
443178.656250
1772718.625000
2291729.000000
4750500.500000
5077744.000000
8095635.000000
12327132.000000
10207086.000000
17109152.000000
17444992.000000
895341.875000
3108732.500000
6656888.500000
11539809.000000
25783942.000000
36231452.000000
17757494.000000
5429723.000000
15611162.000000
7584946.500000
23937186.000000
8975389.000000
13407417.000000
18725808.000000
24930562.000000
34035932.000000
32021672.000000
39999152.000000
48862992.000000
58613196.000000
45907396.000000
69249760.000000
18742128.000000
23295492.000000
4172856.000000
7335840.500000
27780130.000000
11965891.000000
21272698.000000
38590860.000000
33238594.000000
47863576.000000
65147648.000000
85090808.000000
1330840.875000
5320769.500000
30164910.000000
51174308.000000
65530484.000000
37920692.000000
46562832.000000
56091340.000000
66506208.000000
16137186.000000
24890246.000000
21928902.000000
35170600.000000
22498754.000000
28606980.000000
36171420.000000
47223680.000000
44622224.000000
53959388.000000
664770.625000
2659086.500000
5982947.500000
10636354.000000
19162012.000000
18823208.000000
11083883.000000
28290826.000000
9225566.000000
4771598.500000
8123172.000000
12361109.000000
17485410.000000
12966654.000000
8037248.500000
20633330.000000
23496074.000000
30072732.000000
41284864.000000
30393100.000000
38176492.000000
46846244.000000
56402364.000000
66844844.000000
54269716.000000
12255063.000000
69027296.000000
664770.625000
2659086.500000
5982947.500000
10636354.000000
16619306.000000
5430492.000000
8976379.000000
13408629.000000
18727240.000000
85557600.000000
103860632.000000
24932216.000000
123936392.000000
443179.750000
17359240.000000
145784896.000000
1772723.000000
3988629.750000
7090900.000000
11079534.000000
169406080.000000
78173696.000000
90388896.000000
103490480.000000
117478408.000000
194800032.000000
132352720.000000
221966672.000000
250906080.000000
23349784.000000
30226688.000000
37989956.000000
281618176.000000
46639588.000000
56175584.000000
148113360.000000
66597940.000000
314103040.000000
348360576.000000
164760400.000000
182293776.000000
200713552.000000
220019648.000000
240212144.000000
384390880.000000
261290976.000000
422193888.000000
283256160.000000
306107776.000000
329845632.000000
670006.125000
2680028.500000
5428970.000000
8974422.000000
10000310.000000
125779520.000000
147783280.000000
94995152.000000
14653934.000000
20193922.000000
26620272.000000
33932988.000000
171559792.000000
197109008.000000
108415256.000000
122721728.000000
137914560.000000
153993744.000000
170959312.000000
51887364.000000
61921280.000000
72841560.000000
84648208.000000
63381412.000000
79258296.000000
97341200.000000
96907904.000000
110920576.000000
116330240.000000
125386304.000000
140738400.000000
156976848.000000
174101696.000000
2841963.000000
40123268.000000
5529700.000000
12216553.000000
21606486.000000
52936704.000000
52752596.000000
67522864.000000
18911086.000000
4502963.000000
83881760.000000
102013368.000000
7771481.500000
11926363.000000
16967608.000000
22895218.000000
664884.062500
332681.781250
332707.375000
664855.250000
1330202.500000
1330253.250000
1330202.500000
2992562.000000
2992638.250000
2992562.000000
5319761.000000
5319862.000000
5319761.000000
12017918.000000
19432260.000000
28619508.000000
443252.343750
3467181.250000
443238.843750
592570.062500
664838.250000
443238.843750
443238.843750
664863.062500
664870.687500
39579668.000000
443245.593750
443238.843750
2659456.250000
3072937.250000
664863.187500
5983779.500000
8311924.500000
11968826.000000
10637833.000000
16621617.000000
23935130.000000
32578374.000000
42551348.000000
8311798.500000
8311798.500000
11968675.000000
443238.843750
729874.875000
11968675.000000
9576247.000000
443447.531250
11822210.000000
299206.437500
1773349.375000
3989705.500000
7092516.000000
11081781.000000
15957500.000000
21719676.000000
28368304.000000
35903388.000000
14304560.000000
44324924.000000
17023298.000000
19978424.000000
23935130.000000
32578374.000000
42551348.000000
53854052.000000
66486488.000000
831096.625000
443457.687500
1773369.625000
3989736.000000
7092556.000000
11081831.000000
15957560.000000
21719746.000000
28368384.000000
35903476.000000
44325024.000000
1772965.625000
16290568.000000
1772965.625000
21277148.000000
6158436.000000
52312732.000000
66818704.000000
5850268.000000
83097584.000000
9514053.000000
14064292.000000
19500982.000000
101149368.000000
120974064.000000
25824130.000000
11820772.000000
14302978.000000
17021570.000000
19976552.000000
23167918.000000
26595674.000000
15956835.000000
21718898.000000
28367416.000000
15956865.000000
21718930.000000
28367458.000000
13625113.000000
21462264.000000
3748824.750000
31072318.000000
6770098.500000
10677827.000000
15472009.000000
42455284.000000
1654199.250000
55611156.000000
21152644.000000
1329748.125000
1018090.375000
1018090.375000
976990.750000
1774814.375000
2809025.750000
4079624.250000
5586609.500000
7329982.500000
664867.500000
2881472.500000
2659474.000000
4166838.000000
1259849.250000
2211401.000000
664842.375000
332584.281250
1228078.125000
2659482.000000
1329686.750000
332750.218750
1371564.125000
1329686.750000
664869.500000
102281.648438
1329686.750000
443227.656250
332420.187500
5983837.500000
10637936.000000
16621778.000000
1329686.750000
5318751.000000
11967193.000000
692548.187500
23935362.000000
5318751.000000
664899.875000
1772914.375000
3989060.250000
1861683.375000
11967193.000000
2127488.250000
3324203.000000
4786854.500000
6515443.500000
221621.843750
332426.625000
1329710.500000
664869.500000
2991851.750000
7091665.500000
5318850.000000
2659482.000000
961686.875000
5983837.500000
102281.664062
8509969.000000
10770432.000000
443227.593750
221612.796875
664869.500000
2659482.000000
5983837.500000
2659373.500000
332433.750000
10864122.000000
13400908.000000
10637936.000000
409130.593750
664867.500000
920546.812500
1329684.750000
5318751.000000
664842.500000
2659373.500000
5983593.500000
10637502.000000
409130.593750
664855.375000
2659425.000000
5983709.500000
409130.593750
664869.500000
10637708.000000
2659482.000000
5983837.500000
265935.093750
1063744.125000
2393427.250000
4254984.500000
2363879.500000
443227.593750
1636530.375000
3693564.500000
5318735.000000
221612.796875
10637936.000000
7239392.000000
16203631.000000
19272292.000000
22606886.000000
664869.500000
26207422.000000
2659482.000000
30073890.000000
34206300.000000
38604640.000000
1329683.875000
43268924.000000
48199140.000000
221612.796875
886455.187500
886455.187500
1329686.750000
53395296.000000
5318751.000000
13296832.000000
16089169.000000
19147442.000000
2243852.750000
58857384.000000
2918046.250000
22471652.000000
64585416.000000
26061802.000000
29917884.000000
1772914.375000
34039908.000000
38427864.000000
4681616.500000
43081764.000000
1772914.375000
48001596.000000
53187368.000000
3989060.250000
3989060.250000
58639072.000000
64356720.000000
8005839.500000
70340296.000000
11080730.000000
70579376.000000
76839288.000000
4210797.000000
15956253.000000
83365120.000000
9455534.000000
11967163.000000
2243853.500000
90156896.000000
1772914.375000
2557081.250000
3682199.250000
5011884.500000
920546.812500
2374429.500000
3419181.000000
4653887.500000
6078549.000000
16621099.000000
23934386.000000
32577360.000000
42550024.000000
11967193.000000
2991793.750000
2557081.250000
5318751.000000
920546.812500
6546137.500000
76589816.000000
1371564.125000
11967193.000000
5983593.500000
2101749.500000
2745144.250000
3474325.500000
886455.187500
7091665.500000
83105272.000000
89886664.000000
7091665.500000
5540360.000000
7978120.500000
10859111.000000
14183331.000000
96934000.000000
104247256.000000
111826464.000000
1495954.875000
21275012.000000
119671608.000000
6648416.000000
2659478.000000
21718236.000000
28366678.000000
3989060.250000
35901580.000000
1772914.375000
127782696.000000
14774278.000000
12216522.000000
4289293.000000
10637502.000000
97214616.000000
104538248.000000
1994527.125000
136159680.000000
161349712.000000
191974112.000000
4681617.500000
17876878.000000
21274964.000000
9573721.000000
13030901.000000
21275012.000000
24968536.000000
33450294.000000
5318747.000000
21275012.000000
48118420.000000
1636530.375000
65445924.000000
1329686.750000
2659482.000000
8310544.500000
11967187.000000
16288673.000000
21275004.000000
44322940.000000
112127840.000000
119983368.000000
5739936.500000
5190046.500000
6176586.500000
7248913.000000
443227.593750
8407025.000000
128104840.000000
9650924.000000
10980608.000000
12396081.000000
1994527.125000
13897337.000000
15484382.000000
18911084.000000
2557081.250000
42697684.000000
47868684.000000
53335176.000000
59097144.000000
65154612.000000
8005839.500000
71507552.000000
4155437.000000
2557081.250000
1994527.125000
33242208.000000
3989060.250000
78155992.000000
21540882.000000
26593684.000000
32178360.000000
38294908.000000
53630756.000000
8284957.500000
10228345.000000
12376299.000000
14728821.000000
8310544.500000
47868784.000000
11967187.000000
63825036.000000
16621099.000000
74905776.000000
7091665.500000
136492208.000000
17313662.000000
162886368.000000
12216522.000000
85099904.000000
92339312.000000
11080730.000000
86872960.000000
99726624.000000
7505464.000000
145145552.000000
172327120.000000
154064832.000000
163250048.000000
182033824.000000
23297266.000000
192006464.000000
18915828.000000
202245056.000000
172701168.000000
182418256.000000
3545828.750000
20760230.000000
22690420.000000
212749536.000000
223520000.000000
234556384.000000
17950780.000000
22161460.000000
26815368.000000
245858720.000000
31912506.000000
3545828.750000
257426944.000000
269261152.000000
11080730.000000
24706394.000000
26808156.000000
28995706.000000
1994527.125000
23934386.000000
11080730.000000
26926180.000000
7693166.000000
33242198.000000
53852376.000000
66484416.000000
80446144.000000
95737568.000000
3682199.250000
9497738.000000
11492265.000000
40223064.000000
13676748.000000
8284957.500000
10228345.000000
12376299.000000
14728821.000000
5983831.500000
113466728.000000
47868772.000000
3682199.250000
192401280.000000
2991791.750000
202650240.000000
213165120.000000
223945952.000000
5540360.000000
5318743.500000
234992720.000000
246305440.000000
257884048.000000
269728640.000000
8310539.000000
281839136.000000
294215616.000000
11967179.000000
306857984.000000
319766304.000000
332940576.000000
9507380.000000
346380736.000000
360086880.000000
128093312.000000
374058976.000000
388296992.000000
11745684.000000
143606336.000000
15956253.000000
281361312.000000
99874192.000000
17313662.000000
293727392.000000
30167326.000000
402800928.000000
107704576.000000
417570816.000000
432606656.000000
0.000000
447908320.000000
16288662.000000
0.000000
463476032.000000
479309664.000000
21274990.000000
495409248.000000
0.000000
511774752.000000
528406208.000000
0.000000
545303616.000000
562466944.000000
26926162.000000
33242176.000000
579896064.000000
597591296.000000
0.000000
0.000000
160005840.000000
615552448.000000
633779520.000000
14220377.000000
177291776.000000
21718236.000000
115830440.000000
124251768.000000
23297266.000000
306359360.000000
319257312.000000
37923844.000000
652272512.000000
671031424.000000
690056320.000000
664869.500000
709347136.000000
728903808.000000
40223036.000000
1336189.125000
748726528.000000
2659482.000000
768815104.000000
47868740.000000
94982.375000
789169728.000000
809790208.000000
830676672.000000
379933.437500
0.000000
851829056.000000
873247360.000000
56179280.000000
894931456.000000
916881664.000000
939097792.000000
16931458.000000
195464208.000000
28366678.000000
132968608.000000
214523056.000000
30167326.000000
332421216.000000
345850976.000000
46566824.000000
961579840.000000
141980944.000000
65154676.000000
251835408.000000
263541776.000000
0.000000
275514112.000000
21274990.000000
0.000000
287752448.000000
26926162.000000
300256672.000000
0.000000
313026784.000000
326062880.000000
339364928.000000
0.000000
352932896.000000
366766784.000000
33242176.000000
380866656.000000
395232416.000000
0.000000
0.000000
2991921.000000
409864128.000000
424761888.000000
40223036.000000
113838776.000000
121753008.000000
456711.593750
999565.375000
1799788.625000
3768668.500000
4029332.500000
7145343.500000
11147821.000000
16036765.000000
21812174.000000
28474052.000000
36022396.000000
8310704.000000
14625674.000000
44457204.000000
444965.125000
444233.531250
1774934.500000
3992103.500000
7095740.500000
8143610.000000
14403732.000000
11085845.000000
445656.531250
22436790.000000
32242782.000000
1777777.750000
3996367.000000
7101424.000000
11092949.000000
443475.531250
1773419.000000
3989830.500000
7092709.500000
43821704.000000
57173564.000000
11082057.000000
455275.218750
1796941.000000
443666.593750
5433868.000000
8980962.000000
4025078.000000
7139686.500000
1111567.750000
3559745.000000
7999127.500000
14211518.000000
561233.375000
443359.312500
333574.062500
333574.062500
1332025.000000
141336.531250
1332025.000000
518040.437500
443359.312500
1131145.125000
1980650.250000
3066556.250000
4388863.000000
664908.000000
2659636.000000
664908.000000
664908.000000
2002203.500000
664908.000000
1170665.000000
664908.000000
443359.312500
22196922.000000
675393.562500
692715.687500
1778994.000000
443467.500000
5947571.000000
7742679.500000
11967826.000000
21276138.000000
33243968.000000
795327.125000
1329757.125000
5319032.500000
11967826.000000
21276138.000000
33243968.000000
47871316.000000
65158184.000000
85104568.000000
107710472.000000
47871316.000000
132975896.000000
675334.437500
65158184.000000
85104568.000000
107710472.000000
132975896.000000
160900832.000000
191485296.000000
1773008.250000
2680441.750000
6015362.500000
10680095.000000
16674642.000000
23999004.000000
32653176.000000
42637164.000000
53950964.000000
66594580.000000
54417332.000000
64683140.000000
75835448.000000
54263956.000000
64515916.000000
75654376.000000
1773441.250000
2002020.000000
2995840.500000
5324209.500000
43091320.000000
47723232.000000
52591556.000000
57696268.000000
63037396.000000
68614904.000000
1330888.875000
2993894.250000
1330888.875000
2993650.500000
5321614.500000
2993650.500000
8314214.000000
5321290.500000
5321290.500000
8313808.500000
11971691.000000
8313808.500000
985833.375000
392030.843750
1842941.000000
2992093.500000
1446486.625000
5319280.000000
8311377.500000
11968386.000000
3165821.750000
10117742.000000
12570555.000000
664909.000000
15289319.000000
18274034.000000
21524704.000000
25041316.000000
5550036.000000
354603.156250
28823888.000000
32872402.000000
332460.406250
40227104.000000
56184968.000000
8599131.000000
1418411.000000
3191423.750000
74802472.000000
96079624.000000
1329845.625000
120016416.000000
146612848.000000
12313105.000000
16691960.000000
5830561.000000
7609093.500000
9624027.000000
11875361.000000
16635532.000000
23952050.000000
4073369.000000
5320320.500000
4073369.000000
5499051.500000
7342278.000000
1527734.250000
4741806.500000
665897.687500
9728924.000000
443259.781250
16489087.000000
25022296.000000
35328552.000000
664938.187500
443259.781250
664938.187500
47407852.000000
443259.781250
1329939.750000
61260212.000000
76885600.000000
94284040.000000
1168882.625000
113455528.000000
134400064.000000
443259.781250
664923.000000
1168882.625000
157117648.000000
664923.000000
181608240.000000
664923.000000
207871952.000000
443259.781250
235908624.000000
665897.687500
500406.031250
568835.000000
478567.875000
265718432.000000
664923.000000
297301184.000000
561211.125000
330657088.000000
500406.031250
365785920.000000
500406.031250
500406.031250
402687936.000000
664923.000000
441362848.000000
500406.031250
481810944.000000
967843.812500
524031968.000000
686337.687500
568026112.000000
613793344.000000
664923.000000
661333504.000000
221628.890625
710646848.000000
761733056.000000
443259.781250
814592512.000000
665897.687500
869224832.000000
443259.781250
925630528.000000
443260.625000
332471.781250
664923.000000
443259.781250
443259.781250
1329888.125000
686353.937500
2659696.000000
189966.906250
332444.343750
664923.000000
1329781.375000
443259.781250
5984319.000000
10638792.000000
2956695.000000
664923.000000
16623115.000000
664923.000000
23937288.000000
1182182.375000
189966.906250
4343747.000000
686406.312500
2659696.000000
448822.125000
5984319.000000
667513.437500
221628.890625
10638792.000000
32581312.000000
443259.781250
664890.687500
443259.781250
42555184.000000
665897.687500
16623115.000000
5996753.500000
1601356.750000
10638275.000000
445426.812500
448822.125000
222278.656250
1601356.750000
16622307.000000
23936124.000000
1462660.625000
3463144.750000
3463144.750000
443259.781250
269080.000000
221628.890625
1070063.250000
444559.343750
222278.656250
32579728.000000
6034186.000000
222061.953125
445426.812500
443259.781250
7111561.000000
42553116.000000
53856288.000000
1464233.750000
6034186.000000
9314481.000000
224233.734375
891721.562500
1329783.375000
1329783.375000
1329783.375000
1329783.375000
443259.781250
2002471.250000
3556482.750000
1329783.375000
1329783.375000
664923.000000
221628.890625
443259.781250
664923.000000
664923.000000
2659696.000000
667500.437500
5984319.000000
707127.125000
10638792.000000
443259.781250
16623115.000000
189966.906250
110922.710938
332454.093750
443694.843750
420769.687500
998316.437500
443259.781250
23937288.000000
443259.781250
32581312.000000
66489248.000000
443259.781250
334395.093750
443259.781250
1333680.000000
80451992.000000
1337586.375000
443259.781250
443259.781250
664905.875000
95744520.000000
112366840.000000
664905.875000
1774787.500000
2773107.750000
443259.781250
672705.250000
130318936.000000
149600800.000000
170212496.000000
443259.781250
192153952.000000
443259.781250
215425200.000000
443259.781250
240026192.000000
664905.500000
265957040.000000
293217632.000000
321808032.000000
443259.781250
351728128.000000
443259.781250
443259.781250
382978144.000000
443259.781250
443259.781250
443259.781250
415557888.000000
443259.781250
449467456.000000
443259.781250
443259.781250
484706720.000000
664902.625000
521275744.000000
443259.781250
559174720.000000
598403328.000000
638961792.000000
664907.125000
680849984.000000
443259.781250
724068096.000000
664923.000000
664923.000000
768615936.000000
750633.750000
750613.875000
666211.562500
2828441.750000
6236080.500000
750633.750000
10973529.000000
709214.000000
664890.687500
17040790.000000
443692.781250
24437862.000000
199317776.000000
33164748.000000
666867.187500
43221440.000000
443259.781250
54607948.000000
443259.781250
67324264.000000
665566.812500
81370392.000000
443259.781250
443259.781250
96746328.000000
664891.312500
113452048.000000
664890.687500
131487640.000000
209747344.000000
150852976.000000
664901.625000
665891.687500
1896765.000000
220442848.000000
3716230.250000
664923.000000
664923.000000
751385.500000
2659696.000000
664923.000000
5984319.000000
664975.812500
10638792.000000
664923.000000
16623115.000000
23937288.000000
231404304.000000
446729.531250
443259.781250
452834.125000
242631744.000000
664923.000000
254125136.000000
664890.687500
1792140.625000
664890.687500
668792.187500
265884448.000000
277909728.000000
664890.687500
664890.687500
2659566.750000
443259.781250
664890.687500
1254107.500000
997336.000000
498666.500000
1385188.000000
2072733.625000
2714971.500000
4488016.500000
75689528.000000
2770381.000000
6704323.500000
997336.000000
2770381.000000
1331730.000000
997336.000000
2770381.000000
2994933.750000
997336.000000
2770381.000000
1501855.000000
1925931.375000
1330432.625000
5320436.500000
5319137.500000
1329783.375000
5319137.500000
1329986.375000
5319543.500000
11968062.000000
1331082.375000
5321734.500000
21276558.000000
997336.000000
2770381.000000
82167600.000000
997336.000000
2770381.000000
997336.000000
997336.000000
2770381.000000
88911608.000000
2770381.000000
95921592.000000
103197536.000000
997336.000000
110739408.000000
118547264.000000
997336.000000
2770381.000000
126621072.000000
997336.000000
2770381.000000
134960832.000000
997336.000000
2770381.000000
997336.000000
2770381.000000
143566528.000000
3095941.750000
2770381.000000
498666.500000
997336.000000
4323731.500000
1385188.000000
2770381.000000
997336.000000
2770381.000000
6867340.500000
997336.000000
2770381.000000
8577615.000000
427427.031250
1187300.625000
2327112.000000
5756104.000000
3846861.250000
10477858.000000
7393058.500000
5746548.000000
498666.500000
1385188.000000
2992158.750000
9234595.000000
5319396.000000
8311559.000000
11280714.000000
2714971.500000
4488016.500000
6704323.500000
8026172.000000
997336.000000
152438208.000000
997336.000000
161575856.000000
170979440.000000
1358820.875000
2770381.000000
2770381.000000
2770381.000000
180648960.000000
427427.031250
997336.000000
190584464.000000
1187300.625000
2327112.000000
1254107.500000
3846861.250000
5746548.000000
2659627.500000
8026172.000000
2992161.750000
2770381.000000
200785920.000000
8311564.000000
2992161.750000
8311564.000000
997336.000000
2770381.000000
211253328.000000
997336.000000
2770381.000000
221986672.000000
997336.000000
232986000.000000
2992161.750000
2770381.000000
244251280.000000
255782528.000000
13464722.000000
8311564.000000
267579696.000000
1496078.250000
20113970.000000
279642848.000000
2992161.750000
8311564.000000
4155776.250000
748244.750000
3095941.750000
2078190.625000
4073028.500000
4323731.500000
6732759.500000
10057383.000000
1496005.500000
5756104.000000
4155574.250000
7393058.500000
8144928.500000
13464068.000000
20112992.000000
28091700.000000
9234595.000000
498666.500000
1385188.000000
2992158.750000
1066013.250000
260940128.000000
2884080.750000
1039329.875000
2840082.250000
292245664.000000
997336.000000
1023517.312500
325324288.000000
3546176.750000
360175904.000000
1039329.875000
2813903.500000
2840082.250000
396800640.000000
1039329.875000
4488016.500000
6704323.500000
11280714.000000
1082189.375000
435198336.000000
1082324.875000
2910649.500000
475369152.000000
517312960.000000
1039329.875000
2840082.250000
561029888.000000
2840082.250000
2910871.500000
2992161.750000
2992161.750000
8311564.000000
606519744.000000
1049962.250000
2857640.750000
653782784.000000
8311564.000000
702818816.000000
1527402.625000
2992161.750000
753627776.000000
8311564.000000
16290668.000000
26929474.000000
806209920.000000
860565120.000000
4207868.000000
916693376.000000
40227980.000000
1496078.250000
1248033.750000
974594432.000000
1329781.375000
997336.000000
2770381.000000
2992011.000000
1497296.250000
4158618.500000
2560264.000000
997336.000000
2770381.000000
1034268800.000000
2868738.500000
5154334.500000
1095716224.000000
8104821.500000
8218178.000000
11720199.000000
1158936576.000000
8145324.500000
13464722.000000
4155776.250000
13558333.000000
997336.000000
1223929856.000000
1290696448.000000
498666.500000
1385188.000000
1359235968.000000
2714971.500000
4488016.500000
6704323.500000
2770381.000000
2992161.750000
20228332.000000
2992161.750000
8311564.000000
1429548672.000000
2992161.750000
8311564.000000
1501634048.000000
997336.000000
2770381.000000
1575492736.000000
8311564.000000
1651124480.000000
2992161.750000
1496005.500000
1496039.750000
1728529280.000000
1496034.375000
4155654.500000
1807707008.000000
2992161.750000
8311564.000000
1888657920.000000
2992161.750000
4155669.250000
1971381760.000000
1087611.500000
2919537.000000
3686063.000000
997336.000000
2770381.000000
5016444.000000
8311564.000000
8311564.000000
498991.218750
498666.500000
291971936.000000
1385729.125000
2715729.250000
304567008.000000
4488991.000000
1385188.000000
6705514.000000
2714971.500000
1614947.625000
4488016.500000
6704323.500000
317428000.000000
3750361.250000
1640585.250000
997336.000000
2770381.000000
1998569.750000
330554976.000000
343947840.000000
427427.031250
1254896.250000
2879140.250000
2992161.750000
6551407.000000
2992161.750000
8311564.000000
1329781.375000
997336.000000
2770381.000000
2992011.000000
997336.000000
8311564.000000
8290952.500000
2770381.000000
1329847.000000
2992158.750000
357606752.000000
5319396.000000
8311559.000000
11968647.000000
371531552.000000
1639047.125000
2560264.000000
997336.000000
2770381.000000
3686063.000000
997336.000000
2770381.000000
6079006.000000
997336.000000
997336.000000
9498449.000000
2770381.000000
385722400.000000
498666.500000
1385188.000000
997336.000000
2770381.000000
2770381.000000
997336.000000
999934.937500
2714971.500000
499803.468750
1387082.625000
400179136.000000
2717623.250000
4491425.500000
6708490.000000
1498928.875000
2770381.000000
1333680.000000
997336.000000
2770381.000000
2997857.750000
997336.000000
2770381.000000
1782579.125000
2774711.250000
13677769.000000
4488016.500000
18616964.000000
1817811.625000
1614121.625000
499153.593750
1385999.750000
2707719.500000
2992158.750000
5319396.000000
8311559.000000
4040810.000000
998959.937500
2773087.000000
6236250.500000
998959.937500
2773087.000000
3551282.500000
997336.000000
2770381.000000
6704323.500000
3749102.500000
3002075.500000
10973830.000000
997336.000000
499153.593750
2770381.000000
1385999.750000
2992158.750000
5319396.000000
8311559.000000
5984323.500000
998310.187500
2772004.500000
10638800.000000
498666.500000
1385188.000000
1066939.750000
2714971.500000
4488016.500000
6704323.500000
2659628.000000
5984166.000000
3103866.250000
997336.000000
2770381.000000
3876541.000000
997336.000000
2770381.000000
5984323.500000
997336.000000
2770381.000000
997336.000000
997336.000000
10638800.000000
997336.000000
16623128.000000
2770381.000000
997336.000000
997336.000000
23937306.000000
499316.000000
1386270.500000
32581336.000000
2716486.500000
4489964.500000
6706704.000000
42555216.000000
2770381.000000
2770381.000000
53858948.000000
997336.000000
2770381.000000
66492532.000000
2770381.000000
80455960.000000
95749248.000000
2770381.000000
997336.000000
1329783.375000
2770381.000000
5319137.500000
414901888.000000
11968062.000000
21276558.000000
429890496.000000
1329783.375000
5319137.500000
11968062.000000
445145184.000000
21276558.000000
33244624.000000
460665632.000000
1329790.875000
33244624.000000
476452224.000000
5319152.500000
112372368.000000
997336.000000
2770381.000000
997336.000000
2770381.000000
130325368.000000
149608224.000000
997336.000000
1329783.375000
5319137.500000
492504640.000000
2770381.000000
1329783.375000
170220896.000000
5319137.500000
2055878784.000000
997336.000000
1039329.875000
2142148608.000000
997336.000000
2770381.000000
2230191616.000000
2840082.250000
2770381.000000
2320007168.000000
1497416.125000
2868738.500000
2992081.250000
5319258.000000
5154334.500000
8104821.500000
11720199.000000
2411596800.000000
1496005.500000
650026112.000000
698923648.000000
749594240.000000
2244016.750000
802037888.000000
4681963.500000
8006437.500000
12217438.000000
17314966.000000
856254720.000000
34962124.000000
242509616.000000
272721792.000000
304707104.000000
1194569.125000
1181810.750000
2051983.750000
4036345.750000
2051983.750000
4036345.750000
675375.562500
2680604.750000
6015728.500000
10680747.000000
16675660.000000
24000468.000000
1181810.750000
1181810.750000
1188889.750000
1181810.750000
338465472.000000
1181810.750000
1181810.750000
1181810.750000
2077879.125000
4072632.000000
1194570.250000
1181810.750000
1193183.875000
1184639.625000
1193148.375000
1329831.500000
5319330.000000
11968496.000000
21277328.000000
33245828.000000
39407580.000000
7566610.000000
9576299.000000
11822401.000000
14304918.000000
17023848.000000
19979192.000000
1322373.625000
3296898.000000
6493636.500000
11314517.000000
17465294.000000
24945970.000000
33756544.000000
43897016.000000
55367384.000000
68167656.000000
44119008.000000
20059824.000000
23170948.000000
26599122.000000
30263704.000000
34164708.000000
38302116.000000
26467018.000000
33760768.000000
41941076.000000
51007936.000000
42675948.000000
60962620.000000
71802688.000000
83529336.000000
60961352.000000
71801320.000000
83527856.000000
3090931.250000
6732299.500000
10056882.000000
3093217.750000
47286184.000000
52132844.000000
57215908.000000
62535396.000000
68091288.000000
73883600.000000
79912328.000000
86177448.000000
92679008.000000
99416968.000000
106391368.000000
113602136.000000
121049376.000000
128732992.000000
136653056.000000
144809472.000000
153202352.000000
161831616.000000
170697328.000000
179799408.000000
189137936.000000
198712864.000000
208524240.000000
218571952.000000
228856160.000000
239376736.000000
250133760.000000
261127136.000000
272356992.000000
283823232.000000
295525920.000000
307464928.000000
319640448.000000
340437312.000000
384321856.000000
430865984.000000
480069856.000000
531933312.000000
586456512.000000
643639296.000000
703481856.000000
765984000.000000
831145920.000000
898967360.000000
969448448.000000
1042589440.000000
1118389888.000000
1196850048.000000
1277969792.000000
1361749504.000000
1448188672.000000
1537287424.000000
1629045888.000000
1723464192.000000
1820541952.000000
1920279424.000000
2022676480.000000
2127733632.000000
2235450112.000000
2345826048.000000
2458861824.000000
2574557696.000000
2692912640.000000
2813927424.000000
2937602048.000000
3063936512.000000
96142520.000000
109642280.000000
124028568.000000
139301440.000000
155460848.000000
874273152.000000
894723200.000000
915409600.000000
936332352.000000
172506832.000000
49096392.000000
190439344.000000
209258432.000000
228964048.000000
249556256.000000
5875270.500000
373997024.000000
3077226.750000
411301600.000000
96140928.000000
109640576.000000
124026760.000000
271035008.000000
293400352.000000
957491456.000000
316652192.000000
978887104.000000
139299520.000000
155458816.000000
172504688.000000
5856371.000000
5878422.000000
14046376.000000
18700788.000000
1000519232.000000
1022387712.000000
1044492480.000000
1066833856.000000
1089411584.000000
1112225664.000000
54339752.000000
190437104.000000
450379360.000000
209256080.000000
228961600.000000
249553696.000000
271032320.000000
293397536.000000
1135276032.000000
1158563072.000000
1182086400.000000
1205846144.000000
1229842304.000000
1254075008.000000
316649344.000000
91453864.000000
104631288.000000
325812256.000000
338342304.000000
16406078.000000
351108736.000000
364111616.000000
377350880.000000
118695224.000000
19493194.000000
390826496.000000
133645752.000000
91453096.000000
149482800.000000
104630448.000000
118694344.000000
133644808.000000
149481824.000000
2077862.375000
6732277.500000
14046360.000000
24020110.000000
36653524.000000
404538624.000000
51946608.000000
166206448.000000
418487040.000000
166205392.000000
432672000.000000
447093344.000000
461751104.000000
476645280.000000
491775872.000000
507142784.000000
522746208.000000
22846270.000000
183816608.000000
202313360.000000
221696624.000000
241966512.000000
263122880.000000
285165856.000000
538585984.000000
183815520.000000
554662208.000000
308095424.000000
69899368.000000
90511784.000000
113783872.000000
570974848.000000
202312192.000000
221695440.000000
241965232.000000
263121568.000000
285164512.000000
308093952.000000
547119.187500
508118.812500
1329924.250000
587523968.000000
604309440.000000
621331328.000000
638589568.000000
656084288.000000
673815360.000000
691782912.000000
709986880.000000
728427264.000000
747104064.000000
766017344.000000
785166848.000000
804552896.000000
824175232.000000
844034112.000000
864129408.000000
884461120.000000
905029248.000000
925833792.000000
946874560.000000
968151936.000000
989665600.000000
1011415808.000000
1033402368.000000
1055625408.000000
1078084864.000000
1100780672.000000
1123712768.000000
1146881536.000000
1170286464.000000
1193927936.000000
1217806080.000000
1241920384.000000
1266270848.000000
1290857984.000000
1315681536.000000
1340741504.000000
1366037888.000000
1391570816.000000
1417339648.000000
1443345280.000000
1469587328.000000
1496065920.000000
1522780800.000000
1549732096.000000
1576919808.000000
1604343936.000000
1632004480.000000
1659901440.000000
1688034432.000000
1716404224.000000
1745010432.000000
1773853056.000000
1802932096.000000
1832247552.000000
1861799040.000000
1891587328.000000
1921612032.000000
1951873152.000000
1982370688.000000
2013104512.000000
2044074880.000000
2075281664.000000
2106724864.000000
2138404480.000000
2170320128.000000
2202472448.000000
2234861312.000000
2267486464.000000
2300348160.000000
2333446400.000000
2366780416.000000
2400351232.000000
2434158592.000000
2468202240.000000
2502482432.000000
2536998912.000000
2571751936.000000
2606741504.000000
2641967104.000000
2677429504.000000
2713127680.000000
2749062656.000000
2785234176.000000
133463544.000000
2821641984.000000
2858286336.000000
2895166976.000000
2932283648.000000
2969637120.000000
3007227136.000000
1163935.625000
2747980.250000
1329877.000000
2740517.250000
4992077.000000
2740517.250000
4982016.500000
4982016.500000
7901091.000000
7888432.500000
11475022.000000
7888432.500000
197497744.000000
207279440.000000
217297536.000000
227552064.000000
238042976.000000
248770336.000000
3924004.250000
5154409.000000
3924004.250000
643738.062500
2155392.500000
14666901.000000
4553607.000000
22765414.000000
7838381.000000
32637048.000000
44281792.000000
57699660.000000
12009715.000000
478586.937500
1843059.875000
5753029.500000
22463754.000000
9390188.000000
13913907.000000
19324186.000000
32275676.000000
43860708.000000
25621030.000000
18087552.000000
9412983.000000
16077185.000000
3729653.750000
6744552.500000
11972584.000000
24514526.000000
21282864.000000
33252854.000000
454699.781250
1795898.750000
11677181.000000
7023416.500000
12900683.000000
20551092.000000
29974644.000000
41171344.000000
342944.437500
54141180.000000
3292053.250000
6151386.500000
9897291.000000
14529768.000000
68884160.000000
85400280.000000
20048814.000000
103689544.000000
26454434.000000
123751952.000000
145587504.000000
33746628.000000
1001649.500000
2777628.500000
12747688.000000
17945288.000000
444375.656250
1775323.500000
48644536.000000
24029462.000000
31000206.000000
62665320.000000
78459248.000000
38857524.000000
47601416.000000
57231880.000000
446116.156250
1778800.375000
3992843.750000
7096936.000000
11087601.000000
15964839.000000
21728650.000000
28379034.000000
96026320.000000
115366536.000000
35915988.000000
13412409.000000
18732390.000000
24938946.000000
32032076.000000
39841628.000000
52614748.000000
40011776.000000
20870132.000000
6538725.000000
30359710.000000
10387029.000000
15121907.000000
41622440.000000
20743360.000000
27251388.000000
54658312.000000
34645988.000000
69467336.000000
42927168.000000
52094920.000000
62149244.000000
86049504.000000
73090144.000000
104404824.000000
14657744.000000
124533296.000000
20199106.000000
26627044.000000
33941548.000000
42142636.000000
51230296.000000
146434912.000000
170109632.000000
61204532.000000
72065336.000000
83812744.000000
96446680.000000
664961.937500
2659846.750000
55694652.000000
664996.000000
21838026.000000
665047.250000
334710.718750
1334374.000000
129041.351562
494273.843750
1095934.750000
1934024.000000
3008541.750000
664996.000000
31525048.000000
42985296.000000
4319488.000000
664996.000000
664984.437500
2659988.000000
443480.125000
1334374.000000
443697.593750
443480.125000
1773570.750000
443481.031250
443480.125000
1329914.125000
561254.937500
443480.125000
56218760.000000
1329914.125000
7857783.000000
443697.500000
1329913.125000
5319656.500000
11969230.000000
21278634.000000
33247868.000000
533663.500000
5866863.500000
7650666.500000
9670898.000000
11927558.000000
14420646.000000
17150164.000000
449028.375000
1784648.750000
4006880.000000
7115723.000000
11111176.000000
15993239.000000
21761912.000000
28417196.000000
35959092.000000
44387596.000000
1199467.500000
20116106.000000
15993239.000000
23318480.000000
21761912.000000
28417196.000000
35959092.000000
26757282.000000
30432512.000000
34344168.000000
38492256.000000
44387596.000000
53702716.000000
53702716.000000
63904444.000000
74992792.000000
63904444.000000
74992792.000000
71225440.000000
1774005.500000
2999972.000000
5329873.500000
1774005.500000
42876772.000000
47497716.000000
52355088.000000
57448888.000000
62779120.000000
68345776.000000
20047094.000000
23244174.000000
26677682.000000
30347620.000000
34253984.000000
38396780.000000
1332141.125000
1332141.125000
2996135.500000
5324760.500000
2995646.250000
2995646.250000
5324108.000000
8318342.000000
5324108.000000
8317526.500000
11976880.000000
8317526.500000
5322206.500000
4074808.000000
4074808.000000
3986249.750000
675463.937500
3763304.750000
1250854.875000
1169192.750000
2138172.000000
3261931.000000
4622132.000000
6218773.500000
500488.343750
8303334.000000
14616684.000000
8051858.500000
22703356.000000
500488.343750
500488.343750
507875.468750
509730.843750
500488.500000
665079.062500
664994.125000
1330304.250000
2992947.750000
561116.000000
675618.187500
1169192.750000
2748691.750000
2748691.750000
500488.343750
665034.437500
707336.187500
665018.500000
1457053.625000
10121385.000000
12427353.000000
14969763.000000
636530.937500
3507813.000000
6445233.500000
17748616.000000
10640600.000000
16625940.000000
23941356.000000
32586848.000000
42562416.000000
53868060.000000
66503780.000000
20763912.000000
24015648.000000
1457053.625000
27503826.000000
31228446.000000
35189508.000000
39387012.000000
43820956.000000
1351449.625000
3507813.000000
6445233.500000
10269317.000000
14980061.000000
20577466.000000
27061534.000000
34432264.000000
42689652.000000
51833704.000000
48491344.000000
61864416.000000
61864416.000000
72781784.000000
84585840.000000
72781784.000000
84585840.000000
2001963.250000
5320585.000000
8313217.000000
2001963.250000
53398176.000000
58541448.000000
63921160.000000
69537312.000000
75389912.000000
81478952.000000
221678.343750
591108.187500
670309.437500
1329990.875000
6762483.500000
8668967.000000
10811893.000000
13191262.000000
15807073.000000
18659328.000000
21748030.000000
25073168.000000
28634754.000000
32432776.000000
36467248.000000
40738156.000000
2364429.750000
3694422.750000
5319970.000000
12497324.000000
15046555.000000
17832230.000000
20854348.000000
24112906.000000
27607912.000000
614445.375000
878033.437500
665011.812500
1850940.250000
2291170.750000
1850940.250000
3752432.000000
4369305.000000
3752432.000000
6318921.500000
7112437.000000
6318921.500000
3361720.250000
3648419.250000
3361720.250000
332520.000000
586307.812500
1277799.750000
332520.000000
2235290.250000
1330084.000000
3458779.000000
4948266.500000
2992692.000000
6703753.500000
8725236.000000
665030.125000
11012719.000000
13566201.000000
665042.562500
16385681.000000
19471160.000000
22822634.000000
5319986.500000
26440108.000000
30323582.000000
0.000000
8312481.500000
34473056.000000
0.000000
38888524.000000
45397068.000000
2660173.250000
57455664.000000
70932920.000000
11969976.000000
16292469.000000
0.000000
59210396.000000
64955860.000000
1330073.625000
1802912.250000
1032426.937500
4034322.000000
7152408.000000
3832663.250000
8406251.000000
11157170.000000
665037.625000
2660154.500000
446535.062500
1779740.375000
3999622.250000
7106181.500000
14753188.000000
461008.750000
22873478.000000
11099416.000000
1788235.500000
11108525.000000
18272034.000000
4012352.250000
7123145.500000
11349424.000000
17733478.000000
27208896.000000
450726.968750
37919112.000000
1788099.625000
4012148.750000
7122874.500000
11120276.000000
665665.000000
2661364.500000
5987099.000000
10642868.000000
50402676.000000
64659592.000000
16628672.000000
773020.000000
2872079.750000
5436475.500000
8984775.000000
80689864.000000
1010676.062500
2792776.750000
98493480.000000
5990340.500000
118070456.000000
10648630.000000
16637674.000000
139420768.000000
162544432.000000
18787942.000000
187441472.000000
25003424.000000
32105584.000000
40094420.000000
214111824.000000
242555536.000000
48969932.000000
13419752.000000
272772576.000000
58732120.000000
304763040.000000
18741402.000000
24949732.000000
32044738.000000
40026420.000000
3990037.750000
7093403.000000
443336.187500
1773348.750000
48894776.000000
58649812.000000
665050.500000
2660206.000000
69380984.000000
80916544.000000
338526784.000000
93338752.000000
374063968.000000
106647656.000000
120843216.000000
135925472.000000
411374400.000000
151894384.000000
2252683.000000
122828872.000000
5321028.500000
11971587.000000
21282174.000000
144587456.000000
20204974.000000
26634174.000000
33950052.000000
42152604.000000
168119424.000000
51241832.000000
61217740.000000
17340892.000000
23329640.000000
193424736.000000
30205060.000000
37967156.000000
665053.500000
3591037.250000
3995572.250000
2773167.750000
5434123.000000
8981758.000000
4684262.500000
8009767.500000
443798.437500
332531.125000
1894138.250000
5372800.500000
1330130.500000
665065.062500
5320526.000000
2660261.750000
5985590.000000
10641051.000000
16626643.000000
23942366.000000
1886226.500000
10624882.000000
1330067.375000
665031.437500
665031.437500
665031.437500
515457.812500
670594.437500
665079.500000
2660322.000000
707293.500000
665064.250000
665031.437500
2660129.750000
665716.750000
17650388.000000
997892.187500
736861.812500
443468.625000
736889.937500
444849.968750
1776410.000000
3994681.250000
7099664.500000
1330064.875000
11091358.000000
5817862.500000
7594800.500000
12988974.000000
22631974.000000
34935104.000000
49898372.000000
444849.968750
1776410.000000
3994681.250000
7099664.500000
11091358.000000
15969764.000000
21734880.000000
28386708.000000
35925248.000000
44350496.000000
1266930.375000
15969764.000000
20026322.000000
23221990.000000
26654116.000000
30322694.000000
34227732.000000
21734880.000000
28386708.000000
35925248.000000
44350496.000000
38369216.000000
26449314.000000
2771542.750000
42747164.000000
47361560.000000
52212420.000000
57299724.000000
62623492.000000
68183712.000000
5431904.500000
1773648.500000
3990539.750000
1330064.875000
5320263.500000
665063.812500
2323356.750000
1773878.500000
3990884.750000
1773648.500000
3990539.750000
2660259.250000
8978978.000000
7094602.000000
3005557.500000
5337469.000000
20003474.000000
23197392.000000
26627774.000000
30294606.000000
34197900.000000
47882712.000000
2999109.250000
1334199.500000
1334199.500000
2998850.250000
5328881.500000
2998850.250000
5328536.000000
8323688.500000
5328536.000000
8323257.000000
8323257.000000
11983531.000000
4076950.500000
5324580.500000
4076950.500000
2510705.500000
6381575.500000
665037.500000
12025885.000000
2660154.000000
5985349.500000
7093747.000000
19443630.000000
484994.000000
28634814.000000
11083982.000000
1330079.125000
5320320.500000
11970724.000000
21281290.000000
5431157.500000
13084388.000000
8978038.000000
20783506.000000
30256064.000000
13411640.000000
18731960.000000
24939002.000000
712838.437500
41502068.000000
54521504.000000
2844417.500000
6394741.500000
11363811.000000
69314376.000000
17751626.000000
85880688.000000
104220448.000000
25558184.000000
34783492.000000
124333648.000000
146220288.000000
28949514.000000
36558088.000000
45053380.000000
169880352.000000
54435396.000000
64704132.000000
332543.750000
1330080.125000
1330179.000000
2992905.750000
5320324.500000
5320724.000000
3454696.000000
2994382.000000
4943432.500000
6698184.500000
10641456.000000
11005732.000000
13558528.000000
16377339.000000
19462166.000000
22813004.000000
5322590.000000
332530.656250
26429862.000000
32589470.000000
166270.015625
42565840.000000
8315839.000000
665081.437500
1330126.625000
53872392.000000
66509132.000000
2992788.000000
80476048.000000
95773152.000000
11974129.000000
16297461.000000
112400424.000000
130357904.000000
1496434.375000
7165414.000000
17641004.000000
26437896.000000
11173533.000000
16068376.000000
21849940.000000
37008236.000000
28518232.000000
11128742.000000
1664335.625000
15867311.000000
24256012.000000
3825723.750000
6873836.000000
10808672.000000
34418160.000000
15630233.000000
21338518.000000
27933526.000000
1882664.625000
15017322.000000
23202814.000000
33161944.000000
453861.812500
566099.562500
1766435.250000
369939.562500
1403997.000000
221720.343750
886885.375000
1995495.125000
450582.062500
3547549.500000
5543048.500000
7981992.500000
457373.750000
375440.937500
1414695.250000
665172.687500
887381.187500
665165.000000
446879.406250
447205.531250
665125.437500
453861.812500
446879.406250
5447408.500000
665146.000000
665145.500000
44894716.000000
478732.031250
6029069.000000
7835966.500000
9879348.000000
12159213.000000
3016559.000000
1843607.625000
16628190.000000
4095303.500000
7233819.500000
11259155.000000
16171312.000000
21970288.000000
28656084.000000
36228700.000000
44688140.000000
23944596.000000
32591258.000000
478732.031250
42568176.000000
53875352.000000
66512780.000000
80480464.000000
1843607.625000
95778408.000000
4095303.500000
4416498.000000
7233819.500000
11259155.000000
16171312.000000
21970288.000000
28656084.000000
36228700.000000
44688140.000000
58401112.000000
54034396.000000
64267472.000000
75387368.000000
54034396.000000
64267472.000000
75387368.000000
1804952.250000
3119062.750000
5488543.500000
1801459.375000
1366860.875000
3055708.250000
1540609.375000
3622699.750000
5049919.000000
6713622.000000
10642185.000000
16628417.000000
23944922.000000
1433486.500000
2104546.750000
1348479.875000
3020358.500000
4110281.500000
3146935.000000
5357350.500000
6781129.500000
5525496.500000
10117091.000000
8359456.000000
8569172.000000
15733273.000000
792290.000000
1574595.375000
4089747.750000
4696084.000000
4162962.250000
369928.312500
460264.031250
1509053.250000
1403977.000000
3327125.750000
3142090.250000
4568121.500000
6260198.000000
3103141.000000
8218318.500000
10442484.000000
3922232.000000
5499892.500000
221721.343750
7343597.000000
2124201.500000
9453346.000000
221721.343750
4137734.500000
11829140.000000
14470979.000000
886889.375000
17378862.000000
21284724.000000
886889.375000
26938482.000000
33257386.000000
6816383.000000
1995504.125000
40241440.000000
1995504.125000
47890640.000000
10160146.000000
40413100.000000
45183304.000000
13881303.000000
1126040.000000
4011571.000000
8670852.000000
665170.000000
688054.812500
2702539.000000
2660684.000000
5986542.000000
10642744.000000
16629290.000000
1330377.250000
23946180.000000
691797.062500
1983699.750000
665209.500000
665187.125000
718396.687500
2028568.500000
1330311.625000
1330311.625000
457566.500000
7049189.000000
1330311.625000
1330474.125000
1330311.625000
8993431.000000
1330311.625000
11174171.000000
13591410.000000
16629290.000000
457456.562500
1330311.625000
1330311.625000
23946180.000000
15103886.000000
457527.375000
22262120.000000
25625352.000000
29225086.000000
33061316.000000
16732154.000000
642529.687500
2153529.250000
4551405.000000
7836156.500000
12007783.000000
17066286.000000
23011662.000000
29843916.000000
37134048.000000
37563044.000000
41443276.000000
46169052.000000
642529.687500
45989004.000000
50771228.000000
55789956.000000
66519068.000000
80488072.000000
95787456.000000
19849066.000000
2153529.250000
4551405.000000
7836156.500000
12007783.000000
17066286.000000
23011662.000000
29843916.000000
37563044.000000
46169052.000000
55661932.000000
66041688.000000
77308320.000000
55661932.000000
66041688.000000
77308320.000000
1830105.125000
4003894.500000
6644375.500000
1830050.000000
8322809.500000
760179.875000
5684432.500000
11061917.000000
3040717.750000
6841614.000000
18213154.000000
27138144.000000
12162867.000000
37836888.000000
19004478.000000
665211.500000
1978196.125000
849411.812500
2660676.500000
2378377.250000
6148084.000000
4875752.500000
8260005.000000
11705118.000000
12531135.000000
19035906.000000
28140446.000000
17689144.000000
23734028.000000
431972.718750
1522612.875000
3278409.250000
5699361.500000
443440.031250
472032.968750
1830496.625000
472032.968750
1830496.625000
221717.312500
886873.250000
665194.062500
2660775.250000
472036.468750
1414757.750000
5488848.000000
4075837.500000
7208055.000000
443436.625000
1773750.500000
665188.250000
2660757.000000
5986706.500000
10643036.000000
16629746.000000
23946838.000000
7610640.000000
9626208.000000
11878276.000000
14366842.000000
17091908.000000
20053474.000000
23251534.000000
26686100.000000
30357158.000000
34264724.000000
40245484.000000
47895456.000000
47406392.000000
52259956.000000
57350008.000000
62676568.000000
68239616.000000
74039176.000000
80075232.000000
86347768.000000
92856832.000000
99602368.000000
106584432.000000
113802968.000000
121258024.000000
128949560.000000
136877616.000000
145042144.000000
153443200.000000
162080736.000000
170954784.000000
180065312.000000
189412368.000000
198995888.000000
208815936.000000
218872464.000000
12917691.000000
665213.562500
8785470.000000
12536734.000000
665694.187500
665183.000000
884872.812500
2581126.750000
5164258.000000
884872.812500
2581126.750000
20574028.000000
5164258.000000
9621103.000000
14195579.000000
1830500.750000
4075843.500000
30004118.000000
41207964.000000
7208064.000000
54185560.000000
11227162.000000
16133136.000000
361920.968750
665215.500000
2660866.000000
1388381.500000
5986951.500000
10643472.000000
3938103.250000
5518741.000000
3080001.250000
7365439.500000
10643190.000000
59923916.000000
65366080.000000
71044728.000000
76959880.000000
83111544.000000
89499688.000000
21365562.000000
11857024.000000
14501910.000000
96124344.000000
665215.500000
2660866.000000
443437.937500
147810.843750
3247795.000000
133029.218750
532120.875000
3247795.000000
17412858.000000
591247.375000
1330317.875000
20589868.000000
24032938.000000
27742074.000000
31717268.000000
1330317.875000
35958536.000000
1330317.875000
48141264.000000
65476992.000000
85473360.000000
1330317.875000
1330317.875000
1332917.375000
1330317.875000
108130368.000000
133448016.000000
665173.625000
161426304.000000
443437.937500
665215.500000
1197275.000000
3990953.500000
166294.765625
1330309.625000
2364997.500000
3695311.000000
5321250.500000
7242815.000000
6091404.000000
9460006.000000
11972822.000000
221717.968750
266060.437500
665215.500000
1064245.750000
2394556.000000
443437.937500
2660866.000000
5986951.500000
10643472.000000
665183.062500
665537.125000
4256991.000000
2661502.250000
665215.500000
5987896.000000
10644719.000000
665215.500000
73097088.000000
79466856.000000
443437.937500
86102656.000000
1330315.875000
5321275.500000
665157.937500
93004544.000000
2660635.750000
5986433.500000
665215.500000
2660866.000000
5986951.500000
10643472.000000
10642551.000000
409324.281250
332577.968750
665157.937500
2558291.750000
920982.625000
171649.703125
443457.562500
997782.500000
665529.812500
2660635.750000
100172496.000000
5321728.000000
1637305.125000
443437.937500
107606480.000000
115306560.000000
443437.937500
123272696.000000
131504888.000000
140003120.000000
221717.968750
148767456.000000
16297166.000000
2128491.500000
3325770.500000
1773755.750000
7095031.000000
11085989.000000
4789112.000000
332577.968750
1330315.875000
2993213.750000
5321271.500000
221717.968750
6518516.000000
15963826.000000
6091404.000000
8513982.000000
10775511.000000
13303102.000000
223464.609375
893862.437500
2011193.500000
3575457.750000
443437.937500
16096756.000000
157797840.000000
167094288.000000
5436780.500000
176656768.000000
186485344.000000
443437.937500
196579984.000000
665215.500000
206940672.000000
332593.437500
217567408.000000
228460224.000000
221717.968750
239619120.000000
886875.875000
251044064.000000
262735040.000000
1372215.000000
8315209.000000
274692096.000000
286915232.000000
665215.500000
299404448.000000
1330386.000000
312159680.000000
325180992.000000
338468384.000000
352021824.000000
365841280.000000
665178.250000
379926912.000000
394278496.000000
665195.437500
665203.125000
408896224.000000
443437.937500
423779968.000000
438929824.000000
8458719.000000
454345568.000000
470027552.000000
485975520.000000
502189632.000000
443437.937500
443437.937500
518669728.000000
535415968.000000
665172.187500
552428096.000000
569706432.000000
443437.937500
587250688.000000
605061184.000000
443437.937500
623137664.000000
641480256.000000
443437.937500
660088832.000000
11973355.000000
21728544.000000
28380140.000000
3990953.500000
14781264.000000
17885332.000000
9821892.000000
19156472.000000
22482248.000000
9821892.000000
678963584.000000
698104320.000000
35918616.000000
44343976.000000
21285026.000000
24980344.000000
7095031.000000
26074092.000000
29931992.000000
14439261.000000
14439261.000000
717511168.000000
345368.718750
2137087.250000
665170.812500
2993366.500000
4155786.750000
1355815.875000
3031339.000000
6839644.000000
3031400.500000
5372061.500000
10188660.000000
5372143.000000
189280656.000000
199449696.000000
4124515.250000
665180.437500
209884768.000000
220585872.000000
665860.500000
231553072.000000
242786368.000000
6799512.500000
2660724.750000
5986632.500000
2662146.750000
254285696.000000
5988858.000000
266051040.000000
278082496.000000
10139670.000000
290380032.000000
302943584.000000
14144985.000000
315773184.000000
328868896.000000
342230656.000000
355858432.000000
369752352.000000
4720537.500000
3012272.500000
3012242.000000
598642.375000
1018526.062500
1942362.000000
3161826.000000
5321700.500000
665196.312500
427641.312500
665223.062500
1187895.875000
2328278.750000
665256.000000
2660895.250000
5987017.000000
10643587.000000
1662898.875000
3848790.000000
3259284.500000
2244929.000000
561231.125000
1099589.375000
1997555.625000
3161586.500000
4591682.000000
332610.250000
748308.187500
2078637.250000
4074131.750000
6734791.500000
498871.125000
259838.375000
878299.000000
2291896.000000
4370716.000000
7114759.000000
5387799.500000
332605.218750
2463068.250000
1496619.375000
26749484.000000
665211.687500
30655332.000000
34827252.000000
39265232.000000
4157279.500000
43969280.000000
4683866.500000
8315159.500000
1301662.250000
6287842.000000
8250066.500000
1330384.250000
48939384.000000
997745.250000
1039318.625000
8148975.500000
10478356.000000
110860.914062
8148270.500000
2078639.750000
665222.500000
443447.656250
2660894.000000
6734796.000000
13469592.000000
2660946.500000
1330424.375000
13470758.000000
280614.437500
997760.187500
11973832.000000
841879.937500
16297718.000000
1773798.625000
54175564.000000
59677800.000000
2301130.500000
3367395.750000
12972709.000000
665218.562500
1385756.500000
2716085.500000
4489858.000000
15733128.000000
561231.125000
841847.812500
1253571.375000
65446108.000000
665222.500000
420922.781250
2072232.750000
1080884.875000
71480472.000000
2874442.250000
2660749.250000
3237866.250000
77780904.000000
17322004.000000
23308492.000000
2771518.000000
10060617.000000
30181866.000000
18759612.000000
22052162.000000
3264597.750000
1330329.000000
665222.500000
1330329.000000
665196.312500
1330329.000000
1330329.000000
1330329.000000
6707074.500000
25610772.000000
1330329.000000
84347400.000000
91179960.000000
4383359.500000
98278584.000000
105643264.000000
886883.312500
665222.500000
113274016.000000
121170856.000000
346437.875000
129333728.000000
137762672.000000
1122462.250000
2660894.000000
886886.625000
3547550.500000
7981991.500000
14190210.000000
146457680.000000
155418768.000000
3660689.000000
29435452.000000
33526190.000000
6114421.000000
5321320.000000
332610.250000
5321320.000000
332610.250000
5321320.000000
5321320.000000
5321320.000000
9367733.000000
37883000.000000
5321320.000000
13693568.000000
8048444.000000
3095560.000000
3264597.750000
16686801.000000
19975662.000000
164645904.000000
174139104.000000
5094812.000000
23560154.000000
2002420.875000
27440274.000000
4330498.000000
31616016.000000
36087396.000000
6114421.000000
40854392.000000
45917028.000000
51275280.000000
9851131.000000
56929172.000000
62878684.000000
69123832.000000
75664600.000000
4323552.500000
82501000.000000
14474729.000000
183898368.000000
5756211.500000
7424375.000000
89633024.000000
97060664.000000
104783960.000000
221719.828125
12936231.000000
112802864.000000
19985210.000000
19968602.000000
28521486.000000
15989493.000000
121117424.000000
193923728.000000
18650152.000000
26382580.000000
129727560.000000
138633376.000000
204215104.000000
147834800.000000
157331872.000000
167124512.000000
177212848.000000
187596768.000000
33666840.000000
21515464.000000
214772560.000000
41837984.000000
198276368.000000
209251520.000000
220522352.000000
24585458.000000
11241216.000000
50896020.000000
232088800.000000
243950912.000000
14966119.000000
256108560.000000
19223150.000000
5986689.000000
268561920.000000
281310880.000000
24012312.000000
225596080.000000
294355488.000000
307695680.000000
29333602.000000
321331552.000000
335263008.000000
35187020.000000
60840940.000000
349490144.000000
41572568.000000
48490260.000000
886886.625000
364012832.000000
71672752.000000
378831264.000000
393945152.000000
409354752.000000
7545462.500000
425060064.000000
11647314.000000
1330329.000000
441060928.000000
626370.375000
1514481.750000
4719285.500000
2123877.000000
9697869.000000
4508276.500000
7779566.500000
673018.437500
2676419.000000
3991005.250000
7095123.000000
6244094.000000
11086132.000000
11837503.000000
19204694.000000
15964033.000000
28345666.000000
665226.500000
39260424.000000
21728826.000000
665197.500000
51948960.000000
66411280.000000
2660794.000000
5986789.500000
10643184.000000
16629978.000000
82647376.000000
28380508.000000
35919084.000000
100657256.000000
44344548.000000
120440920.000000
53656908.000000
63856156.000000
665226.500000
2660910.000000
471592.031250
1829642.500000
141998368.000000
165329568.000000
7741832.000000
11890993.000000
16927046.000000
22849992.000000
824769.500000
2660778.750000
190434592.000000
5986755.000000
10643123.000000
16629882.000000
217313360.000000
29659828.000000
23947032.000000
37356556.000000
45940176.000000
32594574.000000
245965920.000000
16971990.000000
4074584.250000
20110238.000000
276392224.000000
308592384.000000
342566272.000000
7206418.000000
42572508.000000
53880832.000000
66519548.000000
80488656.000000
95788152.000000
11225143.000000
378314016.000000
415835456.000000
16130759.000000
455130720.000000
496199744.000000
74942296.000000
539042624.000000
1934056.875000
86915320.000000
583659200.000000
99775256.000000
630049600.000000
113522056.000000
128155776.000000
55410684.000000
65768088.000000
77012376.000000
678213824.000000
665207.000000
665166.562500
670402.187500
665199.375000
670402.187500
665301.125000
8149030.500000
1496688.750000
5986918.000000
2037145.125000
15966673.000000
665193.687500
665178.437500
4229689.500000
750951.062500
143676352.000000
728151616.000000
665848.625000
665214.625000
719588.375000
665166.562500
4245702.000000
2664569.250000
629877.062500
665166.562500
2660670.250000
443883.781250
1877854.500000
89143552.000000
102161640.000000
116066592.000000
1648916.000000
3802572.000000
6843119.000000
665226.500000
443470.531250
7412214.000000
779863488.000000
11481629.000000
16437936.000000
833348928.000000
888608320.000000
22281134.000000
945641216.000000
1004448192.000000
29011224.000000
36628204.000000
7433405.000000
1065028800.000000
11508000.000000
16469487.000000
24029204.000000
45132080.000000
1127383296.000000
1191511296.000000
54522844.000000
64800496.000000
1257413376.000000
75965048.000000
88016472.000000
100954808.000000
114780024.000000
36272780.000000
348634656.000000
44344552.000000
44737452.000000
384689760.000000
54089012.000000
64327464.000000
422518656.000000
75452816.000000
87465032.000000
100364184.000000
114150176.000000
128823112.000000
144382896.000000
160829600.000000
178163168.000000
196383664.000000
215491008.000000
235485296.000000
256366416.000000
278134496.000000
300789408.000000
324331200.000000
348759968.000000
374075520.000000
400278080.000000
427367424.000000
462121344.000000
503497792.000000
455343744.000000
546648000.000000
591571968.000000
638269824.000000
1008833.500000
1662017.500000
3481556.500000
1008833.500000
7232243.500000
9200060.000000
11404380.000000
13845202.000000
16522527.000000
19436354.000000
22586680.000000
25973518.000000
29596848.000000
33456692.000000
37553028.000000
41885880.000000
46455220.000000
51261076.000000
56303420.000000
66519548.000000
80488656.000000
95788152.000000
112418048.000000
130378328.000000
149668976.000000
170290064.000000
192241520.000000
215523360.000000
240135568.000000
266078240.000000
293351264.000000
321954656.000000
351888416.000000
383152672.000000
415747264.000000
449672288.000000
484927616.000000
521513312.000000
559429504.000000
598676032.000000
227070384.000000
237552288.000000
248270720.000000
259225632.000000
270417056.000000
281844992.000000
293509440.000000
305410336.000000
317547744.000000
329921760.000000
342532192.000000
355379104.000000
686741504.000000
736986752.000000
2789983.000000
5966262.500000
9116135.000000
2789983.000000
789005824.000000
5458024.000000
12931174.000000
17411380.000000
5458024.000000
457409.625000
6796227.000000
457409.625000
665227.000000
8830965.000000
457409.625000
11131770.000000
457409.625000
13698639.000000
457409.625000
16531575.000000
457409.625000
19630576.000000
665238.750000
22995640.000000
457409.625000
2660912.000000
270591.343750
5987055.000000
665227.000000
10643656.000000
16630715.000000
443443.718750
443443.718750
886925.312500
443443.718750
221720.859375
1995583.750000
3547706.000000
443443.718750
443443.718750
5543292.000000
2660912.000000
7982342.000000
665227.000000
443443.718750
26626772.000000
332612.500000
30523970.000000
457409.625000
34687240.000000
457409.625000
39116560.000000
457409.625000
43811964.000000
48773416.000000
190045.343750
1330454.000000
190045.343750
2993524.500000
332598.000000
5321824.000000
332589.312500
332594.406250
54000952.000000
457409.625000
59494532.000000
457409.625000
457409.625000
65254200.000000
457409.625000
71279912.000000
665227.000000
77571712.000000
457409.625000
1496761.125000
84129552.000000
90953488.000000
665181.812500
98043480.000000
457409.625000
105399504.000000
457409.625000
113021624.000000
665227.000000
120909824.000000
10864857.000000
665212.750000
443443.718750
842798848.000000
997749.875000
898365632.000000
997749.875000
955706048.000000
665206.562500
1014820224.000000
998079.750000
1075708288.000000
997749.875000
1138370304.000000
1018978.062500
1202805760.000000
53656912.000000
1269015040.000000
1008170.250000
1336998400.000000
997749.875000
129064080.000000
9012957.000000
1406755456.000000
484206976.000000
1478286080.000000
1040092.687500
1008501.812500
1551590400.000000
1626668928.000000
1703521024.000000
7096003.500000
1782146816.000000
998079.750000
1862546304.000000
997750.000000
1944719872.000000
998079.750000
1018978.062500
2028667264.000000
900799.312500
998079.750000
2114388096.000000
665219.562500
2201882624.000000
999049.437500
2291151360.000000
137484352.000000
443443.718750
665206.062500
665227.000000
2660828.250000
2183881.000000
665353.312500
2382193664.000000
1623943.625000
2475009536.000000
1592325.375000
146170752.000000
443443.718750
2569600000.000000
686115.437500
2665963520.000000
7150663.000000
2764100864.000000
9168819.000000
2864012544.000000
9012957.000000
22556752.000000
997770.000000
2965697280.000000
3069156096.000000
2079699.500000
3174388480.000000
1592326.750000
3281394688.000000
3390175232.000000
947082.250000
443443.718750
2402136.500000
155123200.000000
665243.312500
164341728.000000
665193.687500
665193.687500
173826272.000000
1829642.500000
183576928.000000
368462592.000000
1091939.250000
1330335.125000
665234.687500
763901.937500
193593648.000000
2660811.500000
443443.718750
5986821.500000
10643234.000000
443443.718750
16630049.000000
665234.687500
23947268.000000
1039410.812500
32594888.000000
203876432.000000
886917.812500
4074584.500000
1330335.125000
665227.000000
214425216.000000
9058003.000000
2660912.000000
332589.906250
5987055.000000
443443.718750
10643656.000000
443443.718750
16630715.000000
443443.718750
23948232.000000
989115.250000
32596208.000000
13470868.000000
42574640.000000
225240144.000000
665227.000000
53883532.000000
665227.000000
66522880.000000
1279138.375000
80492688.000000
841958.562500
95792952.000000
665188.437500
112423672.000000
443443.718750
130384856.000000
665179.875000
149676496.000000
1773778.875000
443443.718750
11520040.000000
443443.718750
14277707.000000
236321136.000000
2829805.750000
247668176.000000
702924.625000
259281232.000000
190045.343750
332588.437500
1330335.125000
1415450.250000
1330335.125000
5490256.000000
1330357.750000
2993308.000000
665227.000000
665223.562500
665310.187500
2661001.250000
665193.687500
5321439.000000
8314751.000000
665193.687500
11973244.000000
665181.812500
16296918.000000
1330335.125000
865398.875000
750949.000000
21285772.000000
3166327.500000
355154.625000
665227.000000
271160416.000000
665200.812500
3896218.750000
2128631.000000
1921696.500000
283305664.000000
3617864.500000
841893.250000
17331002.000000
20679928.000000
36634296.000000
295716992.000000
308394304.000000
1286184.375000
332634.093750
2246513.750000
675618.000000
3472909.000000
841926.375000
728390.687500
665234.687500
5321824.000000
2078649.250000
2078649.250000
2078649.250000
2078649.250000
2702639.750000
443443.718750
6049556.500000
10726926.000000
8315352.500000
842318.562500
2078649.250000
2078649.250000
903264896.000000
22611068.000000
255015792.000000
285981184.000000
318720544.000000
795991.562500
795991.812500
2660897.750000
2660888.250000
838492.750000
26448516.000000
838492.750000
30103824.000000
33995644.000000
38123976.000000
42488820.000000
47090172.000000
2006419.250000
3111977.000000
5479300.000000
843263.437500
843263.437500
838492.750000
2024767.375000
2006419.250000
353233600.000000
38034400.000000
838492.750000
840876.375000
838492.750000
1773953.000000
848047.750000
4748529.500000
8094260.000000
12326914.000000
17446492.000000
26212900.000000
23452998.000000
51928036.000000
57002416.000000
62313304.000000
67860704.000000
73644608.000000
79665040.000000
1344227.250000
5321537.000000
11973461.000000
21286156.000000
33259622.000000
47893856.000000
65188864.000000
85144640.000000
107761192.000000
133038504.000000
30080794.000000
30346424.000000
85921960.000000
92415400.000000
99145376.000000
106111848.000000
113314800.000000
38126772.000000
46794044.000000
56348240.000000
66789360.000000
120754288.000000
61132076.000000
71988936.000000
83732736.000000
78117400.000000
90332352.000000
103434256.000000
4336433.500000
8511814.000000
12209518.000000
4336433.500000
1330384.250000
106895440.000000
127256256.000000
1719134.375000
149390928.000000
1330384.250000
173299392.000000
2914308.000000
198981792.000000
1330384.250000
226437952.000000
1897232.750000
255668048.000000
1463476.750000
286671904.000000
625350.437500
1719134.375000
1330384.250000
1330384.250000
319449696.000000
9653704.000000
561254.437500
950406.750000
561254.437500
1790647.750000
12053287.000000
354001216.000000
549322.750000
1736794.500000
561254.437500
14718945.000000
390326720.000000
1330386.250000
428425952.000000
468299136.000000
561254.437500
1330384.250000
5400125.500000
1330384.250000
509946048.000000
625348.375000
553366912.000000
1262870.500000
598561600.000000
1773899.375000
645530048.000000
625348.375000
1377571.750000
1264332.750000
694272512.000000
1268723.750000
744788608.000000
14058986.000000
797078784.000000
2914308.000000
851142592.000000
906980416.000000
964591936.000000
1023977472.000000
626377.375000
1085136640.000000
2501398.250000
1265795.500000
1148069888.000000
625348.375000
1212776832.000000
1262870.500000
1279257728.000000
697096.812500
1347512320.000000
625348.375000
1417540992.000000
625348.375000
1489343232.000000
1562919552.000000
962241.562500
908060.250000
841905.125000
1330384.250000
665287.625000
2660879.000000
1330383.375000
5986981.000000
33074708.000000
1330384.250000
5321541.000000
10643524.000000
1330384.250000
288475.437500
5321541.000000
2091840.125000
11973470.000000
1330384.250000
21286172.000000
561254.437500
561254.437500
33259646.000000
665253.000000
16630509.000000
17650678.000000
665253.000000
665207.625000
20848488.000000
2185361.500000
24312372.000000
28042338.000000
27470284.000000
665208.750000
2660839.000000
667849.812500
1778609.875000
1778609.875000
32038366.000000
1778609.875000
1778609.875000
665232.062500
2666198.750000
1778609.875000
47893892.000000
5995049.000000
578930.750000
5986891.000000
7095385.500000
10643364.000000
1778609.875000
41256096.000000
52399092.000000
843188.250000
665253.000000
665207.625000
561254.437500
2660834.500000
1351253.000000
5986880.500000
853659.625000
10643346.000000
1683767.875000
16630231.000000
23947534.000000
841917.125000
841902.125000
32595258.000000
841917.125000
42573400.000000
1039415.000000
53881960.000000
841959.312500
66520944.000000
841926.125000
80490344.000000
95790160.000000
561254.437500
112420400.000000
561254.437500
2661016.000000
665218.250000
665450.000000
709532.437500
2661316.500000
665231.125000
665253.000000
1330384.250000
16315418.000000
64872596.000000
1340798.125000
78676600.000000
665191.125000
93811120.000000
34085712.000000
110276168.000000
1330384.250000
128071672.000000
147197744.000000
1501965.250000
130381056.000000
665253.000000
149672112.000000
600907.250000
167654256.000000
16630259.000000
189441344.000000
212558864.000000
1330465.500000
237006976.000000
47893892.000000
262785504.000000
1330465.500000
289894624.000000
1330465.500000
318334176.000000
563204.937500
1372283.625000
348104320.000000
379204864.000000
1388246.250000
411636032.000000
1330384.250000
445397600.000000
1330384.250000
480489760.000000
563204.937500
516912448.000000
563204.937500
1335667.500000
554665408.000000
1330384.250000
1330384.250000
593749120.000000
1330384.250000
5321541.000000
11973470.000000
561254.437500
665191.125000
561254.437500
2660768.500000
1330384.250000
5986732.000000
1372283.625000
10643082.000000
1330384.250000
16629818.000000
1330384.250000
23946940.000000
841910.500000
32594450.000000
1330384.250000
21286172.000000
2131019.000000
33259646.000000
1458031.250000
634163328.000000
563204.937500
5321541.000000
572968.687500
868397.250000
1330384.250000
841959.312500
1414832.625000
3004031.250000
561254.437500
6496610.500000
11319698.000000
1330384.250000
1330384.250000
561254.437500
5321541.000000
561254.437500
17473292.000000
24957392.000000
561254.437500
1330465.500000
1330384.250000
5321703.000000
1330384.250000
33772000.000000
665234.812500
675908096.000000
1330384.250000
43917116.000000
10654399.000000
1330384.250000
718983040.000000
763388800.000000
563204.937500
809125056.000000
1330384.250000
856191808.000000
563204.937500
904588800.000000
563204.937500
954316544.000000
962241.562500
669161.125000
841959.312500
1330384.250000
1005374848.000000
5321541.000000
1330384.250000
11973470.000000
21286172.000000
33259646.000000
335212.375000
1057763648.000000
332608.125000
1111482624.000000
2122030.750000
4505638.500000
1638269568.000000
2123926.250000
4508399.000000
1715393536.000000
2002504.250000
4330678.000000
1794291200.000000
2122030.750000
1874962944.000000
2122030.750000
4505638.500000
1001250.000000
2165336.000000
3772884.500000
1957408256.000000
5823894.500000
8318367.000000
2041627776.000000
2127620736.000000
4505638.500000
2215387904.000000
2122030.750000
2304928512.000000
4505638.500000
5631432.000000
9235480.000000
2396243456.000000
19496294.000000
25820526.000000
2489331456.000000
3212360.250000
6042922.000000
2584194048.000000
3205371.000000
2680830464.000000
3203042.500000
6030139.500000
2779240704.000000
3991235.250000
7095494.500000
2879424768.000000
3203042.500000
6033334.000000
6030139.500000
5631432.000000
2981382656.000000
4175198.500000
7340087.500000
2775965.500000
5438468.000000
9235480.000000
3085113856.000000
8413063.000000
3190619648.000000
3297898496.000000
3203042.500000
2122034.500000
3406951680.000000
6030139.500000
3517778944.000000
3564047.750000
6074153.000000
9249449.000000
3630380032.000000
13089936.000000
12091192.000000
3744754176.000000
4505644.000000
17595618.000000
3860902912.000000
16434510.000000
21443022.000000
3203042.500000
6030139.500000
3978824704.000000
2122030.750000
4505638.500000
4098521088.000000
3207700.000000
4219991296.000000
5051303.000000
8488132.000000
6036528.500000
3207700.000000
27116724.000000
4343235584.000000
1124458.625000
2344843.250000
4468253696.000000
4595044352.000000
4008690.250000
6115999.000000
4723610112.000000
6036528.500000
8666770.000000
3203042.500000
4853949952.000000
2122267.750000
4986062336.000000
2002504.250000
4330678.000000
5119949312.000000
6030139.500000
5255610368.000000
4505982.500000
3564047.750000
6074153.000000
2002504.250000
3009282.250000
4330678.000000
9249449.000000
13089936.000000
5393045504.000000
17595618.000000
4582124.500000
2002504.250000
1001250.000000
6054019.000000
2165336.000000
3772884.500000
5823894.500000
339527136.000000
4330678.000000
8318367.000000
2002504.250000
4330678.000000
3589458.750000
2002504.250000
4330678.000000
6107316.500000
2002504.250000
4330678.000000
3205825.500000
3521564.000000
1632216.500000
4381473.000000
463996.718750
2402952.500000
1247969.000000
2412050.000000
665253.500000
3497078.500000
2661018.000000
5987293.500000
5987565.000000
750969.187500
10644080.000000
10644563.000000
2829780.750000
6239033.000000
16632132.000000
10978726.000000
17048860.000000
23950272.000000
16631378.000000
3956239.500000
1082668.000000
5880538.000000
1082668.000000
3398730.500000
1082668.000000
2911947.500000
4630369.500000
1082668.000000
2911947.500000
6052063.000000
2911947.500000
1082668.000000
2911947.500000
7663811.000000
1082668.000000
8184944.000000
9465613.000000
2911947.500000
11457470.000000
2911947.500000
91735648.000000
1084021.750000
2914167.250000
98855624.000000
1084021.750000
2914167.250000
1084021.750000
2914167.250000
1084021.750000
2914167.250000
106241656.000000
1084021.750000
113893776.000000
121811976.000000
2914167.250000
1084021.750000
129996256.000000
1084021.750000
2914167.250000
1084021.750000
2914167.250000
138446576.000000
147163008.000000
1084021.750000
156145504.000000
1084021.750000
2914167.250000
165394096.000000
2914167.250000
2914167.250000
1084021.750000
1084021.750000
2914167.250000
174908720.000000
1084021.750000
2914167.250000
184689440.000000
2914167.250000
194736256.000000
667798.437500
1084021.750000
205049136.000000
2671197.750000
6010198.000000
10684799.000000
1515038.625000
16695001.000000
2404890.250000
24040804.000000
2914167.250000
1084021.750000
215628048.000000
226473088.000000
2914167.250000
1084021.750000
2914167.250000
237584192.000000
1084021.750000
3003911.000000
248961376.000000
1084021.750000
260604608.000000
1084021.750000
2914167.250000
272513952.000000
1084021.750000
2914167.250000
284689344.000000
1084021.750000
2914167.250000
297130848.000000
1084021.750000
2914167.250000
2914167.250000
756185.687500
3499416.000000
2091821.250000
4798616.500000
4092677.000000
6758753.500000
751020.000000
10090050.000000
2829971.750000
6239454.000000
6302491.000000
10979466.000000
17050010.000000
24451082.000000
8011040.000000
9924263.000000
1501879.250000
12042161.000000
5659335.000000
12477563.000000
21956564.000000
3145355.500000
34096340.000000
1501879.250000
4382393.500000
1082668.000000
2911947.500000
1642325.125000
1501879.250000
5659335.000000
5659335.000000
463996.718750
1247969.000000
2412050.000000
309838368.000000
3956239.500000
5880538.000000
322812000.000000
8184944.000000
675675.187500
841746.250000
336051712.000000
2681794.000000
6018397.000000
349557440.000000
10685485.000000
16683057.000000
5824106.000000
2660862.000000
1082668.000000
363329312.000000
1514326.500000
2911947.500000
1082668.000000
2911947.500000
1082668.000000
2911947.500000
1546472.250000
1082668.000000
2911947.500000
7470493.000000
1082668.000000
2911947.500000
11974062.000000
1082668.000000
2911947.500000
3266303.000000
1082668.000000
3313501.250000
2911947.500000
665202.125000
2660812.500000
1323719.250000
1093521.750000
2929730.000000
12541937.000000
17702126.000000
2069765.875000
547439.625000
5986831.000000
2656513.750000
2776739.750000
665191.187500
10643258.000000
6112464.500000
1138866.000000
3003657.000000
4057627.750000
2660768.750000
5986732.500000
6112657.000000
10643083.000000
16629820.000000
10811005.000000
16630093.000000
1465975.875000
3056325.250000
5405498.500000
108081512.000000
128550088.000000
150792544.000000
3252293.250000
174808800.000000
200598960.000000
377367264.000000
10801304.000000
15621965.000000
5988203.000000
1082668.000000
391671264.000000
2415787.750000
2911947.500000
8419925.000000
1094882.375000
2931957.000000
10645697.000000
16633904.000000
1094882.375000
4101288.250000
1082668.000000
2911947.500000
2931957.000000
2125822.250000
1082668.000000
2911947.500000
2068722.125000
1109904.000000
2956506.000000
1082668.000000
1082668.000000
1563229.125000
1082668.000000
2911947.500000
3337942.000000
2911947.500000
1660749.625000
3091292.250000
2911947.500000
1082668.000000
4318537.500000
5750456.500000
666549.312500
2663600.250000
5991154.000000
7387049.500000
10649212.000000
16637771.000000
1082668.000000
9228317.000000
11274259.000000
1082668.000000
2911947.500000
2911947.500000
1082668.000000
2911947.500000
2911947.500000
2993646.750000
406241376.000000
8315689.000000
16298753.000000
26942838.000000
40247948.000000
421077536.000000
712846.312500
2755372.000000
6128399.000000
10831929.000000
436179776.000000
16865960.000000
451548000.000000
1084021.750000
467182400.000000
2914167.250000
1683851.125000
3850846.500000
6007817.500000
10647368.000000
483082848.000000
499249408.000000
13009827.000000
665223.500000
2660898.000000
515682016.000000
5987023.500000
10643600.000000
16630628.000000
4706809.000000
1082668.000000
2911947.500000
5648602.000000
1082668.000000
2911947.500000
1082668.000000
2911947.500000
1082668.000000
7026384.000000
1082668.000000
2911947.500000
12015534.000000
18335126.000000
2911947.500000
1082668.000000
2911947.500000
1082668.000000
2911947.500000
25985158.000000
1082668.000000
34965636.000000
45276544.000000
2911947.500000
1082668.000000
56917896.000000
1082668.000000
2911947.500000
69889688.000000
2911947.500000
1082668.000000
17987140.000000
2911947.500000
19787246.000000
1082668.000000
1082668.000000
2911947.500000
2911947.500000
21673180.000000
2993366.250000
8314910.000000
16297226.000000
23644948.000000
26940316.000000
40244176.000000
25702544.000000
1418309120.000000
1490130560.000000
1563726080.000000
10282438.000000
1639095424.000000
14996671.000000
20597828.000000
27085910.000000
1716238592.000000
1795155328.000000
34460916.000000
42722848.000000
15476887.000000
489578528.000000
21159978.000000
27729994.000000
35186936.000000
532141248.000000
43530804.000000
576477824.000000
52761596.000000
1009197.625000
6159649.500000
48222888.000000
62189616.000000
9908617.000000
14544515.000000
20067338.000000
77930200.000000
26477094.000000
33773780.000000
10261320.000000
12731151.000000
15467060.000000
1330392.500000
5321574.000000
18469046.000000
11973545.000000
21737112.000000
25271246.000000
29071468.000000
33137756.000000
37470132.000000
42068572.000000
675691.000000
46933104.000000
6218165.500000
841966.312500
52063700.000000
57460388.000000
150200.875000
63123132.000000
9426978.000000
13300988.000000
3004056.500000
69051976.000000
75246872.000000
565985.750000
81707872.000000
88434936.000000
17840194.000000
95428064.000000
6496665.000000
102687296.000000
110212576.000000
118003960.000000
41957396.000000
95444648.000000
51027940.000000
60985416.000000
71829832.000000
114732944.000000
83561168.000000
135795104.000000
96179432.000000
665259.500000
2661042.000000
5987347.500000
10644176.000000
16631528.000000
23949402.000000
712818.125000
712805.437500
843068.250000
1649963.875000
1732263.750000
1649963.875000
3464147.750000
3582947.500000
3464147.750000
5943527.000000
6098827.000000
5943527.000000
3224464.500000
3224464.500000
3281540.250000
3579001.750000
5752394.500000
474298.750000
6542128.000000
10392188.000000
11156849.000000
15129185.000000
18335172.000000
27287364.000000
20753116.000000
38013432.000000
27263984.000000
465827.250000
1818314.750000
50513360.000000
34661784.000000
42946524.000000
64787148.000000
80834816.000000
52118196.000000
62176800.000000
73122352.000000
665295.937500
2661025.250000
4032900.750000
7151041.000000
11156120.000000
16048138.000000
29563044.000000
40691200.000000
21827096.000000
1006104.812500
2785505.750000
9011473.000000
13453102.000000
17067312.000000
5451847.000000
25735686.000000
9005129.000000
13445351.000000
18772510.000000
24986612.000000
36177940.000000
48394072.000000
7860908.000000
12038587.000000
17103206.000000
23054766.000000
62384084.000000
29893268.000000
565536.000000
23921438.000000
2010601.500000
4342607.500000
34020736.000000
45893900.000000
7561555.500000
59540956.000000
74961888.000000
11667443.000000
10018906.000000
14678102.000000
665395.812500
2661587.250000
6249291.000000
10022250.000000
92156704.000000
20224236.000000
111125400.000000
26657314.000000
33977332.000000
42184288.000000
51278188.000000
445068.062500
1777077.875000
665569.000000
12796672.000000
20421692.000000
29820658.000000
444284.156250
365763.593750
1414913.125000
1331110.875000
670463.875000
2681859.500000
1395968.875000
221867.671875
887461.187500
1996780.500000
3549826.000000
5546597.000000
7987094.000000
40993572.000000
665642.937500
665616.312500
665358.375000
665300.375000
2124046.750000
1820865.625000
1775542.625000
665449.500000
665332.375000
366062.687500
1396553.250000
444284.156250
665330.000000
665296.500000
2661190.000000
5987680.500000
10644768.000000
595889.812500
5881252.000000
7667484.000000
9690241.000000
11949523.000000
16632453.000000
16632453.000000
23950734.000000
446059.562500
1779090.000000
3999095.000000
7106075.000000
11100029.000000
15980958.000000
21748860.000000
28403738.000000
35945588.000000
1292070.000000
44374416.000000
20146518.000000
15981953.000000
21750022.000000
28405066.000000
35947084.000000
44376076.000000
23351896.000000
26793804.000000
30472232.000000
34387188.000000
38538668.000000
53692044.000000
63894984.000000
74984912.000000
53690216.000000
63892992.000000
74982744.000000
1775922.125000
3092273.000000
1775922.125000
5453221.500000
53940436.000000
21289042.000000
30866904.000000
42218716.000000
55344480.000000
70244200.000000
222080.750000
1330787.625000
86917864.000000
24956464.000000
32053644.000000
40037800.000000
11887817.000000
14377480.000000
105365488.000000
17103668.000000
20066384.000000
23265620.000000
125587056.000000
26701388.000000
48908932.000000
58667040.000000
69312128.000000
80844200.000000
870674.937500
32602862.000000
42582544.000000
53892760.000000
66533504.000000
80504784.000000
95806600.000000
147582592.000000
171352064.000000
1684423.875000
196895504.000000
57374432.000000
62702404.000000
68266888.000000
74067912.000000
80105456.000000
86379504.000000
224212864.000000
998444.875000
666530.312500
998444.750000
1774937.250000
999806.687500
665230.437500
1774937.250000
92890112.000000
99637224.000000
106620880.000000
113841024.000000
121297736.000000
128990944.000000
253304176.000000
2772795.250000
1774639.625000
2772795.250000
3992870.750000
2775064.750000
1774639.625000
3992870.750000
136920704.000000
145086944.000000
153489760.000000
162129072.000000
171004944.000000
284169440.000000
180117280.000000
316808704.000000
351221856.000000
665303.687500
387409024.000000
2661178.250000
425370080.000000
465105152.000000
1006608.062500
2786391.750000
137474672.000000
160446720.000000
5453155.000000
9006897.000000
185192640.000000
13447619.000000
211712608.000000
240006432.000000
75479008.000000
92730368.000000
33138742.000000
44868844.000000
1398758.375000
2661234.000000
5987719.000000
10644782.000000
16632424.000000
23950644.000000
665341.437500
2661268.250000
5987780.500000
5407371.000000
354249.343750
376032.750000
8422210.000000
1373390.500000
1415967.000000
12102282.000000
3057764.500000
3121134.000000
16447587.000000
5407371.000000
5491533.500000
21458124.000000
3025567.500000
3057004.500000
8368719.500000
332638.968750
1850910.250000
5300594.500000
10524329.000000
461015.406250
665339.187500
17522116.000000
461008.187500
4093412.500000
6759804.000000
2092287.250000
4093412.500000
665328.187500
2661316.250000
5987964.500000
10645273.000000
16633242.000000
23951870.000000
446986.000000
2105345.500000
446986.000000
665339.000000
4111669.000000
7673440.500000
9696999.000000
11957096.000000
14453732.000000
17186906.000000
547104.750000
489709.625000
1865301.500000
4127919.500000
7277563.500000
11314234.000000
16237930.000000
22048652.000000
23951534.000000
32600690.000000
42580480.000000
53890908.000000
66531972.000000
28746402.000000
36331176.000000
44802976.000000
80503672.000000
670536.250000
95806016.000000
2671722.250000
6003568.500000
112438976.000000
130402592.000000
149696848.000000
170321728.000000
192277248.000000
215563408.000000
1219764.375000
10666075.000000
16659241.000000
23983068.000000
667888.437500
32637554.000000
42622700.000000
53938508.000000
1331592.750000
1330602.875000
446986.000000
66584976.000000
446986.000000
451126.406250
446986.000000
665621.750000
54699200.000000
54161804.000000
64407660.000000
75540536.000000
64993564.000000
76174952.000000
88243352.000000
101198808.000000
115041256.000000
129770768.000000
80287880.000000
145387264.000000
161890832.000000
2158529.750000
86569104.000000
93086904.000000
99841240.000000
106832112.000000
114059488.000000
179281376.000000
1815878.875000
1815878.875000
6783260.000000
10120119.000000
9210027.000000
9083475.000000
11274719.000000
13702504.000000
16366829.000000
19267698.000000
23952516.000000
1504888.500000
1171919.500000
1882528.000000
2753273.500000
3797818.250000
3252561.000000
4999901.500000
6378382.500000
5665508.500000
7911804.000000
9624220.000000
8743729.000000
3932857.000000
4527930.500000
4223998.000000
665614.812500
1745504.375000
5121173.000000
10270910.000000
1896530.250000
4174327.250000
7339160.500000
17194718.000000
25892596.000000
11391029.000000
12152638.000000
19606196.000000
443517.187500
1774072.750000
9958908.000000
2279307.000000
16790330.000000
3991666.500000
7096299.000000
11087969.000000
25395828.000000
15966678.000000
35775400.000000
47929048.000000
21732426.000000
2018787.250000
4354787.500000
7577827.000000
19389640.000000
28571094.000000
11687904.000000
16685020.000000
22569172.000000
39526632.000000
29340364.000000
36998592.000000
52256236.000000
66759920.000000
25272394.000000
1330556.625000
5322230.500000
11939857.000000
19335694.000000
443517.937500
665354.000000
534310.875000
1330598.500000
2661420.000000
2993849.750000
5322402.000000
8316255.500000
5988198.000000
6527002.500000
8523870.000000
665305.000000
3328978.500000
4793103.000000
6523337.500000
8519682.000000
10782136.000000
2078993.125000
13310699.000000
16301341.000000
21291550.000000
665305.500000
4074829.250000
26947120.000000
2661226.000000
33268052.000000
2661224.000000
40254344.000000
47906000.000000
6735945.000000
10062340.000000
56223020.000000
65205392.000000
5987757.000000
5987761.500000
13308621.000000
1480307.250000
4659233.000000
9612308.000000
443644.687500
335051.906250
667922.187500
1330611.875000
1330611.875000
665332.062500
2661332.250000
665356.312500
16339534.000000
133067.296875
532273.187500
2661429.250000
1197617.625000
2129100.750000
3326722.250000
4790482.500000
5806632.500000
7582357.000000
9594633.000000
11843461.000000
14328840.000000
4790942.000000
665341.937500
2661371.750000
17050770.000000
443755.125000
1330674.625000
2994021.000000
5322706.500000
8316731.500000
11976096.000000
16300799.000000
21743238.000000
28397714.000000
35939268.000000
5988089.500000
44367900.000000
10645495.000000
20009256.000000
16633588.000000
1335404.500000
443644.687500
665382.500000
23204286.000000
443645.125000
27000098.000000
33333456.000000
40333484.000000
579164.125000
6520854.000000
48000184.000000
23952370.000000
32601840.000000
42581996.000000
53892840.000000
443644.687500
443645.187500
665332.062500
665367.250000
665396.187500
66534372.000000
53683608.000000
63886392.000000
74976256.000000
53692028.000000
63895576.000000
74986192.000000
1774586.125000
3001062.000000
5332024.000000
1774586.125000
11835616.000000
14320222.000000
17041382.000000
19999100.000000
23193362.000000
26624188.000000
1332853.000000
2997490.750000
1332934.375000
2997245.750000
5327276.000000
2997367.750000
5326950.000000
8322372.500000
5327112.000000
8321965.000000
11982780.000000
8322167.500000
5324881.500000
4077053.000000
4076981.250000
2094192.625000
5707250.000000
11094483.000000
579301.500000
18255888.000000
2036641.250000
4381068.000000
7612582.500000
11731184.000000
16736873.000000
27191466.000000
12596280.000000
20168872.000000
446578.906250
29515636.000000
1780239.750000
4000988.250000
7108824.000000
40636584.000000
7352375.000000
53531696.000000
11103747.000000
332664.406250
1330661.625000
392287.625000
1447433.750000
2993991.750000
5322654.500000
3934196.500000
5514314.500000
3167895.000000
7360555.000000
10645747.000000
332667.906250
11851408.000000
14496021.000000
5553671.500000
1330675.625000
17406756.000000
20583616.000000
24026596.000000
8604763.000000
27735708.000000
1330629.000000
12321170.000000
31710934.000000
35952296.000000
40459768.000000
45233380.000000
1330629.000000
50273100.000000
55578956.000000
16702891.000000
5322520.000000
11975673.000000
61150924.000000
66989032.000000
21161106.000000
4087486.500000
30713466.000000
7223968.000000
11247537.000000
16158194.000000
42040008.000000
21955936.000000
28640766.000000
17504104.000000
1926370.875000
9204586.000000
15807081.000000
24183950.000000
665401.437500
34335192.000000
421085.125000
665457.250000
675977.000000
450550.781250
450550.781250
450550.781250
1502358.375000
665469.500000
2661882.000000
409468.343750
180250.062500
590581.000000
1237493.375000
450550.781250
2129281.500000
3327004.750000
1480344.000000
4790889.500000
6190955.000000
538290.875000
1959192.125000
8020773.500000
10087173.000000
12390154.000000
14929716.000000
17705860.000000
3072079.250000
665421.437500
2661689.750000
5988805.000000
4267281.000000
10646767.000000
16635576.000000
23955232.000000
32605734.000000
42587084.000000
53899280.000000
7462557.000000
66542324.000000
665422.687500
676012.875000
665412.875000
20718584.000000
23967888.000000
27453778.000000
31176248.000000
35135300.000000
39330928.000000
4483941.500000
11545021.000000
16514672.000000
665449.062500
22371508.000000
760510.625000
29115534.000000
36746748.000000
45265148.000000
450550.781250
4016133.500000
54670676.000000
64963448.000000
76143392.000000
54670736.000000
64963512.000000
76143480.000000
1802207.125000
1802207.125000
3249020.500000
5661071.500000
12108036.000000
14619881.000000
17368308.000000
20353318.000000
23574906.000000
27033084.000000
1404570.625000
1404571.125000
3120348.250000
3104446.500000
5490816.000000
3104447.250000
5469714.500000
8526675.000000
5469714.500000
12227927.000000
8500375.000000
8500375.000000
4139468.000000
5406652.500000
4139468.000000
2803493.750000
343186.375000
1351711.500000
3025656.500000
665449.375000
2661801.500000
5365021.000000
5989056.500000
8369806.000000
12040011.000000
7214236.000000
9306963.000000
3572716.000000
5084851.000000
332727.281250
6863141.000000
2125654.500000
665465.187500
10647245.000000
16636323.000000
4140255.750000
23956308.000000
2661864.750000
32607198.000000
42588996.000000
1330913.125000
5989198.500000
53901700.000000
6820252.500000
66545312.000000
80519832.000000
2994557.500000
95825256.000000
10165644.000000
39284620.000000
43990632.000000
1850959.875000
5301089.000000
530938.875000
1945150.625000
4246556.500000
461104.468750
7435155.500000
10525607.000000
11510950.000000
17524510.000000
26297802.000000
16473938.000000
36845480.000000
13550277.000000
6048756.000000
11569059.000000
887194.312500
665434.687500
665453.250000
2661742.750000
18863750.000000
665394.250000
665429.937500
2661723.750000
665394.250000
670629.437500
332718.218750
2661581.000000
665394.250000
1330876.875000
2994476.000000
27932832.000000
5323515.500000
8317995.500000
11977916.000000
6194051.000000
539052.500000
8024303.500000
10091141.000000
12394561.000000
14934565.000000
17711152.000000
1960653.000000
4863490.500000
539052.500000
1960653.000000
4269448.500000
7465438.500000
11548624.000000
16519005.000000
22376580.000000
29121350.000000
36753316.000000
4269448.500000
45272476.000000
7465438.500000
20724324.000000
457676.218750
450608.343750
450608.343750
450608.343750
450608.343750
23974074.000000
27460414.000000
33274006.000000
40261548.000000
11548624.000000
47914572.000000
16519005.000000
22376580.000000
29121350.000000
36753316.000000
45272476.000000
665478.500000
450608.343750
450608.343750
2824863.000000
6605573.000000
54678832.000000
64972384.000000
76153128.000000
54678832.000000
64972384.000000
76153128.000000
1802437.500000
3251021.000000
5663723.500000
1802437.500000
2722069.500000
951302.750000
4058893.750000
5988974.500000
2661779.750000
10647068.000000
9666314.000000
12067771.000000
4532435.500000
14735387.000000
17669160.000000
20869092.000000
7321103.500000
24335182.000000
1179869.750000
3070388.000000
5848110.500000
5122107.500000
9513034.000000
10272804.000000
14065161.000000
19504492.000000
17197910.000000
25831026.000000
25897416.000000
36371328.000000
33044762.000000
12533456.000000
562413.687500
15660588.000000
472316.843750
24002752.000000
2004989.750000
4334769.000000
7551752.000000
11655938.000000
443599.562500
34119320.000000
17692930.000000
46010296.000000
1774402.250000
3992408.000000
7097617.000000
11090029.000000
15969644.000000
21736462.000000
28390484.000000
59675664.000000
23739606.000000
75115448.000000
35931708.000000
44360136.000000
53675768.000000
63878600.000000
501246.406250
1887935.875000
9663660.000000
665611.187500
6231414.500000
11821299.000000
19185648.000000
28324470.000000
1330921.500000
668031.437500
665456.750000
665456.750000
457697.750000
1330916.500000
376991.750000
2661831.000000
1418025.500000
355012.531250
457697.750000
1330916.500000
5323670.000000
1375087.750000
11978261.000000
21294688.000000
33272952.000000
47913056.000000
665451.500000
1625873.000000
665655.437500
2662300.750000
5989936.000000
10648561.000000
16638176.000000
781053.312500
6278044.000000
665459.625000
8119911.000000
10198371.000000
457697.750000
1019204.812500
665511.500000
1194239.125000
12513426.000000
16741272.000000
24082406.000000
665492.000000
1558949.625000
676214.250000
2704530.750000
6084950.000000
10817471.000000
16902094.000000
24338822.000000
33127646.000000
43268576.000000
20878154.000000
54761608.000000
24139580.000000
27637606.000000
17078648.000000
23027312.000000
29863214.000000
37586348.000000
67606744.000000
31372222.000000
35343436.000000
39551236.000000
46196720.000000
55694328.000000
66079168.000000
77351248.000000
55694328.000000
66079168.000000
77351248.000000
1830795.000000
3124483.750000
5496366.000000
1830795.000000
12981397.000000
7526347.000000
13581815.000000
969872.250000
2725365.750000
5368096.500000
21411758.000000
31016176.000000
8898066.000000
13315273.000000
42395076.000000
18619718.000000
1277049.500000
2661919.750000
5989322.500000
10647687.000000
16637013.000000
23957302.000000
665487.500000
668034.375000
756669.312500
2092886.875000
1690538.125000
1690538.125000
3523206.500000
4094532.500000
3523206.500000
6021305.000000
6761607.000000
6021305.000000
6603483.500000
501732.156250
1888918.125000
4163345.250000
7325014.000000
11373924.000000
16310075.000000
22133468.000000
665461.812500
28844102.000000
36441976.000000
12331748.000000
19834498.000000
665443.250000
3128784.250000
4463845.000000
6035502.000000
7843753.500000
9888601.000000
12170043.000000
29111726.000000
40163436.000000
443618.687500
44927092.000000
501732.156250
665488.187500
501732.156250
665486.562500
563421.687500
14688081.000000
17442714.000000
20433942.000000
52989628.000000
23661762.000000
27126186.000000
30827194.000000
1416747.125000
1505259.875000
1416747.125000
665430.562500
2661726.250000
3429389.750000
3488923.750000
3518883.000000
7940023.000000
760524.000000
5526704.500000
665490.250000
2661965.000000
5989424.500000
10647868.000000
1331253.250000
16637296.000000
1330928.250000
10842881.000000
17933634.000000
23957710.000000
378432.312500
458507.843750
594128.937500
459403.125000
26798956.000000
377025.687500
1418131.125000
1418131.125000
665531.187500
665503.125000
665485.000000
665513.562500
2662058.250000
5989634.000000
10648241.000000
16637879.000000
665490.250000
665489.812500
6222153.000000
8056387.000000
10127228.000000
12434677.000000
14978733.000000
665463.125000
444522.000000
665523.125000
1420858.250000
17759396.000000
760524.000000
3042100.000000
6844728.000000
12168406.000000
19013138.000000
27378922.000000
37265756.000000
48673644.000000
1213013.625000
61602584.000000
76052576.000000
20776670.000000
24030548.000000
27521036.000000
31248128.000000
35211828.000000
16039876.000000
21818680.000000
28484776.000000
36038156.000000
44478820.000000
665503.125000
466380.156250
665526.437500
39412140.000000
53806772.000000
64022012.000000
75124528.000000
53806772.000000
64022012.000000
75124528.000000
1805955.625000
3128747.250000
5502099.000000
1805955.625000
444942.125000
1777170.250000
1819763.250000
4060433.000000
12463336.000000
1790229.375000
1009284.125000
20001504.000000
443641.781250
29314246.000000
998855.687500
40401564.000000
225299.390625
53263456.000000
67899920.000000
84310960.000000
443641.781250
3061297.750000
665478.937500
102496568.000000
1105576.875000
122456752.000000
1374182.250000
144191488.000000
443641.781250
665463.625000
1374182.250000
167700832.000000
998855.687500
192984736.000000
665496.500000
450600.812500
220043216.000000
248876272.000000
279483840.000000
998855.687500
311866080.000000
443641.781250
346022816.000000
1790229.375000
381954208.000000
419660064.000000
998855.687500
459140640.000000
1009284.125000
500395648.000000
998855.687500
543425344.000000
1084137.750000
588229568.000000
998855.687500
634808384.000000
1775871.250000
2800908.250000
443641.781250
683161728.000000
999262.000000
733289536.000000
665524.125000
785192192.000000
760595.812500
838869248.000000
666138.062500
894320896.000000
682707.562500
951546944.000000
450600.812500
1010547968.000000
1071323328.000000
221819.890625
665542.750000
665556.000000
221837.203125
838141.812500
24997870.000000
1639215.000000
2662159.500000
665503.625000
887352.812500
665496.500000
332752.562500
1996546.750000
665496.500000
3549419.000000
5545970.000000
332763.625000
665654.000000
1331014.250000
443641.781250
2994785.000000
443641.781250
2661990.000000
443641.781250
443641.781250
5989480.500000
443641.781250
221939.187500
2994868.000000
332778.218750
5324212.500000
221819.890625
8319084.500000
665479.375000
11979484.000000
16305411.000000
24997870.000000
10647968.000000
16637453.000000
5324065.000000
1330929.250000
1330929.250000
1330929.250000
1330929.250000
1330929.250000
665479.375000
665491.187500
2661967.750000
1330929.250000
1330929.250000
5989430.000000
10647877.000000
443641.781250
21296866.000000
1330929.250000
1330929.250000
1330929.250000
1330929.250000
5323721.000000
1330929.250000
11978375.000000
1330929.250000
21294892.000000
665473.812500
33273272.000000
1330929.250000
47913512.000000
65215620.000000
85179584.000000
1330934.250000
1330929.250000
107805416.000000
1330929.250000
133093104.000000
1330929.250000
161042656.000000
1330929.250000
191654080.000000
1330929.250000
1330929.250000
8318854.000000
1330929.250000
1330929.250000
11979152.000000
26953848.000000
443641.781250
443641.781250
1774571.125000
1330929.250000
1330929.250000
1330929.250000
5323721.000000
33276358.000000
1330929.250000
224927328.000000
1330929.250000
334033.687500
40264396.000000
332750.812500
47917960.000000
12130644.000000
56237040.000000
443641.781250
65221672.000000
74871824.000000
443641.781250
260862480.000000
8318315.500000
443641.781250
299459552.000000
1330929.250000
332750.812500
332747.718750
332744.406250
332744.406250
1330981.625000
332779.593750
2994711.750000
676088.937500
85187496.000000
443641.781250
96168680.000000
1497501.375000
760599.250000
2079753.625000
107815432.000000
443641.781250
120127688.000000
665524.125000
133105472.000000
443641.781250
146748768.000000
665535.000000
161057632.000000
443641.781250
176032000.000000
191671888.000000
1331007.250000
2994769.250000
665524.125000
207977296.000000
665524.125000
443641.781250
2662100.500000
224948208.000000
1330929.250000
443641.781250
665463.625000
443641.781250
242584736.000000
443641.781250
260886752.000000
5323934.500000
8318650.000000
665524.125000
5324037.000000
665523.625000
8318810.500000
443641.781250
11979089.000000
665503.187500
16304874.000000
665524.125000
221819.890625
665647.812500
443641.781250
443641.781250
665509.812500
166696.546875
221819.890625
666790.250000
1500281.000000
5323721.000000
443641.781250
665463.625000
443641.781250
11978375.000000
279854272.000000
2667169.000000
21294892.000000
33273272.000000
47913512.000000
443641.781250
2662100.500000
332742.968750
443641.781250
1330975.875000
443641.781250
65215620.000000
85179584.000000
443641.781250
443641.781250
332737.843750
443641.781250
665527.937500
4167454.000000
443641.781250
299487328.000000
665556.000000
319785920.000000
443641.781250
340750048.000000
443641.781250
362379680.000000
443641.781250
384674784.000000
443641.781250
407635552.000000
443641.781250
431261792.000000
455553536.000000
665539.812500
480510816.000000
443641.781250
506133632.000000
665556.000000
532421984.000000
443641.781250
559375808.000000
586995136.000000
5412535.000000
4016258.250000
1133873280.000000
1774571.125000
3992788.000000
1198197632.000000
2791229.250000
5460462.000000
1264296960.000000
7129574.500000
1332170624.000000
1401818880.000000
1774682.750000
1473241472.000000
2949909.500000
5681529.000000
3059296.250000
5409874.000000
8425915.000000
1546439040.000000
12107420.000000
16454389.000000
1621411072.000000
3992955.500000
1698157568.000000
8429236.000000
12111401.000000
2774545.750000
5437118.000000
1776678528.000000
16459030.000000
1774571.125000
1856974464.000000
2773868.500000
5436169.500000
1939044736.000000
1774571.125000
3992788.000000
3992788.000000
2773868.500000
2022889472.000000
21472122.000000
894228.937500
2661967.250000
2108508672.000000
2195902976.000000
5989429.500000
10647877.000000
2285071104.000000
5436169.500000
16637310.000000
2376014592.000000
1774571.125000
3992788.000000
2468732160.000000
2773868.500000
5436169.500000
3059296.250000
2661858.500000
2563224576.000000
5409874.000000
8425915.000000
12107420.000000
1774571.125000
5323984.000000
16454389.000000
2659491072.000000
1788462.000000
2757532928.000000
4013610.750000
1774571.125000
3992788.000000
2994589.250000
1774571.125000
3992788.000000
5323717.000000
3685631.000000
107805416.000000
133093104.000000
5016555.500000
161042656.000000
191654080.000000
224927328.000000
5323721.000000
11978375.000000
5323721.000000
5323721.000000
11978375.000000
263667264.000000
998195.500000
2772768.750000
1925075.500000
427793.562500
1331317.125000
2995222.750000
2073165.250000
3096953.000000
5324626.500000
5992357.000000
8319528.500000
499096.250000
1386381.875000
2994735.250000
10653082.000000
5323976.500000
8318716.000000
11979928.000000
2875732.500000
998195.500000
998195.500000
2772768.750000
998195.500000
2772768.750000
5325284.000000
998195.500000
11980917.000000
998195.500000
2772768.750000
21298544.000000
2772768.750000
33278166.000000
998195.500000
2772768.750000
47919780.000000
2772768.750000
71973736.000000
78296856.000000
998195.500000
2772768.750000
84886152.000000
998195.500000
2772768.750000
998195.500000
2772768.750000
7396863.000000
665869.875000
2662833.250000
9239683.000000
5990890.500000
10650041.000000
16640285.000000
1498062.125000
91741648.000000
1497368.625000
4159360.750000
98863320.000000
998195.500000
2772768.750000
998195.500000
2772768.750000
4161287.000000
106251168.000000
998195.500000
2772768.750000
113905200.000000
121825440.000000
130011840.000000
2995010.250000
1497430.750000
4159533.250000
998195.500000
2772768.750000
138464416.000000
998195.500000
147183184.000000
998195.500000
2772768.750000
156168160.000000
8319476.500000
165419296.000000
2995010.250000
8319476.500000
174936608.000000
2772768.750000
998195.500000
8152349.500000
184720112.000000
13476336.000000
20131318.000000
28117296.000000
1254135.375000
37434272.000000
2717523.250000
48082244.000000
4492235.000000
6710625.000000
9372693.000000
2073165.250000
12478439.000000
16027864.000000
2772768.750000
3096953.000000
194769824.000000
5328924.500000
998195.500000
2772768.750000
998195.500000
2772768.750000
205085696.000000
1497723.000000
4160345.000000
215667744.000000
998195.500000
226515968.000000
2772768.750000
1330929.375000
237630416.000000
1386788.750000
2772768.750000
249011024.000000
998195.500000
2772768.750000
260657808.000000
5323721.500000
499096.250000
5758801.500000
7396863.000000
1386381.875000
2717311.250000
4491884.500000
6710101.500000
9239683.000000
499096.250000
11287260.000000
1386381.875000
2717311.250000
4491884.500000
6710101.500000
998195.500000
998195.500000
1330927.375000
998195.500000
2772768.750000
2839287.500000
665497.500000
2772768.750000
272570784.000000
2661994.000000
5989489.500000
10647984.000000
16637478.000000
23957970.000000
284749952.000000
2559464.250000
3685631.000000
1330929.375000
2994589.750000
1330927.375000
5323721.500000
998195.500000
2772768.750000
998195.500000
2772768.750000
5989583.000000
998195.500000
2772768.750000
1497294.875000
998195.500000
2772768.750000
10648150.000000
998195.500000
2772768.750000
2994589.750000
998195.500000
2772768.750000
16637737.000000
297195296.000000
748665.750000
2079630.375000
309906816.000000
4076078.250000
8318316.500000
6738009.500000
322884512.000000
16303903.000000
10065424.000000
998195.500000
2772768.750000
1996391.000000
998195.500000
2772768.750000
1630368.750000
3549142.250000
10023295.000000
113877816.000000
336128416.000000
139830976.000000
349638496.000000
168446000.000000
199722880.000000
233661632.000000
14684413.000000
1811529.125000
499096.250000
1386381.875000
2994571.000000
2994778.000000
5324052.500000
665526.062500
4473374.000000
998195.500000
8318834.500000
2662108.250000
5989746.500000
1638055.500000
2559464.250000
10648441.000000
3685631.000000
998195.500000
2772768.750000
5016555.500000
998195.500000
2772768.750000
2772768.750000
16638192.000000
1064731.250000
499096.250000
665526.750000
2662111.000000
998195.500000
2772768.750000
2695102.000000
998195.500000
2772768.750000
4026019.000000
1386381.875000
5623119.500000
2717311.250000
4491884.500000
6710101.500000
10023295.000000
2395648.250000
7486404.000000
5989753.000000
10648452.000000
4258933.000000
16638209.000000
998195.500000
6247937.500000
14684413.000000
2772768.750000
998195.500000
1330927.375000
998195.500000
2772768.750000
2994589.750000
998195.500000
2772768.750000
1774571.125000
2772768.750000
998195.500000
2772768.750000
6552238.000000
998195.500000
2772768.750000
8292679.000000
998195.500000
2772768.750000
10237877.000000
363414720.000000
499096.250000
1386381.875000
377457184.000000
2994870.250000
5324216.500000
1497294.875000
998195.500000
2772768.750000
8319091.000000
1521201.750000
998195.500000
2772768.750000
391765856.000000
4348915.500000
5901784.000000
406340672.000000
4225564.000000
421181632.000000
436288832.000000
8282108.000000
13690834.000000
451662144.000000
748694.625000
2079676.750000
467301728.000000
4076140.750000
6738087.000000
10065515.000000
20451742.000000
998195.500000
2772768.750000
3101897.500000
998195.500000
3874691.000000
998195.500000
2772768.750000
5989382.000000
10647793.000000
998195.500000
16637179.000000
23957540.000000
998195.500000
2772768.750000
998195.500000
665523.625000
2662098.500000
5989724.500000
32608876.000000
10648402.000000
16638131.000000
42591188.000000
2772768.750000
3042573.000000
2772768.750000
998195.500000
53904476.000000
2994592.750000
66548736.000000
998195.500000
2772768.750000
80523976.000000
998195.500000
2772768.750000
95830184.000000
998195.500000
2772768.750000
8318316.500000
998195.500000
2772768.750000
112467360.000000
998195.500000
2772768.750000
130435536.000000
998195.500000
2772768.750000
149734656.000000
2772768.750000
170364784.000000
739734912.000000
998195.500000
2772768.750000
998195.500000
1330995.000000
5323984.000000
791861056.000000
845761984.000000
901437312.000000
998195.500000
665496.062500
998195.500000
2772768.750000
958887232.000000
2661988.250000
5989476.500000
1018111872.000000
10647961.000000
16637442.000000
2772768.750000
1079110912.000000
1141884672.000000
2772768.750000
1775221.125000
1782391.625000
4004514.500000
1206432768.000000
2258590.500000
4704242.000000
1272755712.000000
1359040.625000
3355655.500000
1340852992.000000
1365113.750000
3993763.000000
1410725120.000000
1359040.625000
5325284.000000
1482371456.000000
1408197.250000
3432648.500000
1555792768.000000
1359040.625000
5323984.000000
1630988288.000000
3365194.750000
446676192.000000
3064352.250000
5989684.500000
10648111.000000
16637470.000000
487379616.000000
529857536.000000
574110016.000000
620137152.000000
19490404.000000
8256791.500000
12528271.000000
179378896.000000
17687042.000000
23733100.000000
205497984.000000
233391632.000000
33273328.000000
665496.187500
2661988.750000
5989477.500000
10647963.000000
16637445.000000
23957922.000000
689487.437500
689487.437500
750720.812500
1980166.375000
2083032.875000
1980166.375000
3936311.250000
4080810.750000
3936311.250000
6557922.000000
6744054.500000
6557922.000000
676055.187500
2704225.000000
73625760.000000
90678120.000000
6084509.000000
10816908.000000
109505064.000000
16901420.000000
130106576.000000
152482688.000000
16985034.000000
176633376.000000
202558640.000000
22918790.000000
29739836.000000
230258432.000000
37448172.000000
46043800.000000
1330934.500000
5323742.000000
1481187.125000
1481187.125000
1503228.375000
482596.687500
1851673.750000
697092.812500
2724885.250000
6083742.500000
10773663.000000
8058549.000000
14293873.000000
16794650.000000
483050.406250
22303796.000000
32088318.000000
1852562.500000
4109374.500000
7253486.000000
11284898.000000
43647432.000000
16203609.000000
22009620.000000
56981136.000000
28702932.000000
36283540.000000
44751452.000000
54106664.000000
72089448.000000
64349172.000000
88972360.000000
75478992.000000
87496096.000000
100400512.000000
107629872.000000
1034942.437500
2833807.750000
6115033.000000
10815202.000000
128061984.000000
16846390.000000
43562492.000000
6284403.000000
10067559.000000
56884092.000000
14738014.000000
20295768.000000
26740822.000000
34073176.000000
71980288.000000
88851088.000000
42292832.000000
51399784.000000
61394040.000000
72275592.000000
84044464.000000
96700600.000000
110244072.000000
107496488.000000
127916480.000000
124674832.000000
139992880.000000
150111104.000000
32217794.000000
174080256.000000
40222772.000000
49115048.000000
58894628.000000
69561504.000000
56835608.000000
43322712.000000
71925752.000000
665472.875000
2661895.500000
5989268.000000
10647590.000000
16636862.000000
52534512.000000
62633616.000000
73620024.000000
85493736.000000
88790496.000000
107429832.000000
98254728.000000
111903040.000000
127843768.000000
150032304.000000
126438624.000000
141861536.000000
158171728.000000
175369248.000000
193454032.000000
173995424.000000
212426144.000000
199733168.000000
232285536.000000
253032240.000000
274666240.000000
2269432.750000
4719903.500000
8057675.000000
12282746.000000
17395118.000000
227245488.000000
256532432.000000
297187520.000000
320596128.000000
344891968.000000
370075200.000000
287593952.000000
320430080.000000
396145696.000000
16002594.000000
21775242.000000
28435188.000000
35982436.000000
355040800.000000
423103520.000000
391426144.000000
44416980.000000
429586016.000000
450948544.000000
23389288.000000
53738824.000000
469520576.000000
30275500.000000
38049012.000000
46709828.000000
56257940.000000
66693352.000000
78016064.000000
90226064.000000
103323392.000000
511229664.000000
554713408.000000
117307992.000000
18761094.000000
127325144.000000
161751136.000000
186598544.000000
24974790.000000
32075786.000000
40064080.000000
48939676.000000
213220544.000000
241617152.000000
142800480.000000
159163088.000000
176413040.000000
194550224.000000
213574784.000000
233486576.000000
254285728.000000
275972096.000000
298545856.000000
271788352.000000
303734144.000000
322006880.000000
337454560.000000
372949536.000000
346355136.000000
371590816.000000
397713760.000000
424723968.000000
452621408.000000
481406304.000000
511078432.000000
541637824.000000
573084480.000000
410219136.000000
449263328.000000
605418624.000000
58702572.000000
490082112.000000
532675520.000000
69352768.000000
80890280.000000
93315056.000000
106627176.000000
36984772.000000
638639936.000000
577043456.000000
672748544.000000
120826544.000000
707744320.000000
743627648.000000
780398208.000000
818056000.000000
623186176.000000
856601024.000000
896033536.000000
936353280.000000
977560320.000000
671103360.000000
1019654464.000000
135913264.000000
45529852.000000
720795008.000000
1062636224.000000
1333615.500000
5329263.000000
445386.812500
1409949.375000
3435401.750000
6348154.000000
10649168.000000
58581800.000000
77714776.000000
73888480.000000
14835561.000000
12820816.000000
5536447.500000
27456428.000000
6718044.000000
10614499.000000
15398256.000000
21069312.000000
38215324.000000
25744168.000000
6033800.000000
27627670.000000
16264237.000000
221903.468750
334120.468750
334130.593750
1331041.750000
3803382.750000
8364883.000000
1333759.500000
443713.125000
443713.125000
14701055.000000
1690854.625000
447213.406250
665557.125000
443740.187500
443713.187500
665556.625000
665499.500000
443747.031250
661205.875000
2998888.000000
665519.937500
1333739.000000
22811894.000000
718506.750000
118706.039062
474032.000000
1065978.125000
665658.187500
1894544.375000
2959731.000000
1333739.000000
2998857.250000
2998857.250000
4261537.500000
5799965.000000
7575012.500000
9586680.000000
11834968.000000
16638780.000000
443821.531250
1774978.125000
3993470.250000
23959748.000000
7099298.000000
11092461.000000
15972959.000000
21740796.000000
28395964.000000
35938468.000000
665526.687500
44368312.000000
2662110.750000
5989752.500000
32611784.000000
42594892.000000
53909072.000000
66554320.000000
80530640.000000
95838032.000000
665599.500000
2662402.000000
10648451.000000
16638207.000000
23959022.000000
32610892.000000
42593820.000000
53907808.000000
66552848.000000
1774829.500000
32697404.000000
5329515.500000
1830668.750000
8325643.500000
53685484.000000
53685484.000000
63889996.000000
74981840.000000
63889996.000000
74981840.000000
14448158.000000
998928.625000
2774054.250000
5436519.000000
8986322.000000
22496614.000000
32319746.000000
43917548.000000
57290032.000000
13423464.000000
665720.062500
2662884.250000
3994683.000000
22339804.000000
32131750.000000
7100925.000000
11094508.000000
43698372.000000
16307345.000000
57039680.000000
72155664.000000
33280306.000000
1249815.000000
2662428.000000
5990466.000000
10649720.000000
16640190.000000
23961876.000000
665565.062500
1331212.000000
2995230.000000
1877333.500000
2662428.000000
1877333.500000
3790828.500000
4373193.000000
3790828.500000
6369828.500000
7118570.500000
6369828.500000
1331010.250000
2662430.000000
5990470.500000
11979105.000000
2299339.250000
3538859.750000
1331014.500000
5044580.000000
6816499.500000
2995226.250000
8854619.000000
11158939.000000
13729458.000000
2995232.250000
16566177.000000
19669096.000000
11980941.000000
23038208.000000
21299456.000000
26957126.000000
33280406.000000
332773.937500
1331099.750000
11979118.000000
30575044.000000
34742764.000000
7987290.500000
39176676.000000
43876796.000000
17971412.000000
22186932.000000
48843112.000000
54075632.000000
3381083.250000
3651456.500000
3381083.250000
16334831.000000
19416942.000000
6594938.500000
2516447.500000
8601846.000000
10874953.000000
13414260.000000
4679346.500000
16219768.000000
19291476.000000
7507751.500000
22629382.000000
26233490.000000
30103798.000000
887451.812500
34240308.000000
38643016.000000
11001666.000000
1261145.750000
15161089.000000
43311928.000000
48247036.000000
53448348.000000
4238869.500000
5044607.000000
58915856.000000
64649568.000000
7986428.500000
70649480.000000
76915592.000000
19986018.000000
25476456.000000
83447904.000000
90246416.000000
16955522.000000
97311136.000000
104642040.000000
1457925.250000
450743.062500
2701255.750000
1547233.250000
4778116.500000
9783770.000000
445426.500000
1331078.500000
5324318.000000
11979719.000000
21297280.000000
33277004.000000
47918888.000000
4160258.250000
5324318.000000
5990776.500000
7030843.000000
8154117.000000
16564198.000000
10650280.000000
405229.343750
445426.500000
466509.156250
447164.812500
665561.562500
665588.250000
445426.500000
520927.218750
887429.375000
1820119.625000
4061117.000000
7189501.500000
1750912.625000
11205273.000000
6013013.000000
7818271.000000
11980309.000000
21298330.000000
33278644.000000
47921248.000000
5223825.000000
5788173.500000
6381464.000000
7003694.500000
7654867.000000
665538.250000
2662157.000000
5989856.500000
10648636.000000
16638497.000000
23959438.000000
32611460.000000
42594560.000000
53908744.000000
66554008.000000
5632198.000000
20394060.000000
23619118.000000
27080814.000000
30779140.000000
34714104.000000
38885696.000000
16108431.000000
21898976.000000
28576904.000000
36142224.000000
44594928.000000
53935020.000000
64162500.000000
75277368.000000
53935020.000000
64162500.000000
75277368.000000
1781710.000000
3205171.500000
5603449.500000
2781887.500000
25119398.000000
11888582.000000
3621172.500000
5326962.000000
11983718.000000
21302656.000000
33283778.000000
47927084.000000
773801.625000
2662421.000000
5990450.500000
6813413.500000
773801.625000
2662600.000000
10157706.000000
2121461.500000
3046837.000000
14167538.000000
4134665.750000
5393463.000000
18842918.000000
6813413.500000
8405633.000000
24183840.000000
4106650.500000
9215581.000000
3541883.750000
1331101.625000
5324410.500000
1331101.875000
5324410.500000
11979927.000000
21297650.000000
33277582.000000
47919720.000000
1885183.000000
5359409.000000
22132084.000000
10650520.000000
28843172.000000
4387897.500000
7137432.500000
10552518.000000
14633149.000000
1156773.875000
3577197.000000
7328722.000000
12411352.000000
17632272.000000
26430908.000000
32617228.000000
12338183.000000
19843430.000000
5435536.000000
8985208.000000
13422285.000000
18746764.000000
24958652.000000
32057944.000000
40044640.000000
29123486.000000
40178356.000000
48918744.000000
58680252.000000
69329160.000000
80865480.000000
665659.000000
2662640.000000
457977.218750
1803246.500000
16903122.000000
4035921.000000
25536468.000000
26650076.000000
16641515.000000
23963784.000000
32617376.000000
42602288.000000
53918524.000000
66566080.000000
80544960.000000
33971200.000000
77817952.000000
95325344.000000
42179720.000000
51275648.000000
61258984.000000
72129712.000000
457728.312500
1802752.750000
4035182.250000
114607544.000000
83887872.000000
135664560.000000
7155017.500000
11162258.000000
16056903.000000
21838952.000000
146980.000000
338486.093750
1342501.375000
855844.562500
2662453.500000
3012070.000000
5990523.500000
10649822.000000
16640349.000000
6617386.000000
8627552.000000
665579.062500
10903936.000000
13446539.000000
5347192.000000
2377352.750000
16255360.000000
4659617.000000
19330400.000000
22671658.000000
9509431.000000
11506414.000000
26279138.000000
30152830.000000
34292748.000000
21396236.000000
38698876.000000
43371228.000000
30810586.000000
34329084.000000
48309796.000000
53514588.000000
46025700.000000
58985588.000000
64722816.000000
1003544.500000
5646062.000000
5750418.500000
11155878.000000
18336208.000000
665684.500000
367579.000000
1399869.250000
855876.750000
1521561.250000
2995293.500000
5324969.000000
8320266.500000
11981186.000000
485000.875000
1621287.500000
1361925.875000
1183434.625000
665635.000000
445454.968750
27291412.000000
855876.750000
1521561.250000
2377442.000000
3423519.000000
4659792.000000
6086261.000000
7702926.500000
665684.500000
445454.968750
1563266.000000
855876.750000
665606.875000
2662431.500000
5990474.000000
10649734.000000
16640212.000000
23961908.000000
32614822.000000
42598952.000000
53914300.000000
9509788.000000
11506846.000000
13694100.000000
16071552.000000
18639196.000000
21397036.000000
66560868.000000
27483314.000000
665608.312500
2662437.250000
5990487.000000
10649757.000000
16640248.000000
23961960.000000
32614892.000000
42599044.000000
53914420.000000
66561012.000000
11506846.000000
20250602.000000
23464806.000000
26915662.000000
30603162.000000
34527312.000000
38688108.000000
53938560.000000
64166664.000000
75282208.000000
53938560.000000
64166664.000000
75282208.000000
1781823.875000
1783561.125000
3105688.750000
5471736.000000
999667.687500
12631617.000000
20215252.000000
2775410.000000
29573764.000000
5990739.000000
10650202.000000
3606136.500000
5324934.500000
11981106.000000
21299746.000000
33280856.000000
47924436.000000
755643.250000
665582.500000
1331167.000000
1694307.375000
2091373.250000
1723766.500000
3528898.250000
4092686.000000
3571357.500000
6759581.000000
6029072.000000
6084531.000000
3256539.000000
3522525.750000
3276903.250000
665617.437500
332845.000000
1331234.875000
2662473.750000
2995281.500000
5324947.500000
8320233.000000
11981138.000000
6740174.500000
7027846.500000
9095406.000000
11429196.000000
14029219.000000
5471457.000000
1183455.125000
16895472.000000
20027958.000000
3624341.750000
23426674.000000
27091622.000000
8503038.000000
8949918.000000
10651144.000000
32613752.000000
14497395.000000
42597556.000000
53912536.000000
21376264.000000
23965092.000000
66558688.000000
80536016.000000
32619156.000000
95844512.000000
60200752.000000
65995552.000000
6821334.000000
19596040.000000
22959360.000000
10167502.000000
26588916.000000
30484700.000000
14179259.000000
34646724.000000
47922472.000000
43769460.000000
48730176.000000
14862566.000000
17808830.000000
6049882.000000
1521596.750000
21021330.000000
24500062.000000
4659900.500000
28245028.000000
32256224.000000
9510010.000000
11507114.000000
36533656.000000
16071920.000000
42600004.000000
53915632.000000
24345644.000000
27483946.000000
66562512.000000
80540640.000000
38040080.000000
95850024.000000
46028500.000000
67789120.000000
73930184.000000
1331180.250000
969305.187500
3711714.250000
5324725.000000
11980635.000000
21298908.000000
33279548.000000
8229031.500000
14521256.000000
47922552.000000
65227920.000000
22588390.000000
665646.750000
11011842.000000
18151498.000000
2662591.000000
5990833.000000
10650372.000000
27066062.000000
16641209.000000
37755532.000000
50219912.000000
2072546.625000
3256169.750000
1211478.000000
4706026.500000
6422117.000000
10650031.000000
3423616.750000
16640676.000000
6086435.000000
23962576.000000
15948815.000000
332850.750000
18996074.000000
22309570.000000
1331182.375000
25889294.000000
29735256.000000
33847448.000000
1849172.000000
8016403.000000
38225872.000000
42870528.000000
47781424.000000
52958548.000000
8950019.000000
11980654.000000
58401916.000000
14497558.000000
64111504.000000
70087336.000000
21376508.000000
23965362.000000
26702152.000000
76329400.000000
82837696.000000
24165684.000000
7364911.500000
13365849.000000
21141876.000000
665690.562500
1331383.125000
5325536.500000
11982460.000000
21302154.000000
33284618.000000
47929852.000000
6087056.500000
7703933.500000
444205.531250
2247818.000000
855988.562500
1521760.125000
2377752.750000
3423966.250000
4660401.000000
6087056.500000
7703933.500000
9511031.000000
11508350.000000
13695889.000000
16073648.000000
665700.562500
1561661.500000
30692994.000000
1183589.375000
1849360.875000
449433.968750
27886120.000000
1786396.250000
4010905.000000
7122959.000000
11122560.000000
5832643.000000
7612575.000000
9629183.000000
11882468.000000
16646245.000000
23969814.000000
1331317.375000
5325273.500000
11981869.000000
21301102.000000
33282976.000000
47927488.000000
65234636.000000
85204424.000000
107836856.000000
133131920.000000
31872810.000000
20062378.000000
23262364.000000
26699032.000000
30372370.000000
34282388.000000
24051036.000000
26963790.000000
30042988.000000
35996432.000000
44433764.000000
40279252.000000
53758644.000000
63971068.000000
75071032.000000
53758644.000000
63971068.000000
75071032.000000
1776826.125000
3046427.250000
5393147.000000
2995974.750000
11858123.000000
14345654.000000
17069862.000000
20030744.000000
23228302.000000
26662540.000000
1347630.250000
3020889.250000
1347681.250000
3019908.000000
5359150.500000
3019984.500000
5357844.500000
8363070.500000
5357946.000000
8361439.000000
12032649.000000
8361566.000000
5415524.500000
1689521.875000
2085468.000000
1997320.625000
2322206.500000
707947.625000
2663104.000000
5991987.000000
10652424.000000
16644415.000000
23967960.000000
4003101.500000
5596280.000000
3247297.750000
7455719.500000
9581420.000000
11973381.000000
14631604.000000
5991987.000000
17556088.000000
20746832.000000
23967960.000000
32623060.000000
42609712.000000
53927920.000000
66577680.000000
80558992.000000
40694472.000000
45482780.000000
50537352.000000
55858184.000000
61445280.000000
16644415.000000
23967960.000000
67298632.000000
73418248.000000
53927920.000000
66577680.000000
27704558.000000
1331319.625000
79804128.000000
86456264.000000
5548132.000000
93374672.000000
34110580.000000
14203228.000000
17975962.000000
100559320.000000
108010232.000000
115727424.000000
123710880.000000
131960576.000000
37315208.000000
12230071.000000
41906080.000000
46763220.000000
16598049.000000
51886624.000000
57276292.000000
62932224.000000
21631698.000000
68854424.000000
75042880.000000
22054640.000000
8423996.000000
25614832.000000
8383853.500000
979596.562500
3732120.750000
8259841.000000
5992347.000000
10653064.000000
16645415.000000
23969400.000000
32625020.000000
42612272.000000
53931160.000000
66581680.000000
670967.000000
2663264.000000
5992347.000000
10653064.000000
16645415.000000
23969400.000000
32625020.000000
42612272.000000
466631.281250
1820574.750000
4062116.750000
5896444.000000
8322702.500000
11984694.000000
16312503.000000
21306128.000000
26965570.000000
33290830.000000
40281908.000000
47938800.000000
56261524.000000
65250040.000000
74904368.000000
85224544.000000
96210536.000000
107862320.000000
120179912.000000
133163360.000000
146812624.000000
161127664.000000
176108528.000000
191755248.000000
208067792.000000
225046096.000000
242690208.000000
261000208.000000
279976032.000000
299617600.000000
319924960.000000
340898240.000000
362537312.000000
384842144.000000
407812800.000000
431449344.000000
455751712.000000
480719808.000000
506353696.000000
532653536.000000
559619136.000000
587250496.000000
615547712.000000
644510784.000000
674139648.000000
1782137.625000
3074250.000000
1782137.625000
5430224.500000
53948004.000000
64177932.000000
75295448.000000
53948004.000000
64177932.000000
75295448.000000
11903979.000000
14396163.000000
17125036.000000
20090600.000000
23292854.000000
26731798.000000
3034815.250000
1354929.375000
1354929.375000
3030888.750000
5377773.000000
3030888.750000
8386428.000000
5372546.000000
5372546.000000
8379900.500000
12060781.000000
8379900.500000
4097921.750000
5351642.000000
4097921.750000
665822.000000
1003907.187500
2705328.500000
5992410.000000
10653176.000000
16645590.000000
23969652.000000
32625362.000000
42612720.000000
7988333.500000
10184054.000000
3843576.750000
2213200.250000
5407424.000000
443803.343750
1126536.125000
4014071.500000
1775217.375000
3994242.250000
7100877.500000
11095124.000000
15976981.000000
8676827.000000
15114804.000000
21746448.000000
28403526.000000
35948216.000000
44380516.000000
2333495.500000
23328000.000000
33316416.000000
1331414.000000
2663310.000000
5992450.500000
10653248.000000
16645703.000000
23969814.000000
32625582.000000
42613008.000000
53932092.000000
66582832.000000
472030.625000
45080048.000000
998736.812500
1979395.750000
2774275.500000
750137.375000
7459723.500000
887767.375000
9457254.000000
11691477.000000
14162394.000000
16870004.000000
19814304.000000
14204326.000000
17977352.000000
22194264.000000
26855062.000000
31959746.000000
37508320.000000
43500772.000000
49937104.000000
56817336.000000
64141456.000000
71909448.000000
80121320.000000
88777096.000000
97876760.000000
107420296.000000
117407712.000000
127839032.000000
138714240.000000
150033312.000000
161796304.000000
174003152.000000
186653840.000000
199748496.000000
213287040.000000
227269392.000000
241695664.000000
256565856.000000
271879968.000000
287637888.000000
303839648.000000
320485408.000000
337575040.000000
355108448.000000
501127.562500
472079.343750
998736.812500
1775534.750000
2774275.500000
53700424.000000
63907948.000000
75003080.000000
86985808.000000
58618892.000000
73932968.000000
99856176.000000
57748220.000000
68317040.000000
79773456.000000
57748220.000000
68317040.000000
79773456.000000
1888125.875000
4080291.250000
6743927.500000
2996222.250000
1831243.500000
10013424.000000
14673413.000000
20221018.000000
26656242.000000
9558909.000000
16272210.000000
33979084.000000
665856.500000
8756434.000000
15219970.000000
23458802.000000
687222.062500
1342040.875000
2673363.250000
6015070.000000
10693461.000000
16708535.000000
24060292.000000
4734978.000000
5992708.500000
7398408.000000
1341893.625000
1331713.000000
2996357.250000
33472932.000000
8323221.500000
11985441.000000
2185998.000000
1331713.000000
2996357.250000
5326860.000000
10385158.000000
12720806.000000
15293157.000000
21303562.000000
16646453.000000
23970894.000000
32627052.000000
42614928.000000
53934520.000000
66585832.000000
80568856.000000
95883600.000000
112530072.000000
130508240.000000
149818112.000000
170459744.000000
192433088.000000
215738112.000000
240374864.000000
266343360.000000
293643584.000000
322275456.000000
352239072.000000
383534464.000000
416161536.000000
450120288.000000
485410752.000000
522032960.000000
559986944.000000
599272576.000000
639889920.000000
681839104.000000
725119872.000000
769732352.000000
815676544.000000
862952448.000000
911560256.000000
961499584.000000
1012770688.000000
1065373568.000000
1119308160.000000
71312760.000000
83008328.000000
95591520.000000
71312760.000000
83008328.000000
95591520.000000
2262517.250000
4224910.500000
6929556.500000
2791295.250000
14706767.000000
22820600.000000
32709730.000000
44374152.000000
57813884.000000
665811.875000
22504852.000000
729695.187500
32331504.000000
1387200.500000
43933448.000000
57310700.000000
3551243.000000
72463248.000000
5548822.000000
89391104.000000
7990308.500000
108094256.000000
10875702.000000
128572712.000000
150826496.000000
174855520.000000
17978212.000000
200659920.000000
228239536.000000
24470354.000000
26856352.000000
29353324.000000
257594528.000000
34680216.000000
288724736.000000
40451000.000000
321630336.000000
46665708.000000
356311168.000000
53324304.000000
56820080.000000
60426828.000000
64144556.000000
392767360.000000
71912920.000000
430998784.000000
80125192.000000
84397800.000000
471005600.000000
93275960.000000
512787584.000000
102597992.000000
556345024.000000
112363968.000000
601677696.000000
122573816.000000
648785600.000000
133227608.000000
697668928.000000
144325280.000000
748327424.000000
155866864.000000
800761344.000000
854970432.000000
910954944.000000
180281760.000000
186662944.000000
193155088.000000
968714624.000000
206472272.000000
1028249792.000000
220233424.000000
1089560064.000000
1152645888.000000
665751.375000
332898.031250
665798.062500
1331596.125000
1387200.500000
9675067.000000
2718918.500000
3551243.000000
5325901.000000
5548822.000000
6714077.000000
7990308.500000
9377519.000000
10875702.000000
12484862.000000
14205004.000000
16036122.000000
17978212.000000
20031278.000000
22195328.000000
24470354.000000
26856352.000000
29353324.000000
31961282.000000
34680216.000000
37510128.000000
40451000.000000
43502864.000000
46665708.000000
49939508.000000
53324304.000000
56820080.000000
60426828.000000
64144556.000000
67973240.000000
71912920.000000
75963576.000000
80125192.000000
84397800.000000
88781392.000000
93275960.000000
97881504.000000
102597992.000000
107425496.000000
112363968.000000
117413392.000000
122573816.000000
127845224.000000
133227608.000000
138720960.000000
144325280.000000
150040592.000000
155866864.000000
161804112.000000
167852368.000000
174011568.000000
180281760.000000
186662944.000000
193155088.000000
199758192.000000
206472272.000000
213297344.000000
220233424.000000
227280448.000000
234438432.000000
241707456.000000
249087392.000000
256578320.000000
264180224.000000
271893088.000000
279716992.000000
287651840.000000
295697632.000000
303854464.000000
312122240.000000
320500960.000000
328990688.000000
337591360.000000
346303072.000000
355125728.000000
364059360.000000
373104000.000000
382259584.000000
391526112.000000
400903648.000000
410392160.000000
419991680.000000
429702144.000000
439523584.000000
449456064.000000
459499456.000000
469653792.000000
479919136.000000
490295456.000000
500782816.000000
511381088.000000
522090336.000000
532910624.000000
543841856.000000
554884032.000000
566037056.000000
577301312.000000
588676480.000000
600162624.000000
611759616.000000
623467712.000000
635286784.000000
647216704.000000
659257728.000000
671409792.000000
683672640.000000
696046464.000000
708531392.000000
721127168.000000
733834048.000000
746651968.000000
759580672.000000
772620480.000000
785771328.000000
799032960.000000
812405696.000000
825889472.000000
839484160.000000
853189696.000000
867006400.000000
880934016.000000
894972480.000000
909121920.000000
923382528.000000
937753920.000000
952236480.000000
966829952.000000
981534272.000000
996349760.000000
1011276224.000000
1026313664.000000
1041461888.000000
1056721216.000000
1072091584.000000
1087572736.000000
1103165056.000000
1118868352.000000
1134682496.000000
1150607488.000000
1166643712.000000
1182790784.000000
1199048960.000000
1215418112.000000
1231897984.000000
1248489088.000000
1265191168.000000
1282004096.000000
1298928128.000000
1315963136.000000
1333109120.000000
1350365824.000000
1367733888.000000
1385212800.000000
1402802432.000000
1420503168.000000
1438315008.000000
1456237568.000000
1474271488.000000
1492416256.000000
1510671744.000000
1529038464.000000
1547516288.000000
1566104960.000000
1584804352.000000
1603615104.000000
1622536704.000000
1641569024.000000
1660712704.000000
1679967232.000000
1699332608.000000
1718808832.000000
1738396288.000000
1758094592.000000
1777904000.000000
1797824512.000000
1817855616.000000
1837997952.000000
1858251392.000000
1878615424.000000
1899090816.000000
1919677056.000000
1940374400.000000
1961182336.000000
1982101632.000000
2003131776.000000
2024272768.000000
2045524608.000000
2066887680.000000
2088361600.000000
2109946752.000000
2131642752.000000
2153449472.000000
2175367680.000000
2197396480.000000
2219536640.000000
2241787136.000000
2264148992.000000
2286621952.000000
2309205760.000000
2331900160.000000
2354706432.000000
2377623040.000000
2400651008.000000
2423789568.000000
2447038976.000000
2470400000.000000
2493871360.000000
2517453824.000000
2541147648.000000
2564952064.000000
2588866816.000000
2612893696.000000
2637030912.000000
2661279232.000000
2685639168.000000
321035744.000000
1426759.625000
355685312.000000
3137920.500000
392110272.000000
3995157.250000
5437855.500000
430310432.000000
8989113.000000
11097672.000000
13428186.000000
15980653.000000
470285984.000000
21751450.000000
512036768.000000
28410060.000000
32072300.000000
555562880.000000
40062628.000000
44390728.000000
48940784.000000
53712788.000000
600864320.000000
63922660.000000
69360528.000000
647941120.000000
80902120.000000
87005856.000000
696793152.000000
99879184.000000
106648760.000000
747420352.000000
120853808.000000
799823040.000000
135946656.000000
143826016.000000
854000960.000000
160250608.000000
168795824.000000
909954048.000000
186552128.000000
195763200.000000
967682432.000000
214851232.000000
224728192.000000
1027186304.000000
245147920.000000
255690736.000000
1088465408.000000
277442208.000000
1151519872.000000
300081504.000000
1216349440.000000
323608608.000000
335705088.000000
1282954496.000000
360563936.000000
373326240.000000
386310496.000000
399516800.000000
412945056.000000
1351334912.000000
440467264.000000
454561312.000000
1421490560.000000
483415328.000000
498175232.000000
513157152.000000
1493421312.000000
543786816.000000
559434496.000000
575304256.000000
1567127552.000000
607709440.000000
624244992.000000
1642609152.000000
657982080.000000
675183488.000000
1719866112.000000
1798898048.000000
728119424.000000
1879705472.000000
764519808.000000
783052992.000000
1962288256.000000
820785152.000000
839984128.000000
859405184.000000
2046646400.000000
2132779520.000000
918999616.000000
939308480.000000
959839296.000000
2220688128.000000
1195332.250000
998604.312500
2773904.000000
2310371584.000000
998604.312500
2773904.000000
2401831168.000000
3095892.250000
1416706.750000
1714217.375000
2773904.000000
2394242.500000
2776756.250000
2495065344.000000
2590075648.000000
5991957.500000
10652372.000000
998604.312500
1331472.250000
1997578.625000
3551253.500000
5548836.000000
7990326.500000
1254647.500000
499300.656250
1386949.500000
2996291.500000
2663318.250000
5326743.000000
67235392.000000
4734999.000000
5992735.500000
7398441.000000
8952116.000000
10653760.000000
2995818.750000
2663442.000000
5992747.500000
10653776.000000
16646528.000000
23971002.000000
32627200.000000
42615120.000000
53934764.000000
66586132.000000
80569216.000000
95884032.000000
112530552.000000
130508824.000000
149818816.000000
170460512.000000
192433920.000000
215739088.000000
240375984.000000
266344560.000000
293644864.000000
322276928.000000
352240704.000000
383536192.000000
416163360.000000
450122336.000000
485412992.000000
522035296.000000
998604.312500
2663442.000000
73352552.000000
10653776.000000
16646528.000000
23971002.000000
32627200.000000
79736008.000000
53934764.000000
86385760.000000
80569216.000000
95884032.000000
112530552.000000
130508824.000000
149818816.000000
170460512.000000
192433920.000000
215739088.000000
240375984.000000
266344560.000000
293644864.000000
322276928.000000
352240704.000000
383536192.000000
416163360.000000
450122336.000000
485412992.000000
522035296.000000
559989440.000000
599275264.000000
639892864.000000
681842176.000000
725123072.000000
769735808.000000
815680320.000000
862956352.000000
911564288.000000
961503936.000000
1012775296.000000
1065378432.000000
1119313024.000000
1174579584.000000
1231177856.000000
1289107712.000000
1348369408.000000
1408962816.000000
1470888064.000000
1534144896.000000
1598733312.000000
1664653696.000000
1731905280.000000
1800489344.000000
1870404992.000000
1941651968.000000
2014230784.000000
2088141696.000000
2163384320.000000
2239958272.000000
2317863424.000000
2397101056.000000
2477670656.000000
2559571456.000000
2642803968.000000
2727368704.000000
2813265152.000000
2900492288.000000
2989051648.000000
3078943232.000000
3170166784.000000
3262721280.000000
3356607488.000000
3451825920.000000
3548376320.000000
3646257664.000000
3745470208.000000
3846015744.000000
3947892992.000000
4051101184.000000
4155641344.000000
4261513728.000000
4368717824.000000
4477252096.000000
4587119104.000000
4698318336.000000
4810849280.000000
4924711424.000000
5039905280.000000
5156431360.000000
5274289152.000000
5393478144.000000
5513998336.000000
5635851264.000000
5759036416.000000
5883552256.000000
6009399808.000000
6136579584.000000
6265091584.000000
6394933248.000000
2560509.250000
2663442.000000
5992747.500000
10653776.000000
16646528.000000
23971002.000000
32627200.000000
42615120.000000
53934764.000000
66586132.000000
80569216.000000
95884032.000000
112530552.000000
130508824.000000
149818816.000000
1631031.375000
998604.312500
2773904.000000
2696197.250000
998604.312500
2773904.000000
1997208.625000
3550595.750000
1685443.875000
2080797.250000
2517766.750000
2996352.750000
5991941.500000
4934796.000000
8338478.000000
275301984.000000
6013528.000000
6741811.500000
10652343.000000
8323229.000000
9176362.000000
10071111.000000
11007476.000000
11985459.000000
13005058.000000
14066274.000000
15169102.000000
16313551.000000
17499616.000000
18727292.000000
19996590.000000
21307504.000000
22660034.000000
24054180.000000
25489940.000000
26967318.000000
28486314.000000
30046922.000000
31649150.000000
33292996.000000
34978456.000000
36705532.000000
38474224.000000
40284532.000000
42136460.000000
44029996.000000
45965156.000000
47941932.000000
49960324.000000
52020332.000000
54121952.000000
56265200.000000
58450052.000000
60676516.000000
62944600.000000
65254316.000000
287543840.000000
69998576.000000
72433128.000000
74909288.000000
77427088.000000
79986488.000000
82587496.000000
300052032.000000
87914408.000000
312826464.000000
93407744.000000
96216856.000000
325867200.000000
101959896.000000
104893840.000000
107869416.000000
339174240.000000
113945408.000000
117045816.000000
352747520.000000
123371496.000000
126596760.000000
129863632.000000
3103163.000000
2663442.000000
5992747.500000
10653776.000000
16646528.000000
23971002.000000
32627200.000000
42615120.000000
53934764.000000
66586132.000000
80569216.000000
95884032.000000
366587200.000000
130508824.000000
149818816.000000
170460512.000000
192433920.000000
215739088.000000
240375984.000000
266344560.000000
293644864.000000
380693088.000000
352240704.000000
383536192.000000
416163360.000000
450122336.000000
485412992.000000
522035296.000000
559989440.000000
599275264.000000
639892864.000000
681842176.000000
725123072.000000
769735808.000000
815680320.000000
862956352.000000
911564288.000000
961503936.000000
1012775296.000000
1065378432.000000
1119313024.000000
1174579584.000000
1231177856.000000
1289107712.000000
1348369408.000000
1408962816.000000
1470888064.000000
1534144896.000000
1598733312.000000
1664653696.000000
1731905280.000000
1800489344.000000
1870404992.000000
1941651968.000000
2014230784.000000
2088141696.000000
2163384320.000000
2239958272.000000
2317863424.000000
2397101056.000000
2477670656.000000
2559571456.000000
2642803968.000000
2727368704.000000
2813265152.000000
2900492288.000000
2989051648.000000
3078943232.000000
3170166784.000000
3262721280.000000
3356607488.000000
3451825920.000000
3548376320.000000
3646257664.000000
3745470208.000000
3846015744.000000
3947892992.000000
4051101184.000000
4155641344.000000
4261513728.000000
4368717824.000000
4477252096.000000
4587119104.000000
4698318336.000000
4810849280.000000
4924711424.000000
5039905280.000000
5156431360.000000
5274289152.000000
5393478144.000000
5513998336.000000
5635851264.000000
5759036416.000000
5883552256.000000
6009399808.000000
6136579584.000000
6265091584.000000
6394933248.000000
6526107648.000000
6658614784.000000
6792454144.000000
6927622656.000000
7064123392.000000
7201957376.000000
7341122560.000000
7481619968.000000
7623447552.000000
7766607872.000000
7911100416.000000
8056923136.000000
8204079104.000000
4326132.000000
5875576.500000
7661724.000000
10653776.000000
16646528.000000
23971002.000000
11151782.000000
12265820.000000
11151782.000000
15337999.000000
16639926.000000
15337999.000000
20189952.000000
21679768.000000
20189952.000000
25707640.000000
27385348.000000
25707640.000000
9685052.000000
10198423.000000
9685052.000000
186741712.000000
1331721.000000
3140984.500000
5991745.500000
10651994.000000
213379008.000000
241791648.000000
271979552.000000
303942784.000000
14219606.000000
764556.125000
93298784.000000
112387176.000000
3551261.500000
5992251.000000
133250864.000000
10875749.000000
155889856.000000
180304144.000000
22195414.000000
2588636.500000
58614696.000000
5176200.500000
8651416.000000
73928624.000000
91017864.000000
13014284.000000
18264806.000000
24402976.000000
33140254.000000
665863.500000
2663458.000000
11070701.000000
665837.187500
6790418.500000
12588461.000000
1331803.000000
2996559.750000
5327220.000000
8323784.000000
11986251.000000
16314622.000000
21308896.000000
26969074.000000
33295156.000000
40287140.000000
47945028.000000
56268828.000000
65258516.000000
74914104.000000
463575.562500
665899.500000
1498276.875000
1868710.000000
665899.500000
5943440.500000
7739247.000000
9771772.000000
12041013.000000
16646720.000000
23971278.000000
13484528.000000
16647568.000000
20143558.000000
23972502.000000
28134400.000000
32629244.000000
37457040.000000
42617792.000000
48111500.000000
53938148.000000
60097748.000000
66590312.000000
73415824.000000
80574280.000000
88065688.000000
95890056.000000
104047376.000000
112537656.000000
121360856.000000
130517032.000000
140006160.000000
149828208.000000
159983248.000000
170471232.000000
181292176.000000
192446064.000000
203932864.000000
215752656.000000
227905408.000000
240391072.000000
253209712.000000
266361328.000000
279845888.000000
293663392.000000
307813792.000000
322297216.000000
337113568.000000
54037148.000000
64275784.000000
75402128.000000
54037148.000000
64275784.000000
75402128.000000
1814200.875000
3171213.000000
1814639.125000
5559004.500000
11938311.000000
14434077.000000
17166562.000000
21409182.000000
33419268.000000
48092484.000000
1360504.125000
3039350.000000
856164.750000
2115779.250000
5383977.000000
3424671.000000
4661360.000000
6088309.000000
7705518.500000
8394385.000000
6804298.000000
6804298.000000
10147229.000000
12070574.000000
10147229.000000
14155940.000000
16412542.000000
14155940.000000
18830432.000000
21420292.000000
18830432.000000
27093824.000000
24170706.000000
24170706.000000
10109568.000000
9212159.000000
9212159.000000
445175.937500
1778063.625000
1642779.000000
3998663.750000
7106976.500000
11103002.000000
15986740.000000
5993205.000000
21758188.000000
444396.281250
1776505.125000
4219454.500000
8977910.000000
856168.562500
15511789.000000
2663263.250000
23821090.000000
5992345.500000
10653061.000000
33905816.000000
16645411.000000
45765964.000000
665809.687500
2663242.250000
5992298.000000
10652977.000000
59401524.000000
16645279.000000
8991052.000000
74812520.000000
91998944.000000
13430273.000000
18757208.000000
24971854.000000
32074212.000000
5537302.000000
9116611.000000
32924508.000000
44624704.000000
13583633.000000
18938366.000000
25180812.000000
58100328.000000
32629772.000000
42618480.000000
12235512.000000
17340188.000000
23332580.000000
30212682.000000
73351376.000000
90377848.000000
37980496.000000
109179744.000000
129757064.000000
49234428.000000
59027728.000000
69708736.000000
81277464.000000
152109840.000000
93733896.000000
107078040.000000
458123.843750
176237984.000000
202141616.000000
5327304.000000
8323915.000000
11986440.000000
16314879.000000
21309232.000000
26969500.000000
121309904.000000
229820592.000000
259275072.000000
136429472.000000
152436768.000000
169331760.000000
187114480.000000
205784896.000000
290504896.000000
46636024.000000
56179264.000000
66610216.000000
77928880.000000
90135240.000000
323510240.000000
358290880.000000
61447208.000000
72335912.000000
108294640.000000
84112344.000000
128791984.000000
96776472.000000
151064768.000000
110328328.000000
124767848.000000
9019962.000000
13465602.000000
18798954.000000
25020018.000000
175112960.000000
200936592.000000
32128796.000000
29302776.000000
228535568.000000
140095136.000000
257910064.000000
36959460.000000
45503856.000000
54935968.000000
65255788.000000
156310096.000000
289059936.000000
173412816.000000
191403200.000000
210281344.000000
321985280.000000
356685984.000000
230047152.000000
40125288.000000
393162176.000000
49009488.000000
431413728.000000
58781404.000000
69441032.000000
80988376.000000
250700720.000000
471440768.000000
272241952.000000
294670976.000000
317987648.000000
513243168.000000
76463328.000000
342192032.000000
556821056.000000
367284128.000000
88558560.000000
602174400.000000
649303040.000000
101541536.000000
115412216.000000
130170616.000000
145816704.000000
393264000.000000
698207296.000000
420131520.000000
447886752.000000
476529696.000000
748886656.000000
506060416.000000
162350528.000000
801341760.000000
536478784.000000
855572096.000000
911578112.000000
93423416.000000
106746192.000000
120956656.000000
136054864.000000
152040752.000000
567784896.000000
969359104.000000
599978624.000000
633060224.000000
667029440.000000
1028915904.000000
1090247936.000000
701886400.000000
168914384.000000
1153355648.000000
186675696.000000
1218238336.000000
205324752.000000
224861488.000000
245285968.000000
737631040.000000
1284896896.000000
774263488.000000
811783552.000000
850191296.000000
1353330560.000000
889486784.000000
1423539968.000000
929670080.000000
1495524352.000000
179772032.000000
1569284608.000000
198081296.000000
217278224.000000
237362896.000000
258335264.000000
75735776.000000
87775456.000000
100702856.000000
114517960.000000
430532736.000000
253174928.000000
470519744.000000
129220784.000000
274820000.000000
512282208.000000
297352832.000000
144811328.000000
555820096.000000
320773408.000000
345081600.000000
601133312.000000
370277600.000000
396361248.000000
161289568.000000
178655520.000000
196909200.000000
216050592.000000
648222080.000000
697086336.000000
236079680.000000
666033.125000
2663689.500000
5992969.000000
665946.062500
1331666.250000
2144914.000000
3346911.750000
4815219.500000
2996175.500000
6549837.000000
8550765.000000
3337882.750000
4804388.500000
5993233.500000
6537204.500000
8536332.000000
2080634.000000
1775766.750000
10801768.000000
13333515.000000
5438296.500000
16131571.000000
8989842.000000
11098572.000000
13429275.000000
19195938.000000
22526610.000000
26123600.000000
29986894.000000
28412364.000000
32074900.000000
35959404.000000
40065876.000000
38512416.000000
43174648.000000
6884983.000000
10825091.000000
15652911.000000
21368448.000000
56893556.000000
31848308.000000
20317068.000000
71994656.000000
27971694.000000
26766874.000000
88871184.000000
34104388.000000
39811756.000000
107523136.000000
42329620.000000
51442564.000000
61443220.000000
72331600.000000
84107680.000000
96771480.000000
10960327.000000
15815447.000000
21558280.000000
28188826.000000
37538316.000000
49971284.000000
35707076.000000
64179672.000000
31190546.000000
80163488.000000
14600446.000000
44113048.000000
53406732.000000
63588128.000000
74657248.000000
86614080.000000
99458600.000000
113190864.000000
127810808.000000
143318496.000000
97922728.000000
117457392.000000
159713872.000000
11962275.000000
6639656.000000
40463304.000000
53337648.000000
17014620.000000
22954682.000000
29782456.000000
37497944.000000
10516911.000000
67987416.000000
15281881.000000
84412616.000000
20934566.000000
102613240.000000
27474964.000000
34903076.000000
46101144.000000
55592060.000000
65970692.000000
77237024.000000
122589288.000000
144340768.000000
89391088.000000
167867680.000000
102432856.000000
193170000.000000
116362344.000000
131179544.000000
146884464.000000
163477088.000000
180957424.000000
199325488.000000
218581264.000000
238724736.000000
220247760.000000
259755936.000000
43218904.000000
249100960.000000
281674848.000000
304481504.000000
279729568.000000
312133600.000000
328175776.000000
352757856.000000
378227680.000000
404585184.000000
48792008.000000
58543212.000000
69182128.000000
80708776.000000
346313088.000000
431830304.000000
382267968.000000
93123104.000000
52422448.000000
62513700.000000
419998304.000000
459504032.000000
73492680.000000
85359360.000000
500785216.000000
98113760.000000
111755872.000000
126285680.000000
106425184.000000
120614912.000000
135692432.000000
151657600.000000
543841792.000000
588673792.000000
168510544.000000
51219872.000000
170916032.000000
61199828.000000
122245984.000000
72067488.000000
83822888.000000
96465976.000000
196439056.000000
38371464.000000
47069156.000000
56654564.000000
67127688.000000
63202832.000000
31103828.000000
78488520.000000
79071336.000000
90737048.000000
96715264.000000
38978876.000000
116134624.000000
47741640.000000
57392120.000000
67930312.000000
79356208.000000
29474386.000000
37152176.000000
45717684.000000
55170908.000000
40074988.000000
65511848.000000
26217842.000000
52891692.000000
76740504.000000
33484304.000000
67483824.000000
83851392.000000
41638488.000000
50680388.000000
60610004.000000
71427344.000000
101994392.000000
665836.312500
35902960.000000
48081904.000000
62036340.000000
5993503.500000
333330.375000
751728.312500
856209.750000
1522153.250000
2378367.000000
77766272.000000
4661605.000000
6088629.000000
7705923.500000
9513488.000000
11511323.000000
16710705.000000
16077801.000000
24063418.000000
333350.687500
1332510.500000
856209.750000
444048.687500
1775845.500000
3995390.500000
7102684.500000
2378367.000000
3424851.000000
4661605.000000
11097726.000000
7705923.500000
9513488.000000
11511323.000000
13699428.000000
16077801.000000
18646448.000000
21405366.000000
24354548.000000
27494002.000000
30823730.000000
34343728.000000
38053992.000000
41954528.000000
665821.500000
2663290.000000
5992405.500000
10653168.000000
16645578.000000
23969634.000000
32625338.000000
42612688.000000
53931688.000000
66582332.000000
40289680.000000
47948052.000000
56272376.000000
65262632.000000
74918832.000000
85240992.000000
96229096.000000
107883136.000000
120203112.000000
133189064.000000
146840944.000000
161158768.000000
53710684.000000
53710684.000000
63919964.000000
75016992.000000
63919964.000000
75016992.000000
1775547.500000
2997479.750000
5328258.000000
2996748.750000
28638196.000000
39610296.000000
3580704.500000
5001119.500000
6658266.000000
8552143.000000
10682753.000000
13050094.000000
520233.375000
749124.437500
520233.375000
1685463.500000
2080811.000000
1685463.500000
3516510.000000
4078314.000000
3516510.000000
6013371.500000
6741633.500000
6013371.500000
3251136.000000
3516429.250000
3251136.000000
1783737.750000
1331639.625000
998930.312500
5326562.500000
2774813.000000
4560832.500000
7850387.000000
12027703.000000
17092780.000000
2206304.250000
4629413.500000
7940283.500000
12138914.000000
17225306.000000
23199456.000000
16648928.000000
17323888.000000
30061370.000000
9140479.000000
332992.750000
6021730.500000
11533862.000000
18821596.000000
676294.437500
2663954.000000
5993899.500000
10655824.000000
16649728.000000
23975610.000000
32633472.000000
42623312.000000
53945132.000000
66598932.000000
80584704.000000
95902464.000000
112552184.000000
130533912.000000
149847616.000000
658374.312500
1331701.625000
1331975.000000
2996946.750000
665973.187500
887982.062500
1997962.625000
3551936.250000
5549903.000000
7991862.500000
10877815.000000
14207761.000000
17981700.000000
22199632.000000
26861556.000000
31967474.000000
37517380.000000
43511288.000000
49949192.000000
56831076.000000
64156952.000000
71926832.000000
80140712.000000
665934.125000
2663740.500000
5993419.000000
10654970.000000
16648393.000000
23973688.000000
32630856.000000
42619896.000000
53940808.000000
66593592.000000
4241280.000000
21027452.000000
24301174.000000
27811644.000000
31558852.000000
35542808.000000
39763504.000000
16526024.000000
22386906.000000
29135598.000000
36772084.000000
45296376.000000
18542508.000000
54708468.000000
65008364.000000
76196064.000000
54708468.000000
65008364.000000
76196064.000000
1803453.625000
3862780.250000
6463758.000000
2996946.750000
12834610.000000
3688380.500000
5128274.500000
6804914.000000
10654061.000000
16646973.000000
23971644.000000
800663.812500
665883.062500
561632.375000
2166187.250000
1759391.250000
1759391.250000
4197567.000000
3623005.250000
3623005.250000
6152476.000000
6894803.000000
6152476.000000
3302246.500000
3571709.500000
3302246.500000
1359915.875000
2326604.500000
6088878.500000
4735553.000000
9724559.000000
16489387.000000
665964.375000
665958.187500
1332145.000000
2997329.250000
5328588.000000
8325921.500000
11989329.000000
25030036.000000
21314368.000000
26976000.000000
33303706.000000
40297484.000000
47957340.000000
56283264.000000
65275272.000000
666072.500000
666072.500000
2664294.000000
5994664.500000
539487.687500
1332145.000000
2997329.250000
5328588.000000
8325921.500000
11989329.000000
16318811.000000
21314368.000000
26976000.000000
33303706.000000
40297484.000000
47957340.000000
56283264.000000
65275272.000000
74933360.000000
85257504.000000
96247720.000000
107904032.000000
120226416.000000
133214864.000000
146869376.000000
16532342.000000
22394644.000000
29144862.000000
36782988.000000
45309028.000000
665962.000000
2663852.000000
5993670.000000
21038098.000000
10655416.000000
16649090.000000
23974692.000000
32632222.000000
42621680.000000
24312826.000000
53943068.000000
9591449.000000
66596380.000000
27824330.000000
31572602.000000
35557652.000000
39779472.000000
1803892.875000
54722976.000000
65024840.000000
76214624.000000
54722976.000000
65024840.000000
76214624.000000
3870444.500000
6473851.000000
1803892.875000
1606921.625000
3419612.000000
1606921.625000
3689647.000000
5129856.500000
6806839.000000
10657200.000000
16651878.000000
23978706.000000
1466165.250000
2254925.000000
1466165.250000
3196533.000000
4320879.500000
3196533.000000
5592832.500000
7052766.500000
5592832.500000
8655064.000000
8655064.000000
10450585.000000
4194330.000000
4811003.500000
4194330.000000
1573458.875000
665933.562500
2663738.250000
1776201.500000
5993414.500000
10654961.000000
16648380.000000
7104822.000000
8992042.000000
11101289.000000
13432562.000000
15985861.000000
18761184.000000
21758538.000000
24977918.000000
28419320.000000
32082746.000000
1198661.000000
332994.843750
499552.906250
1331867.125000
2996704.250000
5327476.500000
2719806.750000
3552403.000000
4496012.000000
5550634.500000
6716270.000000
7992918.500000
9380579.000000
10879255.000000
12488944.000000
14209644.000000
16041356.000000
17984084.000000
20037826.000000
22202578.000000
24478342.000000
26865124.000000
29362918.000000
31971722.000000
34691540.000000
37522368.000000
40464212.000000
43517076.000000
46680952.000000
49955836.000000
53341720.000000
56838640.000000
60446568.000000
64165492.000000
67995440.000000
71936408.000000
75988392.000000
80151384.000000
84425368.000000
88810392.000000
93306432.000000
97913456.000000
102631504.000000
107460584.000000
112400672.000000
117451768.000000
122613856.000000
127886984.000000
133271128.000000
138766256.000000
144372432.000000
150089616.000000
155917776.000000
161856944.000000
167907168.000000
174068416.000000
180340672.000000
186723936.000000
193218176.000000
199823424.000000
206539728.000000
213367008.000000
220305328.000000
227354688.000000
234515040.000000
241786416.000000
249168752.000000
11245771.000000
1331869.125000
13826624.000000
16673847.000000
1387653.625000
19787440.000000
2719806.750000
887910.125000
1331866.375000
23167402.000000
26813738.000000
30726438.000000
34905516.000000
2996702.250000
39350956.000000
44062776.000000
49040956.000000
5439627.500000
11098917.000000
15982443.000000
5994700.500000
10657248.000000
16651953.000000
23978814.000000
32637832.000000
42629008.000000
54285516.000000
66607832.000000
80595480.000000
95915280.000000
112567256.000000
130551360.000000
149867616.000000
170516064.000000
192496672.000000
91346632.000000
98455776.000000
3773397.500000
105831288.000000
113473168.000000
11986821.000000
1332153.000000
121381440.000000
129556064.000000
8325971.500000
137997056.000000
16318909.000000
21314496.000000
26976162.000000
146704416.000000
155678176.000000
47957628.000000
164918272.000000
46049380.000000
51135584.000000
56488152.000000
10657256.000000
62107096.000000
67992408.000000
32637858.000000
42629040.000000
74144088.000000
1730103.500000
7103305.000000
80562144.000000
87246568.000000
5550648.500000
11098917.000000
10879277.000000
94197368.000000
17984116.000000
22202614.000000
26865166.000000
31971770.000000
37522428.000000
499448.718750
101414520.000000
108898040.000000
11986821.000000
116647960.000000
124664240.000000
458278.625000
1041354.875000
3852445.750000
3552453.500000
5550711.000000
7993026.500000
10879400.000000
14209830.000000
35374332.000000
8439382.000000
14802162.000000
22940790.000000
693950.187500
666082.500000
1498688.625000
2664338.000000
4163030.750000
5994766.500000
32855262.000000
10657368.000000
13488234.000000
16652143.000000
20149094.000000
23979090.000000
28142126.000000
32638210.000000
37467340.000000
2158009.250000
4559596.000000
7849106.500000
12026540.000000
8326071.500000
11989545.000000
16319105.000000
21314752.000000
26976486.000000
33304306.000000
40298212.000000
47958204.000000
56284276.000000
65276448.000000
74934712.000000
85259040.000000
96249456.000000
107905976.000000
120228584.000000
133217264.000000
146872016.000000
2158009.250000
4559596.000000
7849106.500000
12026540.000000
23045176.000000
17091898.000000
23977062.000000
32635448.000000
42625892.000000
53948396.000000
66602960.000000
47958204.000000
56284276.000000
65276448.000000
74934712.000000
85259040.000000
96249456.000000
107905976.000000
120228584.000000
133217264.000000
146872016.000000
161192896.000000
666084.500000
2664342.000000
5994772.500000
66130432.000000
77411256.000000
89579992.000000
66130432.000000
77411256.000000
89579992.000000
21853666.000000
28527296.000000
36088848.000000
44538328.000000
53875728.000000
64101052.000000
44545580.000000
75214312.000000
87215472.000000
58011744.000000
100104576.000000
113881584.000000
1776179.375000
3996154.250000
73253760.000000
90271616.000000
128546536.000000
144099392.000000
1832215.625000
1803921.125000
4037712.000000
4021159.250000
6668370.000000
2997383.250000
109065312.000000
160540192.000000
129634864.000000
177868896.000000
196085552.000000
215190096.000000
235182592.000000
2774968.000000
5438822.500000
8990602.000000
13430305.000000
44025404.000000
69457864.000000
57417916.000000
21314784.000000
698064.875000
22382620.000000
32186610.000000
2255426.000000
4700711.000000
8033919.000000
12255053.000000
23361504.000000
30246466.000000
38019352.000000
46680164.000000
43766436.000000
11989572.000000
57122132.000000
56228900.000000
72253664.000000
89161040.000000
66665560.000000
77990144.000000
90202632.000000
103303088.000000
117291424.000000
12236914.000000
17342518.000000
23336050.000000
30217508.000000
107844264.000000
37986888.000000
128303336.000000
46644188.000000
43637248.000000
56974516.000000
36982972.000000
45531016.000000
54966988.000000
65290880.000000
76502696.000000
72087632.000000
88976592.000000
2997392.250000
107641400.000000
8326096.500000
11989581.000000
16319154.000000
128082064.000000
150298608.000000
33304406.000000
50014776.000000
25397518.000000
32557288.000000
40604988.000000
49540612.000000
64230764.000000
59364160.000000
24497580.000000
2439778.500000
34713312.000000
4965250.500000
8378647.500000
12679969.000000
46704892.000000
17869218.000000
60472312.000000
2310433.500000
76015592.000000
4779978.000000
8137446.500000
12382841.000000
17516160.000000
23946390.000000
93334712.000000
30911488.000000
38764512.000000
47505456.000000
112429688.000000
133300512.000000
57134332.000000
23537410.000000
155947216.000000
180369712.000000
30446580.000000
38243676.000000
46928696.000000
56501640.000000
20418766.000000
26884412.000000
34237984.000000
42479480.000000
206568112.000000
234542288.000000
51608900.000000
666625.187500
2665203.500000
665974.125000
888112.062500
1387677.625000
1998258.125000
2719853.750000
3552464.250000
4496090.000000
5550730.500000
761068.062500
3044276.250000
1423576.250000
2663879.500000
5993732.000000
10655526.000000
5439721.500000
7104944.500000
8992198.000000
11101481.000000
13432794.000000
15986137.000000
18761510.000000
21758914.000000
24978346.000000
28419810.000000
32083304.000000
35968828.000000
40076380.000000
44405964.000000
48957576.000000
53731220.000000
58726892.000000
63944596.000000
69384328.000000
75046072.000000
80929888.000000
87035712.000000
93363560.000000
99913464.000000
106685360.000000
113679304.000000
120895280.000000
128333256.000000
135993312.000000
143875376.000000
151979472.000000
160305616.000000
168853744.000000
177623936.000000
186616144.000000
195830368.000000
205266656.000000
214924960.000000
224805296.000000
234907696.000000
245232064.000000
255778480.000000
266546928.000000
277537376.000000
288749920.000000
300184448.000000
311841056.000000
323719680.000000
335820288.000000
348142912.000000
360687648.000000
373454336.000000
386443136.000000
399653952.000000
413086720.000000
426741600.000000
440618432.000000
454717312.000000
469038272.000000
483581184.000000
498346240.000000
513333216.000000
528542304.000000
543973440.000000
559626496.000000
575501632.000000
591598848.000000
607917952.000000
12202431.000000
1331885.625000
2593414.000000
665941.812500
1331885.625000
1387677.625000
14885286.000000
5327546.500000
12112171.000000
17834514.000000
16857342.000000
21477006.000000
33505614.000000
24224342.000000
21050116.000000
48197996.000000
61626244.000000
264292400.000000
295818272.000000
72531520.000000
84324728.000000
97005832.000000
110574904.000000
19763968.000000
91049472.000000
26132276.000000
33388510.000000
41532668.000000
109920176.000000
130566736.000000
50564756.000000
44296876.000000
57727904.000000
1998270.125000
3552483.000000
5550757.000000
7993092.500000
11839962.000000
6479546.000000
10315665.000000
15039710.000000
20651682.000000
27151580.000000
34539412.000000
72934776.000000
89917512.000000
42815164.000000
108676088.000000
16869340.000000
129210520.000000
22786642.000000
29591872.000000
37285032.000000
45866112.000000
666090.000000
2664364.000000
5994822.000000
10657464.000000
151520816.000000
175606960.000000
32638494.000000
17823188.000000
201468944.000000
229106784.000000
23893104.000000
30850948.000000
258520480.000000
38696720.000000
47430416.000000
15507616.000000
21199368.000000
27779046.000000
35246652.000000
43602184.000000
80668904.000000
98483504.000000
118073952.000000
16890402.000000
139440256.000000
22811126.000000
29619772.000000
37316348.000000
162582416.000000
45900852.000000
15744252.000000
21475888.000000
28095452.000000
35602944.000000
53548568.000000
68227392.000000
43998364.000000
16433405.000000
84682064.000000
102912592.000000
22279530.000000
29013582.000000
122918976.000000
36635560.000000
45145464.000000
53281708.000000
63452980.000000
74512184.000000
86459320.000000
144701200.000000
168259280.000000
99294368.000000
666091.500000
193593232.000000
1779375.250000
4000952.750000
7110456.000000
220703008.000000
249588672.000000
1751709.000000
3959413.000000
7055044.000000
11038604.000000
15910090.000000
280250144.000000
21669500.000000
28316840.000000
312687520.000000
11107888.000000
15993246.000000
346900704.000000
21766534.000000
28427748.000000
333014.125000
105167456.000000
125382528.000000
147373536.000000
665967.437500
2663873.750000
1998348.125000
171140400.000000
5550973.500000
7993404.500000
10879914.000000
14210502.000000
17985170.000000
22203914.000000
26866740.000000
31973642.000000
37524616.000000
43519684.000000
49958832.000000
56842040.000000
444858.812500
11069220.000000
999171.062500
1776306.750000
2775481.750000
3996696.250000
5439950.000000
7105243.000000
8992576.000000
11101947.000000
13433359.000000
15986809.000000
18762298.000000
21759828.000000
24979396.000000
28421004.000000
20164694.000000
23373300.000000
5995056.000000
10657880.000000
16652940.000000
23980236.000000
32639768.000000
42631536.000000
53955540.000000
66611780.000000
80600256.000000
95920968.000000
112573888.000000
130559104.000000
149876544.000000
170526176.000000
192508032.000000
215822192.000000
240468592.000000
266447168.000000
293757952.000000
322401056.000000
352376416.000000
383683936.000000
416323648.000000
450295680.000000
485600032.000000
522236512.000000
560205120.000000
54163140.000000
64414736.000000
75554288.000000
54163140.000000
64414736.000000
75554288.000000
1779439.250000
3005585.500000
5339379.500000
5995056.000000
11899353.000000
14391602.000000
17120636.000000
20086454.000000
23289058.000000
26728448.000000
1333521.500000
3001217.000000
5333558.000000
2999234.000000
8331867.000000
3996702.250000
5439958.000000
11987452.000000
8992589.000000
8328563.000000
8328563.000000
11996144.000000
11992179.000000
16326389.000000
11992179.000000
16321762.000000
21322602.000000
16321762.000000
26984782.000000
21317314.000000
21317314.000000
26978834.000000
33312932.000000
26978834.000000
10074940.000000
11991779.000000
10074940.000000
843030.000000
666129.500000
2664522.000000
5995177.500000
1337654.750000
2606965.750000
3918689.000000
5496800.500000
7341300.500000
3005450.500000
9452189.000000
2084743.750000
3618277.750000
5139900.500000
1825587.125000
5259995.000000
1998396.125000
10470356.000000
5551107.000000
11988279.000000
7790285.000000
17456672.000000
26218940.000000
11953843.000000
515967.625000
1917210.250000
4206430.500000
7383627.500000
11987689.000000
21311450.000000
16653353.000000
23980830.000000
33299142.000000
28972188.000000
36589272.000000
45094332.000000
54487372.000000
29021888.000000
40062848.000000
64768388.000000
16868152.000000
666040.062500
2664164.250000
25496550.000000
5994372.500000
10656665.000000
16651042.000000
21998584.000000
28693052.000000
36275496.000000
44745920.000000
35900900.000000
48081204.000000
54104320.000000
16296341.000000
62037452.000000
77769664.000000
22120066.000000
28831768.000000
36431448.000000
44919104.000000
54294740.000000
64558352.000000
2342986.750000
4826837.500000
8198665.500000
12458471.000000
95277824.000000
17606256.000000
23642018.000000
114561944.000000
135622016.000000
30565756.000000
158458048.000000
75709944.000000
183070032.000000
87749488.000000
100677056.000000
114492552.000000
129196072.000000
18871252.000000
25104412.000000
32225548.000000
40234664.000000
59405452.000000
74819360.000000
49131752.000000
58916824.000000
92009216.000000
110975032.000000
69589872.000000
81150912.000000
93599904.000000
106936896.000000
12305607.000000
17424444.000000
23431262.000000
30326054.000000
38558628.000000
51149452.000000
38108824.000000
65516232.000000
81658968.000000
34068680.000000
42291128.000000
51401556.000000
61399960.000000
72286344.000000
14084569.000000
19529912.000000
25863232.000000
33084532.000000
29818066.000000
40997352.000000
41193808.000000
53952588.000000
68683784.000000
2997608.250000
5329084.000000
8326696.500000
85190928.000000
16320330.000000
21316352.000000
103474024.000000
123533080.000000
50191064.000000
60076296.000000
70849504.000000
82510696.000000
95059856.000000
24180756.000000
31177906.000000
39063036.000000
47836140.000000
145368096.000000
168979040.000000
57497224.000000
194365984.000000
108497008.000000
221528816.000000
122822096.000000
138035200.000000
154136256.000000
171125328.000000
68046288.000000
79483328.000000
91808336.000000
105021344.000000
250467664.000000
281182432.000000
119122280.000000
189002336.000000
313673184.000000
207767360.000000
347939840.000000
227420320.000000
247961296.000000
269390240.000000
134111240.000000
149988160.000000
166753072.000000
184405936.000000
383982496.000000
421801056.000000
202946800.000000
666134.500000
2664542.000000
461395616.000000
666143.687500
2664415.750000
5994816.500000
502766080.000000
545912576.000000
10657347.000000
16652005.000000
159383472.000000
184064608.000000
666161.000000
59690928.000000
666161.000000
2664648.000000
5995461.000000
10658600.000000
16654065.000000
23981856.000000
32641974.000000
42634416.000000
53959184.000000
66616280.000000
80605704.000000
95927448.000000
112581520.000000
130567920.000000
1332015.375000
2664648.000000
5995461.000000
111366240.000000
16654065.000000
23981856.000000
2795688.000000
2664648.000000
5995461.000000
10658600.000000
16654065.000000
23981856.000000
33300424.000000
42634416.000000
53959184.000000
66616280.000000
80605704.000000
95927448.000000
112581520.000000
130567920.000000
149886640.000000
170537696.000000
192521072.000000
215836784.000000
240484800.000000
266465168.000000
293777856.000000
322422848.000000
352400192.000000
383709856.000000
416351840.000000
450326176.000000
485632768.000000
522271808.000000
560243008.000000
599546560.000000
640182592.000000
682150912.000000
725451456.000000
666161.000000
2664648.000000
5995461.000000
10658600.000000
16654065.000000
23981856.000000
32641974.000000
42634416.000000
53959184.000000
66616280.000000
53755796.000000
63970756.000000
75073720.000000
53755796.000000
63970756.000000
75073720.000000
1776887.375000
3008744.500000
5343669.500000
5995461.000000
11848648.000000
14335910.000000
17059972.000000
20020832.000000
23218490.000000
26652952.000000
1363486.750000
3002886.500000
1335591.375000
3002397.500000
5335863.500000
3002397.500000
5335211.000000
8334848.000000
5335211.000000
8334032.500000
11999840.000000
8334032.500000
38674192.000000
51282812.000000
999174.187500
65667456.000000
2379149.250000
81828120.000000
16330840.000000
99764816.000000
7708458.000000
119477536.000000
11515108.000000
140966288.000000
16083092.000000
164231040.000000
21412400.000000
189271856.000000
27503048.000000
216088656.000000
34355016.000000
244681472.000000
275050304.000000
46060476.000000
50342960.000000
54815780.000000
307195232.000000
64332412.000000
341116096.000000
74610384.000000
376813056.000000
85649672.000000
91454832.000000
414286016.000000
103636096.000000
453535008.000000
116578744.000000
123335552.000000
494560000.000000
137420160.000000
537361088.000000
152266096.000000
581938048.000000
628291200.000000
175962544.000000
676420288.000000
192711792.000000
726325376.000000
210222432.000000
778006464.000000
228494336.000000
237915824.000000
247527648.000000
831463808.000000
267322224.000000
886696960.000000
943706112.000000
298441600.000000
309195392.000000
1002491328.000000
331274048.000000
1063052736.000000
354113952.000000
1125390080.000000
377715168.000000
1189503360.000000
1255392640.000000
666162.500000
2664654.000000
5995474.500000
10658624.000000
16654103.000000
23981910.000000
32642046.000000
42634512.000000
53959308.000000
66616432.000000
80605880.000000
95927664.000000
112581784.000000
130568216.000000
149886960.000000
170538080.000000
192521520.000000
215837264.000000
240485328.000000
266465760.000000
293778528.000000
322423584.000000
352400960.000000
383710720.000000
416352800.000000
450327136.000000
485633952.000000
522272864.000000
560244224.000000
599547968.000000
640184128.000000
682152448.000000
725452992.000000
770086080.000000
816051520.000000
863349056.000000
911979008.000000
961941440.000000
1013236224.000000
1065863168.000000
1119822336.000000
1175114112.000000
1231738240.000000
1289694336.000000
1348982912.000000
1409603968.000000
1471557376.000000
1534843008.000000
1599460736.000000
1665411200.000000
1732693760.000000
1801308544.000000
1871255808.000000
1942535808.000000
2015147648.000000
2089091840.000000
2164368384.000000
2240976896.000000
2318918400.000000
2398191872.000000
2478797824.000000
2560736512.000000
2644006912.000000
2728609792.000000
2814544896.000000
2901812480.000000
2990412288.000000
3080344320.000000
3171608832.000000
3264206080.000000
3358135296.000000
3453396736.000000
3549990656.000000
3647916032.000000
3747175168.000000
3847765760.000000
3949688832.000000
4052944896.000000
4157532672.000000
4263452672.000000
4370705408.000000
4479289856.000000
4589207040.000000
4700456448.000000
4813038080.000000
4926952960.000000
5042199040.000000
5158777856.000000
5276688896.000000
5395931648.000000
5516508160.000000
5638415872.000000
5761656320.000000
5886229504.000000
6012134912.000000
6139372032.000000
6267941888.000000
6397843456.000000
6529077760.000000
6661644800.000000
6795544576.000000
6930776576.000000
7067337728.000000
7205234176.000000
7344463360.000000
7485023232.000000
7626916864.000000
7770143232.000000
7914699776.000000
8060590592.000000
8207812096.000000
8356367360.000000
8506255360.000000
8657473536.000000
8810025984.000000
8963908608.000000
9119126528.000000
9275673600.000000
9433553920.000000
9592767488.000000
9753314304.000000
9915191296.000000
10078402560.000000
10242946048.000000
10408819712.000000
10576027648.000000
10744566784.000000
10914439168.000000
11085644800.000000
11258179584.000000
11432049664.000000
11607249920.000000
11783784448.000000
11961651200.000000
12140846080.000000
12321377280.000000
12503241728.000000
12686435328.000000
12870964224.000000
13056824320.000000
13244015616.000000
13432541184.000000
13622396928.000000
13813586944.000000
14006109184.000000
14199962624.000000
14395149312.000000
14591666176.000000
14789518336.000000
14988700672.000000
15189214208.000000
15391063040.000000
15594245120.000000
15798755328.000000
16004601856.000000
16211779584.000000
16420287488.000000
16630130688.000000
16841304064.000000
17053810688.000000
17267650560.000000
17482821632.000000
17699325952.000000
17917159424.000000
18136328192.000000
18356830208.000000
18578659328.000000
18801825792.000000
19026323456.000000
19252152320.000000
19479316480.000000
19707811840.000000
19937636352.000000
20168796160.000000
333002.843750
1332015.375000
1498864.125000
2997037.500000
4163518.250000
5995468.500000
8160501.000000
10658616.000000
13489813.000000
16654093.000000
20151454.000000
23981898.000000
28145420.000000
32642032.000000
37471728.000000
42634496.000000
48130348.000000
53959288.000000
60121312.000000
66616412.000000
73444592.000000
80605864.000000
88100216.000000
95927640.000000
104088144.000000
112581736.000000
121408432.000000
187433296.000000
140061024.000000
149886960.000000
197559728.000000
170538048.000000
207952528.000000
192521456.000000
204012816.000000
215837232.000000
227994720.000000
240485328.000000
253308976.000000
266465728.000000
279955552.000000
293778432.000000
307934464.000000
322423520.000000
337245664.000000
352400960.000000
687486.625000
2749950.750000
6187392.000000
348124832.000000
2379151.000000
384177632.000000
422006304.000000
6090636.000000
7708463.500000
9516624.000000
461611136.000000
13703943.000000
16083102.000000
502991872.000000
546148736.000000
24362576.000000
27503066.000000
591081600.000000
34355048.000000
637790400.000000
41968356.000000
46060512.000000
50343000.000000
54815820.000000
59478976.000000
686275392.000000
69376280.000000
736536192.000000
80034920.000000
85649728.000000
91454888.000000
97450360.000000
788573248.000000
110012344.000000
842386112.000000
123335624.000000
130282784.000000
897975168.000000
144748080.000000
152266208.000000
955340096.000000
167873520.000000
175962656.000000
184242128.000000
192711952.000000
1014481216.000000
1075398272.000000
219263360.000000
228494528.000000
1138091392.000000
247527808.000000
257329984.000000
1202560384.000000
277505248.000000
287878368.000000
1268805632.000000
309195616.000000
320139808.000000
1889316.750000
4165119.000000
1336826752.000000
10658632.000000
16654115.000000
1406624000.000000
32642072.000000
42634544.000000
1478197120.000000
1551546496.000000
80605944.000000
95927736.000000
112581856.000000
130568312.000000
149887088.000000
170538208.000000
1626671616.000000
215837424.000000
1703572992.000000
266465968.000000
293778720.000000
1782250240.000000
352401248.000000
1862703616.000000
416353088.000000
450327552.000000
485634240.000000
1944932864.000000
560244736.000000
599548352.000000
2028938368.000000
682152960.000000
725453632.000000
770086720.000000
2114719744.000000
863349824.000000
2202277376.000000
961942080.000000
1013236864.000000
999011.562500
1926647.000000
2775035.500000
1498581.750000
1498804.000000
4162728.250000
8158949.500000
2775677.750000
13487244.000000
20147612.000000
7105744.500000
8993210.000000
11102731.000000
13434306.000000
15987937.000000
68975928.000000
21761364.000000
24981154.000000
28423010.000000
75171328.000000
35972876.000000
40080884.000000
81633136.000000
48963096.000000
53737268.000000
58733496.000000
63951796.000000
69392152.000000
75054544.000000
80938992.000000
87045512.000000
93374088.000000
99924696.000000
106697360.000000
113692104.000000
120908904.000000
128347728.000000
136008608.000000
143891584.000000
151996592.000000
160323648.000000
168872752.000000
177643936.000000
186637168.000000
195852432.000000
205289760.000000
214949168.000000
224830624.000000
234934112.000000
245259648.000000
255807280.000000
266576960.000000
88361328.000000
95355944.000000
1998489.125000
5328074.000000
5551365.500000
7993968.500000
102616952.000000
110144320.000000
17986438.000000
22205482.000000
26868634.000000
117938136.000000
37527272.000000
43522756.000000
49962348.000000
125998344.000000
64173864.000000
71945792.000000
134324960.000000
88821968.000000
97926216.000000
142917920.000000
117467056.000000
127903640.000000
138784336.000000
150109152.000000
161878048.000000
174091056.000000
186748208.000000
199849440.000000
213394800.000000
227384256.000000
241817840.000000
256695552.000000
272017312.000000
287783200.000000
303993248.000000
320647328.000000
337745600.000000
355287904.000000
373274400.000000
391704992.000000
410579648.000000
429898400.000000
449661312.000000
469868288.000000
490519424.000000
511614624.000000
533153984.000000
555137472.000000
577564992.000000
600436736.000000
623752512.000000
647512192.000000
671716288.000000
696364352.000000
721456576.000000
746992960.000000
772973376.000000
799397888.000000
826266688.000000
853579200.000000
881336256.000000
909537152.000000
3099485.750000
1332326.000000
2997736.500000
5329312.000000
8327052.500000
11990958.000000
16321029.000000
21317264.000000
26979664.000000
33308230.000000
40302960.000000
47963856.000000
56290928.000000
65284144.000000
74943520.000000
85269088.000000
2561560.000000
2664656.000000
5995479.000000
10658632.000000
16654115.000000
23981928.000000
32642072.000000
42634544.000000
53959348.000000
66616480.000000
80605944.000000
95927736.000000
112581856.000000
130568312.000000
149887088.000000
170538208.000000
666029.562500
266813056.000000
2997736.500000
278869280.000000
8327052.500000
11990958.000000
291191872.000000
21317264.000000
26979664.000000
33308230.000000
303780896.000000
47963856.000000
56290928.000000
316636224.000000
74943520.000000
85269088.000000
96260824.000000
107918696.000000
120242728.000000
133232960.000000
146889360.000000
161211888.000000
176200576.000000
191855472.000000
208176544.000000
225163712.000000
242817056.000000
261136624.000000
280122368.000000
299774176.000000
320092192.000000
341076416.000000
362726816.000000
385043296.000000
408025952.000000
431674848.000000
455989920.000000
480971040.000000
506618368.000000
1639396.875000
5328074.000000
5995479.000000
10658632.000000
16654115.000000
23981928.000000
32642072.000000
42634544.000000
53959348.000000
66616480.000000
80605944.000000
95927736.000000
112581856.000000
130568312.000000
149887088.000000
170538208.000000
192521648.000000
215837424.000000
240485520.000000
266465968.000000
293778720.000000
322423808.000000
352401248.000000
383711008.000000
416353088.000000
450327552.000000
485634240.000000
522273344.000000
560244736.000000
599548352.000000
640184512.000000
682152960.000000
725453632.000000
770086720.000000
816052032.000000
863349824.000000
911979840.000000
961942080.000000
1013236864.000000
1065864000.000000
1119823232.000000
1175115008.000000
1231739008.000000
1289695488.000000
1348984064.000000
1409604992.000000
1471558400.000000
1534844160.000000
1599462016.000000
1665412480.000000
1732694912.000000
1801310208.000000
1871257344.000000
1942536960.000000
2015149184.000000
2089093376.000000
2164369920.000000
2240978944.000000
2318919936.000000
2398193408.000000
2478799872.000000
2560738048.000000
2644008960.000000
2728611840.000000
2814546944.000000
2901814528.000000
2990414336.000000
3080346880.000000
3171611392.000000
3264208128.000000
3358137856.000000
3453399296.000000
3549993216.000000
3647919360.000000
3747177728.000000
3847768320.000000
3949692160.000000
4052947456.000000
4157536000.000000
4263456000.000000
4370708480.000000
4479292928.000000
4589210112.000000
4700460032.000000
4813042176.000000
4926956032.000000
1332017.500000
3104429.750000
1998489.125000
3552872.250000
5551365.500000
7993968.500000
10880682.000000
14211505.000000
17986438.000000
22205482.000000
26868634.000000
31975898.000000
37527272.000000
356800768.000000
49962348.000000
56846052.000000
64173864.000000
71945792.000000
80161824.000000
88821968.000000
97926216.000000
370721824.000000
117467056.000000
127903640.000000
138784336.000000
150109152.000000
161878048.000000
174091056.000000
186748208.000000
199849440.000000
213394800.000000
227384256.000000
241817840.000000
256695552.000000
272017312.000000
287783200.000000
303993248.000000
320647328.000000
337745600.000000
355287904.000000
373274400.000000
391704992.000000
410579648.000000
429898400.000000
449661312.000000
469868288.000000
490519424.000000
511614624.000000
533153984.000000
555137472.000000
577564992.000000
600436736.000000
623752512.000000
647512192.000000
671716288.000000
696364352.000000
721456576.000000
746992960.000000
772973376.000000
799397888.000000
826266688.000000
853579200.000000
881336256.000000
909537152.000000
2291610624.000000
967271552.000000
996804800.000000
1026782400.000000
1057203904.000000
1088069248.000000
1119379200.000000
1151133056.000000
1183330944.000000
2382720000.000000
2475605248.000000
1282589568.000000
1316564096.000000
2570267392.000000
1385845120.000000
1421151872.000000
2666704640.000000
1493097856.000000
499505.531250
1387517.250000
2719535.500000
18057292.000000
19861950.000000
7993968.500000
10880682.000000
21752542.000000
17986438.000000
22205482.000000
26868634.000000
31975898.000000
37527272.000000
475627872.000000
9247222.000000
5994081.500000
10656148.000000
11296469.000000
16650233.000000
23976338.000000
32634462.000000
8993210.000000
11102731.000000
13434306.000000
15987937.000000
18763628.000000
21761364.000000
24981154.000000
28423010.000000
32086922.000000
35972876.000000
40080884.000000
8327324.000000
9180971.000000
8327324.000000
33839892.000000
38219272.000000
1685846.250000
6014936.000000
42865044.000000
47777224.000000
52955796.000000
58400780.000000
4377386.500000
64112156.000000
70089944.000000
76334120.000000
82844712.000000
999249.812500
89621688.000000
7125098.000000
96665096.000000
5440379.000000
103974880.000000
10538824.000000
111551064.000000
13434417.000000
119393648.000000
127502656.000000
135878048.000000
24981368.000000
144519840.000000
32087178.000000
35973172.000000
153428048.000000
162602640.000000
48963488.000000
53737712.000000
172043664.000000
181751024.000000
849071.750000
54721704.000000
69551640.000000
2521088.000000
86157616.000000
5081130.000000
8529197.000000
710409.000000
31174544.000000
42585668.000000
2841639.750000
55772840.000000
6393692.500000
70736080.000000
87475368.000000
11366567.000000
11985168.000000
31571844.000000
43050072.000000
56304424.000000
523630.000000
573719.375000
1332410.000000
2997925.500000
71334904.000000
8327577.500000
11991714.000000
16322058.000000
21318608.000000
26981366.000000
33310330.000000
40305500.000000
47966880.000000
56294480.000000
65288260.000000
666205.000000
4203347.000000
666103.000000
2664416.000000
5833107.500000
5994939.000000
10657672.000000
16652615.000000
16322058.000000
21318608.000000
26981366.000000
33310330.000000
40305500.000000
47966880.000000
56294480.000000
65288260.000000
74948240.000000
85274464.000000
96266896.000000
107925496.000000
617967.750000
2109660.250000
4489420.000000
7757245.000000
11913135.000000
7729284.000000
16957092.000000
22889112.000000
29709198.000000
37417352.000000
20984522.000000
46013572.000000
24255522.000000
27763336.000000
31507962.000000
14212385.000000
16044455.000000
17987554.000000
20041688.000000
22206862.000000
24483070.000000
26870306.000000
29709198.000000
37417352.000000
35489404.000000
39707656.000000
46013572.000000
1946549.500000
55497856.000000
65870208.000000
77130624.000000
55497856.000000
65870208.000000
77130624.000000
3688803.500000
6238544.500000
1946549.500000
12213651.000000
14737203.000000
17497568.000000
20494750.000000
23728738.000000
27199550.000000
3334041.750000
5774496.500000
12051415.000000
1776546.750000
2775856.750000
5370104.000000
5440685.000000
12051422.000000
12051415.000000
8854141.000000
8854141.000000
12653549.000000
12621487.000000
17092148.000000
12621487.000000
17054880.000000
22196794.000000
17054880.000000
22154322.000000
27967488.000000
22154322.000000
27919810.000000
34404228.000000
27919810.000000
10362236.000000
12318968.000000
10362236.000000
3992512.250000
8646553.000000
1998631.625000
15076736.000000
23283058.000000
2664701.000000
33265524.000000
5329692.000000
11988955.000000
21313702.000000
45024124.000000
58558868.000000
5995906.500000
73869760.000000
16655303.000000
23983638.000000
32644398.000000
90956784.000000
109819952.000000
66621232.000000
1476879.375000
3540546.000000
6492296.500000
3553179.000000
5551844.500000
7994658.500000
38219216.000000
355259.250000
16269471.000000
24760008.000000
35026780.000000
959399.250000
1332493.000000
2998112.250000
5329980.000000
8328096.500000
11992461.000000
47069784.000000
21319936.000000
26983046.000000
33312406.000000
40308012.000000
47969868.000000
56297964.000000
65292324.000000
74952936.000000
85279776.000000
667250.000000
7478884.500000
9479428.000000
11716798.000000
16656203.000000
23984934.000000
32646162.000000
42639888.000000
53966112.000000
66624832.000000
80616048.000000
95939760.000000
112595984.000000
130584680.000000
149905872.000000
170559584.000000
192545792.000000
215864480.000000
240515648.000000
266499360.000000
293815552.000000
322464224.000000
352445376.000000
383759104.000000
416405280.000000
450383936.000000
485695168.000000
522338720.000000
560314816.000000
599623616.000000
640264832.000000
682238464.000000
725544448.000000
770183168.000000
816154432.000000
863457920.000000
912094016.000000
962062784.000000
1013364032.000000
1065997568.000000
1119963520.000000
1175262208.000000
1231893504.000000
1289856896.000000
1349153024.000000
74031832.000000
85943160.000000
98742584.000000
74031832.000000
85943160.000000
98742584.000000
1894351.375000
1894351.375000
4709063.500000
7546760.000000
19121124.000000
436188.312500
9789306.000000
703291.000000
1333544.000000
2998121.250000
5331577.500000
8328121.500000
11992497.000000
16323123.000000
21320000.000000
26983128.000000
33312506.000000
40308132.000000
47970012.000000
56298136.000000
65292520.000000
74953160.000000
85280032.000000
9926352.000000
14569407.000000
703291.000000
20100582.000000
703291.000000
705429.750000
960170.562500
26519876.000000
33827292.000000
1959540.375000
16311831.000000
19209850.000000
3311630.750000
3840710.250000
4408981.500000
22344696.000000
25716366.000000
29324870.000000
33170194.000000
7838201.500000
37252352.000000
888118.562500
41571332.000000
46127148.000000
50919784.000000
55949256.000000
61215548.000000
66718672.000000
72458616.000000
11104156.000000
14569407.000000
20100582.000000
26519876.000000
78435400.000000
84649000.000000
28426658.000000
32091030.000000
92109568.000000
40086040.000000
109618000.000000
48969368.000000
53744168.000000
58741048.000000
63960004.000000
69401040.000000
75064184.000000
83686144.000000
128648928.000000
149202288.000000
99937512.000000
171278144.000000
194876432.000000
219997248.000000
128364216.000000
136026064.000000
143910048.000000
152016112.000000
160344208.000000
246640480.000000
2811804.750000
5847120.000000
5996248.500000
10660000.000000
151228704.000000
159810576.000000
168629312.000000
177684848.000000
186977216.000000
7994994.500000
96322264.000000
109846528.000000
124258880.000000
139559376.000000
155747968.000000
172824704.000000
190789536.000000
209642528.000000
229383584.000000
250012800.000000
196506400.000000
206272448.000000
96322264.000000
216275280.000000
226514960.000000
236991456.000000
247704816.000000
258654976.000000
138802160.000000
150128400.000000
161898816.000000
174113440.000000
186772192.000000
199875104.000000
213422192.000000
227413440.000000
241848896.000000
256728480.000000
666249.000000
73483880.000000
85352712.000000
98109616.000000
73483880.000000
85352712.000000
98109616.000000
2031146.000000
11896939.000000
1184436.000000
19286102.000000
1819183.875000
3708977.250000
70316416.000000
76205944.000000
82332312.000000
88695488.000000
95295488.000000
13325000.000000
28451502.000000
102132344.000000
111754688.000000
126287832.000000
141709152.000000
158018528.000000
175216080.000000
4796995.000000
109206016.000000
116516504.000000
124063816.000000
131847976.000000
139868976.000000
148126768.000000
39393140.000000
2013216.125000
193301696.000000
2264420.750000
2664996.000000
4164058.750000
111754688.000000
2665000.000000
5996253.000000
10660008.000000
126287832.000000
141709152.000000
158018528.000000
175216080.000000
193301696.000000
212275488.000000
232137344.000000
252887376.000000
112596392.000000
156621392.000000
165352864.000000
174321168.000000
192546512.000000
215865296.000000
274525472.000000
266500368.000000
293816640.000000
322465440.000000
352446720.000000
383760544.000000
1178721.625000
1332498.000000
2998123.500000
5330000.000000
8328127.500000
11992506.000000
1178721.625000
1431251.875000
2998123.500000
297051744.000000
320466144.000000
344768512.000000
297051744.000000
320466144.000000
344768512.000000
4714010.000000
10425719.000000
14485542.000000
5996253.000000
2371706.000000
6150863.000000
2371706.000000
55678776.000000
60932616.000000
66423280.000000
72150776.000000
78115104.000000
84316256.000000
90754216.000000
97429024.000000
104340680.000000
111489144.000000
118874408.000000
126496528.000000
9346429.000000
13208083.000000
4482257.000000
7258896.500000
17735826.000000
4482257.000000
7258896.500000
12494386.000000
10701623.000000
14810437.000000
14810437.000000
22929656.000000
19585340.000000
28789574.000000
19585340.000000
25026332.000000
35315580.000000
25026332.000000
31133410.000000
42507676.000000
31133410.000000
37906576.000000
37906576.000000
50365860.000000
13362799.000000
17020128.000000
13362799.000000
666152.187500
2664612.750000
999383.312500
5995382.000000
10658459.000000
3997545.250000
16653845.000000
23981540.000000
7976767.000000
2998356.750000
10171674.000000
12633015.000000
5330000.500000
15360790.000000
1781381.000000
5185144.500000
5996356.500000
10660192.000000
16656553.000000
23985438.000000
32646848.000000
10365171.000000
15986532.000000
21759414.000000
28420430.000000
35969580.000000
44406860.000000
53732272.000000
63945816.000000
17321460.000000
75047480.000000
87037280.000000
99915232.000000
113681296.000000
26054012.000000
36562828.000000
128335512.000000
539104.687500
48847904.000000
62909236.000000
1961737.500000
4272502.000000
7471399.000000
11558428.000000
16533589.000000
22396882.000000
29148308.000000
36787864.000000
78746840.000000
96360704.000000
45315556.000000
34229304.000000
666109.875000
46144688.000000
2664418.000000
5994924.000000
10657628.000000
16652530.000000
444072.593750
1776277.375000
3996614.250000
7105082.500000
59836344.000000
75304264.000000
11101684.000000
40077072.000000
92548440.000000
111568888.000000
48958404.000000
58727868.000000
69385464.000000
80931200.000000
16258827.000000
22076902.000000
673969.375000
2680179.750000
132365592.000000
6018654.000000
154938592.000000
179287792.000000
10689392.000000
205413328.000000
233315088.000000
16692394.000000
28783110.000000
36377448.000000
44859920.000000
54230524.000000
262993120.000000
294447392.000000
64489260.000000
75636136.000000
327677952.000000
362684768.000000
87671120.000000
100594272.000000
114405536.000000
129104936.000000
40292024.000000
49195952.000000
58988012.000000
69668208.000000
109506784.000000
130118656.000000
81236528.000000
2248088.500000
4690455.500000
26759430.000000
34097836.000000
666156.375000
2664628.500000
44167852.000000
57582268.000000
4034052.500000
72772944.000000
8328302.500000
11992758.000000
16323479.000000
89739888.000000
108483104.000000
33313230.000000
666289.500000
37826052.000000
50306608.000000
666289.500000
2665162.000000
64563512.000000
10660656.000000
16657278.000000
23986482.000000
32648270.000000
42642640.000000
53969592.000000
66629132.000000
80621248.000000
6233638.000000
8070417.500000
10144038.000000
12454500.000000
15001802.000000
11993235.000000
16324128.000000
21321312.000000
26984788.000000
17785944.000000
2665162.000000
5996617.500000
10660656.000000
16657278.000000
23986482.000000
32648270.000000
666289.500000
2665162.000000
5996617.500000
10660656.000000
8328634.000000
16657278.000000
23986482.000000
32648270.000000
42642640.000000
33314556.000000
53969592.000000
47972964.000000
66629132.000000
65296540.000000
74957760.000000
85285280.000000
96279096.000000
107939184.000000
120265568.000000
133258264.000000
146917248.000000
161242496.000000
176234048.000000
191891904.000000
208216064.000000
667527.062500
692400.062500
666125.437500
666124.187500
666124.187500
1181860.500000
12860257.000000
9020744.000000
1332579.000000
1799012.375000
3224925.750000
1799012.375000
5630764.000000
16278348.000000
22099776.000000
28809372.000000
16278348.000000
22099776.000000
28809372.000000
3665856.000000
5102023.000000
6775031.500000
10658888.000000
16654509.000000
23982490.000000
4673168.500000
6279407.000000
11990326.000000
21316132.000000
33306452.000000
47961288.000000
530761.437500
763405.687500
1199325.875000
2104958.000000
1704722.375000
1704722.375000
3544809.500000
4112637.250000
3544809.500000
6051024.000000
6786443.000000
6051024.000000
3265457.750000
3533108.000000
3265457.750000
283360.250000
335672.125000
666216.125000
2664868.500000
5995957.000000
10659482.000000
16655443.000000
1813806.750000
3005406.000000
6723846.000000
8749984.000000
11042571.000000
13601606.000000
1416833.375000
16427091.000000
19519024.000000
5339473.000000
1332595.000000
22877404.000000
26502238.000000
4081082.750000
30393514.000000
34551248.000000
38975420.000000
10077788.000000
11993403.000000
43666052.000000
16324359.000000
48623120.000000
53846648.000000
24070110.000000
26985174.000000
30066814.000000
21337070.000000
59336620.000000
65093044.000000
27001802.000000
71115912.000000
77405232.000000
83961000.000000
90783232.000000
33332668.000000
97871904.000000
105227000.000000
333071.937500
112848568.000000
40329668.000000
2132156.750000
120736592.000000
128891056.000000
6529740.500000
137311952.000000
145999312.000000
47992800.000000
154953136.000000
164173392.000000
173660080.000000
26118990.000000
183413232.000000
193432848.000000
56322068.000000
65317472.000000
203718912.000000
214271392.000000
58767748.000000
64497940.000000
1140596.375000
1332451.125000
5329726.500000
11991827.000000
5330728.000000
8329265.000000
11994144.000000
21318754.000000
668773.125000
2179950.000000
533069.625000
1332400.625000
2997901.750000
5329603.500000
8327506.000000
16197562.000000
8529162.000000
11668833.000000
16665886.000000
22551172.000000
19190626.000000
29324688.000000
36986436.000000
45536412.000000
54974624.000000
38514528.000000
43178924.000000
48109864.000000
53307320.000000
65301064.000000
76515736.000000
70498944.000000
76762552.000000
83292688.000000
90089376.000000
97152624.000000
104482384.000000
112078656.000000
119941512.000000
128070880.000000
136466784.000000
145129216.000000
154058192.000000
163253728.000000
172715792.000000
182444352.000000
192439504.000000
202701168.000000
213229376.000000
224024080.000000
235085360.000000
246413200.000000
258007552.000000
269868416.000000
281995872.000000
294389824.000000
666205.125000
88618632.000000
101609768.000000
1523059.625000
115489136.000000
130256728.000000
145912560.000000
6092254.500000
12692637.000000
15263144.000000
18070510.000000
21114734.000000
24395812.000000
27913752.000000
33161874.000000
43313468.000000
54818608.000000
67677288.000000
81889520.000000
97455296.000000
44972220.000000
59171320.000000
6552695.000000
54354536.000000
64625084.000000
75783864.000000
87830864.000000
100766112.000000
114589576.000000
129301296.000000
144901216.000000
161389392.000000
178765776.000000
197030416.000000
74963512.000000
216183264.000000
96286448.000000
107947448.000000
120274792.000000
236224368.000000
257153680.000000
278971232.000000
301677056.000000
325270976.000000
349753280.000000
375123712.000000
401382496.000000
428529344.000000
280196992.000000
456564640.000000
485488032.000000
515299744.000000
362823488.000000
385145920.000000
408134656.000000
545999488.000000
999257.000000
2775717.250000
1999021.625000
3553819.000000
5552844.500000
7996098.500000
10883581.000000
14215292.000000
17991230.000000
22211398.000000
26875794.000000
577587648.000000
610063936.000000
643428608.000000
677681280.000000
712822336.000000
748851584.000000
785769152.000000
823574720.000000
862268736.000000
901850880.000000
942321408.000000
983679872.000000
1998514.000000
3552916.500000
5997076.500000
11991114.000000
16658553.000000
23988318.000000
32650768.000000
42645904.000000
53973724.000000
21317540.000000
666189.000000
1332681.000000
2998535.250000
5329383.000000
11991114.000000
21317540.000000
33308658.000000
33308658.000000
2221121.750000
7994068.000000
10880817.000000
1025926848.000000
14211682.000000
1069061888.000000
1113085312.000000
17986662.000000
7196463.500000
444113.562500
1776458.250000
666340.500000
2665366.000000
5997076.500000
10661472.000000
16658553.000000
23988318.000000
32650768.000000
42645904.000000
53973724.000000
1157996672.000000
80627424.000000
95953296.000000
112611872.000000
1203796608.000000
1250484736.000000
1298060800.000000
1346525440.000000
1395878272.000000
240549584.000000
266536960.000000
293857024.000000
322509728.000000
352495104.000000
1446119040.000000
1497248000.000000
450447488.000000
1549265536.000000
1602171264.000000
1655965312.000000
1710647168.000000
640355072.000000
682334720.000000
1766217728.000000
770291840.000000
816269440.000000
863579712.000000
912222848.000000
962198464.000000
1013506816.000000
1066147968.000000
1120121728.000000
1175428096.000000
1232067200.000000
666340.500000
2665366.000000
161389392.000000
178765776.000000
197030416.000000
216183264.000000
236224368.000000
257153680.000000
278971232.000000
16159301.000000
123957896.000000
131739264.000000
139757520.000000
148012576.000000
301677056.000000
156504528.000000
165233328.000000
325270976.000000
349753280.000000
375123712.000000
401382496.000000
428529344.000000
456564640.000000
485488032.000000
515299744.000000
545999488.000000
46273736.000000
577587648.000000
610063936.000000
643428608.000000
677681280.000000
712822336.000000
7996098.500000
748851584.000000
785769152.000000
823574720.000000
862268736.000000
901850880.000000
942321408.000000
37537276.000000
983679872.000000
1025926848.000000
1069061888.000000
1113085312.000000
71964960.000000
80183176.000000
88845632.000000
97952320.000000
107503216.000000
117498344.000000
127937720.000000
138821328.000000
1157996672.000000
1203796608.000000
1250484736.000000
1298060800.000000
1346525440.000000
1395878272.000000
1446119040.000000
1497248000.000000
1549265536.000000
1602171264.000000
1655965312.000000
1710647168.000000
1766217728.000000
1822676352.000000
1880022912.000000
1938257792.000000
1997381120.000000
410689024.000000
2057392768.000000
2118292608.000000
469993504.000000
490650112.000000
511750944.000000
533296064.000000
555285376.000000
577718848.000000
2180080384.000000
623918720.000000
647684672.000000
2242756608.000000
2306321152.000000
922381.937500
2370773760.000000
5997076.500000
10661472.000000
16658553.000000
3689539.750000
2436114176.000000
3700918.250000
2502343424.000000
232966960.000000
2569460992.000000
2637466880.000000
2706360320.000000
2776142592.000000
2846812928.000000
2918371072.000000
22561388.000000
243590608.000000
254451152.000000
2990817536.000000
265548496.000000
276882752.000000
5997046.500000
3064152832.000000
7403765.500000
8301473.000000
3138376192.000000
9791487.000000
10661432.000000
11568395.000000
12512378.000000
288453824.000000
14511403.000000
444113.562500
1776458.250000
3213487616.000000
3289487104.000000
3366375168.000000
3444151296.000000
3522815488.000000
3602367744.000000
12400971.000000
8529168.000000
11990990.000000
14803693.000000
3682808832.000000
19190640.000000
26162134.000000
3764137984.000000
29985380.000000
34116704.000000
300261824.000000
43178960.000000
312306560.000000
324588256.000000
337106816.000000
349862144.000000
362854400.000000
376083520.000000
389549440.000000
403252192.000000
417191872.000000
431368448.000000
445781856.000000
460432032.000000
475319168.000000
490443168.000000
505803904.000000
521401504.000000
537236096.000000
553307520.000000
569615744.000000
586160832.000000
602942784.000000
619961664.000000
637217280.000000
654709696.000000
672439168.000000
690405440.000000
708608576.000000
727048448.000000
745725312.000000
764639040.000000
783789504.000000
803176832.000000
822801088.000000
842662272.000000
862760256.000000
883094976.000000
903666688.000000
924475264.000000
945520576.000000
966802752.000000
988321920.000000
1010077952.000000
1032070784.000000
1054300416.000000
1076766976.000000
1099470464.000000
1122410624.000000
1145587584.000000
1169001600.000000
1192652544.000000
1216540032.000000
1240664704.000000
1265026176.000000
1289624448.000000
1314459648.000000
1339531648.000000
1364840448.000000
1390385920.000000
30029338.000000
1416168192.000000
1442187648.000000
1468444032.000000
1494937216.000000
1521667200.000000
1548634112.000000
1575837824.000000
1603278080.000000
1630955520.000000
1658869888.000000
1687021056.000000
1715409024.000000
1744033920.000000
1772895744.000000
1801994368.000000
1831329408.000000
1860901376.000000
1890710656.000000
64035444.000000
1920756608.000000
1951039872.000000
44411536.000000
53737960.000000
21317324.000000
3846355456.000000
3929460480.000000
4013454592.000000
4098336768.000000
4184106496.000000
2698669.250000
4796355.000000
63952616.000000
1822676352.000000
4270764544.000000
75055504.000000
1981559296.000000
87046608.000000
9628614.000000
10794713.000000
12027445.000000
2012315904.000000
2043309312.000000
1880022912.000000
2074539648.000000
2106006912.000000
2137710976.000000
2169651968.000000
2201829632.000000
2234243840.000000
2266895360.000000
99925968.000000
1938257792.000000
34116672.000000
1997381120.000000
2299783680.000000
40813404.000000
43178924.000000
45611076.000000
48109856.000000
113693536.000000
128349360.000000
4358311424.000000
4446746624.000000
61603272.000000
64501868.000000
67467096.000000
2057392768.000000
2118292608.000000
2180080384.000000
79994328.000000
83292704.000000
86657744.000000
90089416.000000
93587696.000000
97152616.000000
100784184.000000
104482392.000000
108247232.000000
112078712.000000
115976800.000000
119941520.000000
123972896.000000
128070888.000000
132235536.000000
136466816.000000
2332908800.000000
2242756608.000000
2366270464.000000
2399869440.000000
2433705216.000000
163253744.000000
167951472.000000
177646176.000000
4536069120.000000
4626280960.000000
4717380608.000000
4809367552.000000
4902243840.000000
4996008448.000000
5090660864.000000
2306321152.000000
2370773760.000000
2467777792.000000
2436114176.000000
2502343424.000000
2569460992.000000
246413264.000000
2502086912.000000
2536633344.000000
2571416320.000000
2606436608.000000
2641693440.000000
2677187072.000000
2712917760.000000
2748885248.000000
2785089280.000000
2821530368.000000
2858208512.000000
2637466880.000000
2895123456.000000
2706360320.000000
2932274688.000000
2969663488.000000
353461152.000000
3007288832.000000
3045151232.000000
3083249920.000000
3121586176.000000
3160158976.000000
3198968832.000000
3238015488.000000
3277298944.000000
3316819200.000000
3356576512.000000
3396570112.000000
3436801024.000000
3477268992.000000
3517973504.000000
463907392.000000
3558914560.000000
3600092928.000000
3641508096.000000
3683160320.000000
3725048576.000000
3767174400.000000
3809537024.000000
3852136704.000000
3894972928.000000
3938046208.000000
554430016.000000
3981356288.000000
4024903168.000000
4068686592.000000
4112707328.000000
4156964608.000000
1776458.250000
2665366.000000
195854912.000000
214951872.000000
107920064.000000
4685239.500000
4201459200.000000
4246189824.000000
4291158016.000000
4336363008.000000
4381804544.000000
4427482624.000000
4473398272.000000
4519550464.000000
4565939712.000000
4612566016.000000
4659428864.000000
4706528768.000000
4753865728.000000
4801438208.000000
4849248768.000000
4897295360.000000
4945580032.000000
4994100736.000000
5042857984.000000
5091853312.000000
5141084160.000000
5190553088.000000
5240257536.000000
5290200576.000000
5340378624.000000
5390794240.000000
5441447424.000000
5492336128.000000
5543463424.000000
5594825728.000000
5646426624.000000
5698263040.000000
5750337536.000000
5802647552.000000
5855194624.000000
5907979264.000000
5960999936.000000
6014258688.000000
6067752960.000000
6121485824.000000
6175453696.000000
6229657600.000000
6284100608.000000
6338779136.000000
6393695744.000000
6448848384.000000
6504238592.000000
6559864832.000000
6615729152.000000
6671828480.000000
6728165376.000000
6784739840.000000
6841550336.000000
6898598912.000000
6955883008.000000
240549584.000000
7013405184.000000
293857024.000000
322509728.000000
352495104.000000
383813248.000000
416464032.000000
450447488.000000
485763616.000000
2776142592.000000
2846812928.000000
2918371072.000000
2990817536.000000
3064152832.000000
3138376192.000000
5186202112.000000
5282631168.000000
5379948544.000000
5478154240.000000
5577246720.000000
5677229056.000000
1066147968.000000
1120121728.000000
1175428096.000000
1232067200.000000
1290038912.000000
7071162880.000000
7129157632.000000
7187390464.000000
7245858816.000000
7304565248.000000
7363507200.000000
7422687744.000000
7482103296.000000
7541757440.000000
7601646592.000000
7661772800.000000
7722137600.000000
7782737408.000000
7843575808.000000
7904649728.000000
7965961728.000000
2479460352.000000
8027509248.000000
8089291776.000000
8151314432.000000
8213572608.000000
8276068864.000000
8338800640.000000
8401770496.000000
8464975872.000000
8528419840.000000
8592098304.000000
8656014336.000000
3550939392.000000
8720168960.000000
8784559104.000000
8849186816.000000
3950744576.000000
4054027264.000000
4158643200.000000
8914050048.000000
5778099200.000000
5879858176.000000
5982504960.000000
6086038528.000000
6190461952.000000
6295773184.000000
5043546112.000000
5160156160.000000
5278099456.000000
8979151872.000000
5517981696.000000
5639922688.000000
5763196416.000000
6401971712.000000
6013740544.000000
444113.562500
533070.000000
1776458.250000
2132288.000000
666340.500000
2665366.000000
5997076.500000
10661472.000000
671488.062500
2675312.250000
1499264.625000
2665362.000000
4164630.750000
7105841.000000
8162681.500000
10661464.000000
13493418.000000
16658543.000000
20156838.000000
23988306.000000
28152942.000000
32650754.000000
37481740.000000
42645888.000000
48143208.000000
53973708.000000
60137376.000000
66634212.000000
73464216.000000
80627400.000000
88123752.000000
95953272.000000
104115960.000000
112611816.000000
121440848.000000
130603072.000000
140098480.000000
149927024.000000
160088704.000000
170583616.000000
181411712.000000
192572896.000000
204067296.000000
215894896.000000
228055680.000000
240549584.000000
253376624.000000
266536928.000000
280030400.000000
293856928.000000
308016704.000000
322509696.000000
337335840.000000
352495104.000000
367987520.000000
383813184.000000
399972032.000000
416463936.000000
433289120.000000
450447488.000000
467938912.000000
485763488.000000
503921376.000000
522412416.000000
541236608.000000
560393984.000000
579884480.000000
599708096.000000
619864960.000000
640354944.000000
661178176.000000
682334592.000000
1499023.125000
4163956.500000
8161357.500000
444113.562500
1776458.250000
3997034.000000
444113.562500
7105841.000000
1776458.250000
3997034.000000
7105841.000000
11102879.000000
11102879.000000
13491226.000000
979885.375000
1114894.000000
20153562.000000
1776458.250000
3997034.000000
7105841.000000
1920592.500000
2107863.000000
11102879.000000
3997034.000000
7105841.000000
2944049.500000
5996094.500000
10659726.000000
16655825.000000
11102879.000000
2997774.000000
1332343.750000
5329379.000000
5995554.000000
10658766.000000
11991114.000000
21317540.000000
3764137984.000000
922381.937500
3846355456.000000
3929460480.000000
4013454592.000000
4098336768.000000
11991114.000000
4184106496.000000
5329379.000000
21317540.000000
4270764544.000000
1822308.000000
8526859.000000
5995554.000000
2443212.000000
2670372.250000
454774240.000000
483641824.000000
6509060096.000000
6617036288.000000
29015248.000000
4245352.000000
4543185.000000
4358311424.000000
10791808.000000
5497260.500000
5835476.500000
6183789.500000
6542200.000000
513397536.000000
6725900288.000000
9044489216.000000
9110063104.000000
9175875584.000000
9241923584.000000
9308209152.000000
76825112.000000
9374730240.000000
9441490944.000000
9508485120.000000
9575718912.000000
9643188224.000000
9710893056.000000
9778837504.000000
6835653120.000000
9847017472.000000
9915435008.000000
9984088064.000000
10052979712.000000
10122105856.000000
6946294272.000000
7057823232.000000
7170240512.000000
7283545088.000000
10191468544.000000
544041408.000000
575573696.000000
607994176.000000
33308326.000000
641302784.000000
23342046.000000
24033624.000000
24735298.000000
130575304.000000
10261070848.000000
675499584.000000
10330907648.000000
7516797.000000
11014528.000000
2998138.500000
5330026.500000
10400984064.000000
10471294976.000000
10541844480.000000
10612629504.000000
10683652096.000000
10754911232.000000
10826405888.000000
2398321664.000000
83356960.000000
2478932224.000000
10898140160.000000
2560874496.000000
1998514.000000
3552916.500000
90155280.000000
97220056.000000
104551296.000000
112149000.000000
10970108928.000000
11042317312.000000
120013200.000000
4163743.250000
5995987.000000
128143832.000000
10659535.000000
16655526.000000
136540960.000000
145204512.000000
1332344.750000
5329383.000000
7397739008.000000
2105936.000000
2750612.750000
11114759168.000000
7512820736.000000
7628791296.000000
5441783.500000
7107638.000000
8995606.000000
5200385.500000
11187440640.000000
5997076.500000
154134576.000000
11260357632.000000
11333511168.000000
11406902272.000000
11480529920.000000
53973724.000000
11554395136.000000
11628495872.000000
16654324.000000
4446746624.000000
4536069120.000000
4626280960.000000
4717380608.000000
4809367552.000000
4902243840.000000
14215292.000000
17991230.000000
7745649664.000000
7863395328.000000
7982030336.000000
8101553152.000000
8221963264.000000
49975656.000000
710584768.000000
746558208.000000
783419776.000000
821169472.000000
859807616.000000
899333952.000000
107503216.000000
8343263232.000000
127937720.000000
8465451008.000000
150149136.000000
161921168.000000
174137488.000000
186797984.000000
939748480.000000
981051072.000000
227444832.000000
8588527104.000000
256763920.000000
272089792.000000
287859936.000000
4996008448.000000
5090660864.000000
337835584.000000
355382592.000000
373373856.000000
391809344.000000
410689024.000000
430012992.000000
449781152.000000
469993504.000000
490650112.000000
511750944.000000
533296064.000000
555285376.000000
577718848.000000
11702835200.000000
623918720.000000
11777410048.000000
1023242112.000000
1066321408.000000
8712492032.000000
8837344256.000000
8963085312.000000
9089714176.000000
9217229824.000000
9345635328.000000
881570944.000000
11852223488.000000
5186202112.000000
5282631168.000000
5379948544.000000
5478154240.000000
5577246720.000000
5677229056.000000
11927271424.000000
1151439744.000000
12002555904.000000
12078080000.000000
12153838592.000000
5778099200.000000
12229835776.000000
9474929664.000000
12306068480.000000
12382539776.000000
1457291008.000000
12459245568.000000
12536186880.000000
12613368832.000000
12690785280.000000
12768440320.000000
12846330880.000000
12924460032.000000
13002824704.000000
13081426944.000000
13160264704.000000
1879974272.000000
13239340032.000000
13318652928.000000
13398201344.000000
13477988352.000000
13558010880.000000
13638272000.000000
13718767616.000000
2221141760.000000
13799500800.000000
13880471552.000000
13961677824.000000
14043123712.000000
666269.500000
2665082.000000
5021875.500000
6559187.000000
14124803072.000000
8301473.000000
10248735.000000
1332345.750000
5329386.000000
11991119.000000
21317544.000000
1332344.750000
5329383.000000
11991114.000000
1998514.000000
5329383.000000
11991114.000000
21317540.000000
33308662.000000
47964476.000000
21317540.000000
33308658.000000
47964468.000000
12400971.000000
14206722048.000000
5021875.500000
5879858176.000000
5982504960.000000
6086038528.000000
6190461952.000000
6295773184.000000
6401971712.000000
19185444.000000
10659192.000000
9605111808.000000
65284976.000000
9736181760.000000
9868138496.000000
10000985088.000000
10134720512.000000
47963992.000000
1155144320.000000
1200888320.000000
1247520512.000000
1295040768.000000
1343449472.000000
1392746368.000000
10269341696.000000
11102879.000000
16321233.000000
11356739.000000
14288876544.000000
32642480.000000
13920701.000000
14833301.000000
1442931200.000000
1494004608.000000
10404853760.000000
10541252608.000000
53441368.000000
20917284.000000
22032682.000000
23177052.000000
6509060096.000000
25552706.000000
26783986.000000
28044242.000000
29333472.000000
30651664.000000
32642480.000000
42635080.000000
85270176.000000
36214172.000000
6617036288.000000
39169252.000000
40690252.000000
235063392.000000
14371268608.000000
14453896192.000000
14536760320.000000
1545965952.000000
1598815872.000000
1652553984.000000
10678541312.000000
10816716800.000000
10955781120.000000
11095734272.000000
14619864064.000000
11236575232.000000
11378301952.000000
6725900288.000000
6835653120.000000
6946294272.000000
7057823232.000000
7170240512.000000
7283545088.000000
7397739008.000000
14703202304.000000
182523440.000000
11520919552.000000
14786779136.000000
14870590464.000000
14954641408.000000
95040568.000000
15038926848.000000
15123447808.000000
15208208384.000000
15293204480.000000
15378440192.000000
15463909376.000000
15549618176.000000
15635561472.000000
15721744384.000000
15808161792.000000
15894815744.000000
125286712.000000
15981708288.000000
16068836352.000000
16156203008.000000
16243804160.000000
16331644928.000000
16419720192.000000
16508032000.000000
192519360.000000
16596583424.000000
16685368320.000000
16774393856.000000
16654993.000000
20152544.000000
16863652864.000000
23983196.000000
28146944.000000
1707179904.000000
8301473.000000
7512820736.000000
7628791296.000000
7745649664.000000
7863395328.000000
7982030336.000000
8101553152.000000
26113526.000000
32643798.000000
53960024.000000
11664424960.000000
20087528.000000
11808819200.000000
11954101248.000000
12100269056.000000
59214808.000000
1762694528.000000
1819097344.000000
1876387968.000000
1934567296.000000
1993634432.000000
18552336.000000
12247327744.000000
107920064.000000
26980002.000000
25566458.000000
27495346.000000
29494370.000000
2053590144.000000
2114434176.000000
12395274240.000000
12544107520.000000
65284332.000000
42961488.000000
45451508.000000
8221963264.000000
8343263232.000000
53342396.000000
56112976.000000
58953704.000000
61864564.000000
64845564.000000
67896720.000000
71018000.000000
74209432.000000
77470992.000000
80802704.000000
133234648.000000
87676552.000000
91218688.000000
12693830656.000000
98513400.000000
16953151488.000000
2176165888.000000
2238786304.000000
2302295040.000000
12844442624.000000
12995942400.000000
13148329984.000000
13301606400.000000
13455770624.000000
13610822656.000000
13766761472.000000
8465451008.000000
8588527104.000000
8712492032.000000
8837344256.000000
8963085312.000000
9089714176.000000
17042884608.000000
202781712.000000
17132857344.000000
17223063552.000000
17313507328.000000
4053163520.000000
17404190720.000000
17495107584.000000
9217229824.000000
17586264064.000000
17677656064.000000
17769285632.000000
17861150720.000000
17953249280.000000
18045591552.000000
18138165248.000000
18230980608.000000
18324029440.000000
18417317888.000000
18510841856.000000
18604603392.000000
18698600448.000000
18792833024.000000
18887305216.000000
18982012928.000000
19076958208.000000
19172139008.000000
19267561472.000000
19363217408.000000
350706432.000000
19459102720.000000
19555231744.000000
19651600384.000000
19748202496.000000
80606952.000000
95928936.000000
80606952.000000
161213936.000000
191857904.000000
90953504.000000
102677984.000000
19845042176.000000
224105808.000000
9345635328.000000
9474929664.000000
9605111808.000000
9736181760.000000
9868138496.000000
10000985088.000000
19942117376.000000
10134720512.000000
10269341696.000000
10404853760.000000
10541252608.000000
34107468.000000
10678541312.000000
10816716800.000000
10955781120.000000
38504132.000000
11095734272.000000
8884527.000000
20039434240.000000
20136984576.000000
20234770432.000000
20332793856.000000
20431052800.000000
11236575232.000000
20529555456.000000
11378301952.000000
20628289536.000000
20727259136.000000
43167268.000000
22744428.000000
47964468.000000
25676334.000000
27208914.000000
28785926.000000
30407360.000000
32073208.000000
47964468.000000
35538188.000000
11520919552.000000
11664424960.000000
11808819200.000000
11954101248.000000
12100269056.000000
12247327744.000000
12395274240.000000
12544107520.000000
12693830656.000000
12844442624.000000
12995942400.000000
60059568.000000
20826466304.000000
20925915136.000000
13148329984.000000
21025597440.000000
21125515264.000000
21225670656.000000
21326061568.000000
21426694144.000000
21527560192.000000
13301606400.000000
13455770624.000000
13610822656.000000
13766761472.000000
13923591168.000000
65284976.000000
14081307648.000000
14239913984.000000
14399407104.000000
14559787008.000000
14721057792.000000
14883216384.000000
15046260736.000000
15210195968.000000
15375019008.000000
11372214.000000
12838167.000000
14392963.000000
26868970.000000
31976296.000000
65284976.000000
85270176.000000
85270176.000000
15540729856.000000
15707329536.000000
53292928.000000
15874818048.000000
16043193344.000000
16212457472.000000
16382608384.000000
16553649152.000000
16725577728.000000
16898395136.000000
17072101376.000000
17246693376.000000
17422174208.000000
17598543872.000000
17775800320.000000
21628661760.000000
17953947648.000000
74674704.000000
235167584.000000
21730000896.000000
21831577600.000000
21933395968.000000
18132983808.000000
22035443712.000000
22137731072.000000
18312908800.000000
18493718528.000000
22240253952.000000
13434485.000000
18675412992.000000
13923591168.000000
14081307648.000000
14239913984.000000
14399407104.000000
14559787008.000000
18858002432.000000
19041476608.000000
22343020544.000000
19225841664.000000
19411093504.000000
19597236224.000000
22446016512.000000
246495792.000000
22549250048.000000
22652721152.000000
2366691584.000000
19784261632.000000
2431976704.000000
14721057792.000000
14883216384.000000
17191388.000000
12400971.000000
19972177920.000000
20160985088.000000
20350676992.000000
20541259776.000000
20732727296.000000
20925089792.000000
64484448.000000
48132952.000000
15046260736.000000
15210195968.000000
15375019008.000000
15540729856.000000
15707329536.000000
15874818048.000000
71649920.000000
2498149632.000000
2565211136.000000
2633160960.000000
2701998848.000000
2771725056.000000
2842339584.000000
21761648.000000
26236778.000000
225166576.000000
40303468.000000
47964456.000000
112583256.000000
18953508.000000
12314459.000000
2913841920.000000
2986232832.000000
16043193344.000000
16212457472.000000
78311600.000000
17542676.000000
53962208.000000
21118332928.000000
21312471040.000000
70479896.000000
22604304.000000
23693514.000000
24808358.000000
25948828.000000
27114926.000000
28306646.000000
29618866.000000
95928936.000000
112583256.000000
261139904.000000
130569952.000000
35995204.000000
21507491840.000000
22756429824.000000
22860378112.000000
22964559872.000000
23068977152.000000
23173634048.000000
23278530560.000000
23383658496.000000
23489024000.000000
23594627072.000000
23700465664.000000
23806547968.000000
23912859648.000000
24019410944.000000
24126197760.000000
24233226240.000000
24340486144.000000
24447983616.000000
258090464.000000
24555718656.000000
24663689216.000000
24771901440.000000
24880347136.000000
24989028352.000000
25097947136.000000
21703399424.000000
25207101440.000000
25316499456.000000
21900201984.000000
22097887232.000000
22296465408.000000
3059511808.000000
22495928320.000000
22696282112.000000
22897520640.000000
269951616.000000
25426128896.000000
25535993856.000000
25646096384.000000
25756442624.000000
25867018240.000000
25977831424.000000
118096208.000000
23099648000.000000
23302666240.000000
23506569216.000000
23711365120.000000
23917045760.000000
24123617280.000000
24331073536.000000
24539422720.000000
24748654592.000000
26088876032.000000
26200164352.000000
389802368.000000
414545728.000000
10880817.000000
440050368.000000
14211682.000000
17986662.000000
466316256.000000
22205758.000000
10880817.000000
33205926.000000
14211682.000000
17986662.000000
36997964.000000
40994976.000000
26311692288.000000
45196964.000000
22205758.000000
708500.312500
2748776.750000
6121480.000000
10826610.000000
16864166.000000
24234150.000000
4664384.000000
16083105.000000
18652600.000000
21412422.000000
24362584.000000
26868970.000000
31976296.000000
37527736.000000
26868970.000000
31976296.000000
37527736.000000
43523296.000000
26868970.000000
43523296.000000
31976296.000000
37527736.000000
27503072.000000
49603924.000000
54215864.000000
26423453696.000000
59032776.000000
43523296.000000
26535450624.000000
26647685120.000000
26760161280.000000
26872870912.000000
26985816064.000000
27098996736.000000
27212414976.000000
27326076928.000000
27439968256.000000
27554099200.000000
27668463616.000000
27783073792.000000
27897913344.000000
28012988416.000000
16382608384.000000
85274376.000000
28128303104.000000
64054664.000000
149888960.000000
20801584.000000
28423380.000000
3133679104.000000
3208734720.000000
3284678400.000000
3361510400.000000
3439230976.000000
3517839104.000000
85269336.000000
16553649152.000000
28243853312.000000
28359645184.000000
28475670528.000000
16725577728.000000
282079232.000000
16898395136.000000
28591931392.000000
28708429824.000000
28825163776.000000
294473312.000000
28942141440.000000
24958771200.000000
25169784832.000000
25381681152.000000
25594470400.000000
25808144384.000000
26022711296.000000
26238160896.000000
17072101376.000000
29059348480.000000
17246693376.000000
17422174208.000000
17598543872.000000
17775800320.000000
3597335808.000000
3677720576.000000
3758993920.000000
29176795136.000000
29294477312.000000
29412401152.000000
29530556416.000000
29648949248.000000
29767579648.000000
29886445568.000000
30005555200.000000
17953947648.000000
18132983808.000000
18312908800.000000
192572832.000000
198278400.000000
204067232.000000
209939376.000000
215894832.000000
26454499328.000000
26671730688.000000
234260896.000000
240549504.000000
18493718528.000000
18675412992.000000
3841155328.000000
3924204800.000000
273241920.000000
280030304.000000
286901920.000000
293856864.000000
300895104.000000
308016608.000000
315221472.000000
18858002432.000000
329881024.000000
26889844736.000000
27108853760.000000
27328743424.000000
27549528064.000000
27771195392.000000
27993757696.000000
383813088.000000
391850848.000000
399971936.000000
408176224.000000
416463840.000000
424834784.000000
433289024.000000
441826560.000000
450447264.000000
15178431.000000
53960024.000000
307133824.000000
20008508.000000
25504756.000000
320060832.000000
30124894208.000000
30244470784.000000
30364284928.000000
30484340736.000000
30604627968.000000
30725152768.000000
30845915136.000000
30966913024.000000
31667178.000000
38495772.000000
31088146432.000000
31209619456.000000
31331328000.000000
31453278208.000000
45990540.000000
333254336.000000
31575461888.000000
346714208.000000
31697881088.000000
360440640.000000
54151496.000000
62978600.000000
374433536.000000
388692800.000000
31820535808.000000
31943436288.000000
32066566144.000000
32189931520.000000
403218624.000000
32313534464.000000
32437374976.000000
32561459200.000000
32685772800.000000
418010912.000000
32810323968.000000
32935110656.000000
33060136960.000000
33185402880.000000
33310902272.000000
33436637184.000000
33562609664.000000
33688817664.000000
33815263232.000000
33941946368.000000
34068865024.000000
34196021248.000000
34323421184.000000
34451050496.000000
34578919424.000000
34707021824.000000
34835369984.000000
34963947520.000000
35092758528.000000
433069696.000000
19041476608.000000
19225841664.000000
35221811200.000000
19411093504.000000
35351097344.000000
19597236224.000000
35480629248.000000
35610390528.000000
35740389376.000000
35870625792.000000
19784261632.000000
19972177920.000000
20160985088.000000
28217200640.000000
4008142592.000000
28441532416.000000
36001103872.000000
36131811328.000000
28666759168.000000
28892866560.000000
29119868928.000000
29347753984.000000
29576534016.000000
36262760448.000000
20350676992.000000
20541259776.000000
20732727296.000000
20925089792.000000
21118332928.000000
21312471040.000000
4092968960.000000
4178682880.000000
72471896.000000
4265285632.000000
21507491840.000000
4352776192.000000
448394720.000000
4441155072.000000
50049672.000000
463986400.000000
29806194688.000000
36393943040.000000
36525363200.000000
30036744192.000000
30268186624.000000
30500513792.000000
30733733888.000000
36657025024.000000
36788916224.000000
30967836672.000000
21703399424.000000
21900201984.000000
22097887232.000000
22296465408.000000
22495928320.000000
22696282112.000000
22897520640.000000
36921049088.000000
31202832384.000000
82631344.000000
22205758.000000
93456992.000000
23099648000.000000
23302666240.000000
23506569216.000000
23711365120.000000
23917045760.000000
24123617280.000000
24331073536.000000
24539422720.000000
24748654592.000000
4530421760.000000
4620577280.000000
24958771200.000000
4711621120.000000
4803553280.000000
4896373760.000000
104948784.000000
25169784832.000000
117106776.000000
4990082048.000000
129930912.000000
25381681152.000000
31438710784.000000
479844544.000000
42645872.000000
495969184.000000
31675484160.000000
31913140224.000000
32151676928.000000
32391114752.000000
32631435264.000000
32872648704.000000
33114744832.000000
33357735936.000000
33601609728.000000
33846370304.000000
34092025856.000000
25594470400.000000
25808144384.000000
34338564096.000000
34585993216.000000
512360160.000000
5995773.000000
10659155.000000
16654931.000000
37053415424.000000
37186019328.000000
73448560.000000
80610224.000000
26868970.000000
143421248.000000
16296087.000000
26022711296.000000
26238160896.000000
26454499328.000000
37318864896.000000
24793438.000000
37451943936.000000
37585260544.000000
37718810624.000000
37852606464.000000
37986631680.000000
26671730688.000000
38120890368.000000
26889844736.000000
38255390720.000000
27108853760.000000
27328743424.000000
38390124544.000000
35067252.000000
26727698.000000
29615182.000000
38525104128.000000
47117524.000000
60944260.000000
38660313088.000000
38795759616.000000
76547456.000000
529017696.000000
93927112.000000
113083232.000000
134015808.000000
156724864.000000
5997076.500000
181210352.000000
207472336.000000
23988318.000000
5084679168.000000
5180163072.000000
5276536320.000000
5373797888.000000
5471947776.000000
5570985472.000000
27549528064.000000
27771195392.000000
34834309120.000000
27993757696.000000
28217200640.000000
35083517952.000000
35333607424.000000
35584593920.000000
35836461056.000000
36089212928.000000
545941696.000000
28441532416.000000
38931443712.000000
28666759168.000000
39067369472.000000
563132160.000000
36342865920.000000
36597395456.000000
36852822016.000000
37109129216.000000
37366333440.000000
37624418304.000000
28892866560.000000
29119868928.000000
37883387904.000000
29347753984.000000
29576534016.000000
5670912000.000000
5771726336.000000
5873428992.000000
39203528704.000000
29806194688.000000
30036744192.000000
30268186624.000000
39339921408.000000
580588928.000000
16657303.000000
23986512.000000
32648304.000000
42642680.000000
53969640.000000
66629180.000000
598312320.000000
74944464.000000
39476551680.000000
39613419520.000000
39750529024.000000
39887872000.000000
40025448448.000000
40163262464.000000
170583648.000000
192572960.000000
215894928.000000
5976019968.000000
6079496704.000000
6183863808.000000
6289119744.000000
6395263488.000000
30500513792.000000
6502295552.000000
30733733888.000000
38143258624.000000
30967836672.000000
31202832384.000000
31438710784.000000
38404005888.000000
38665650176.000000
38928175104.000000
39191597056.000000
39455895552.000000
31675484160.000000
40301322240.000000
133268464.000000
40439611392.000000
40578134016.000000
39721095168.000000
39987171328.000000
40254132224.000000
40521994240.000000
40790736896.000000
41060376576.000000
41330896896.000000
31913140224.000000
32151676928.000000
32391114752.000000
32631435264.000000
32872648704.000000
33114744832.000000
33357735936.000000
6610215936.000000
6719024128.000000
6828719616.000000
40716898304.000000
616302208.000000
385048160.000000
431680256.000000
480977120.000000
532938592.000000
6939304960.000000
7050778112.000000
7163139584.000000
7276389376.000000
7390527488.000000
33601609728.000000
33846370304.000000
587564864.000000
34092025856.000000
34338564096.000000
34585993216.000000
41602310144.000000
41874604032.000000
42147790848.000000
42421870592.000000
42696830976.000000
42972684288.000000
34834309120.000000
40855896064.000000
7505553408.000000
40995139584.000000
634558528.000000
43249422336.000000
43527053312.000000
43805569024.000000
44084977664.000000
44365266944.000000
44646445056.000000
35083517952.000000
35333607424.000000
44928520192.000000
35584593920.000000
35836461056.000000
7621467648.000000
7738270720.000000
7855958528.000000
41134612480.000000
36089212928.000000
36342865920.000000
36597395456.000000
41274322944.000000
49962964.000000
49962964.000000
56846760.000000
64174660.000000
71946688.000000
56846760.000000
64174660.000000
71946688.000000
49962964.000000
56846760.000000
64174660.000000
80350184.000000
86191968.000000
92238728.000000
98490456.000000
71946688.000000
7974537728.000000
8094005248.000000
8214360576.000000
8335604224.000000
8457736704.000000
36852822016.000000
37109129216.000000
37366333440.000000
45211471872.000000
37624418304.000000
37883387904.000000
45495324672.000000
45780054016.000000
46065680384.000000
46352187392.000000
46639583232.000000
104947184.000000
38143258624.000000
41414266880.000000
8580756992.000000
41554452480.000000
46927876096.000000
41694879744.000000
653081216.000000
47217045504.000000
47507116032.000000
47798063104.000000
48089907200.000000
48382631936.000000
48676253696.000000
38404005888.000000
38665650176.000000
38928175104.000000
39191597056.000000
39455895552.000000
39721095168.000000
8704663552.000000
8829460480.000000
8955145216.000000
41835536384.000000
39987171328.000000
666326.187500
2665308.750000
5996947.500000
23059668.000000
26236778.000000
29618866.000000
33205926.000000
41976430592.000000
26986854.000000
9081718784.000000
9209180160.000000
9337530368.000000
9466767360.000000
9596894208.000000
9727907840.000000
40254132224.000000
40521994240.000000
40790736896.000000
41060376576.000000
41330896896.000000
48970756096.000000
49266139136.000000
49562423296.000000
49859588096.000000
50157649920.000000
50456592384.000000
41602310144.000000
120274792.000000
41874604032.000000
42117558272.000000
671870528.000000
50756431872.000000
51057152000.000000
51358756864.000000
51661262848.000000
42258927616.000000
51964645376.000000
52268924928.000000
42147790848.000000
42421870592.000000
52574085120.000000
42696830976.000000
42400530432.000000
42972684288.000000
9859808256.000000
9992598528.000000
42542370816.000000
43249422336.000000
43527053312.000000
10126277632.000000
24755608.000000
26861558.000000
43805569024.000000
17986662.000000
29053466.000000
31331318.000000
44084977664.000000
44365266944.000000
44646445056.000000
44928520192.000000
45211471872.000000
33695144.000000
45495324672.000000
42684452864.000000
56305908.000000
42826764288.000000
42969325568.000000
43112112128.000000
45780054016.000000
43255140352.000000
690926208.000000
46065680384.000000
46352187392.000000
43398402048.000000
1776458.250000
38680656.000000
710248448.000000
43541909504.000000
43685642240.000000
43829616640.000000
43973824512.000000
44118274048.000000
41302340.000000
44262965248.000000
44407885824.000000
44553039872.000000
1332681.000000
44009992.000000
5330732.000000
46803604.000000
729836864.000000
44698435584.000000
21322944.000000
44844072960.000000
49683164.000000
40313700.000000
44989939712.000000
45136048128.000000
45282385920.000000
45428965376.000000
749691968.000000
45575786496.000000
45722841088.000000
45870129152.000000
46017654784.000000
46165417984.000000
46313422848.000000
46461661184.000000
88104968.000000
2997850.500000
107920064.000000
8329271.500000
100073048.000000
192524048.000000
33310300.000000
35973344.000000
7710517.500000
52648672.000000
11518185.000000
13707595.000000
16087389.000000
107920064.000000
33308658.000000
133234632.000000
769813568.000000
30842106.000000
644855744.000000
111608872.000000
41979544.000000
46072784.000000
170540352.000000
54830428.000000
59494828.000000
64349604.000000
97126376.000000
74630320.000000
46610132992.000000
85672560.000000
46758842368.000000
46907797504.000000
47056982016.000000
47206404096.000000
47356059648.000000
47505952768.000000
47656091648.000000
47806459904.000000
47957065728.000000
48107909120.000000
48258994176.000000
48410308608.000000
48561860608.000000
48713650176.000000
48865677312.000000
49017946112.000000
49170448384.000000
49323184128.000000
49476157440.000000
49629376512.000000
49782820864.000000
49936506880.000000
50090426368.000000
50244583424.000000
50398986240.000000
50553618432.000000
50708488192.000000
50863591424.000000
51018932224.000000
51174518784.000000
51330334720.000000
51486388224.000000
51642679296.000000
51799203840.000000
51955965952.000000
52112969728.000000
10260844544.000000
10396300288.000000
10532643840.000000
10669876224.000000
10807995392.000000
46639583232.000000
10947003392.000000
46927876096.000000
52880142336.000000
47217045504.000000
47507116032.000000
47798063104.000000
53187076096.000000
53494910976.000000
53803622400.000000
54113222656.000000
54423719936.000000
48089907200.000000
790201664.000000
52270202880.000000
52427677696.000000
52585398272.000000
810856064.000000
54735097856.000000
55047372800.000000
55360528384.000000
55674576896.000000
55989506048.000000
56305328128.000000
48382631936.000000
56622043136.000000
48676253696.000000
48970756096.000000
11086900224.000000
11227684864.000000
11369358336.000000
52743344128.000000
49266139136.000000
49562423296.000000
49859588096.000000
50157649920.000000
10880817.000000
14211682.000000
28423380.000000
35973344.000000
831777024.000000
852964480.000000
874418432.000000
896138560.000000
918125376.000000
940378688.000000
962898496.000000
985684608.000000
1008737280.000000
1032056512.000000
1055642112.000000
1079493888.000000
1103612544.000000
65301536.000000
1127997568.000000
215840128.000000
1152649088.000000
1177566848.000000
1202751360.000000
1228202240.000000
146928464.000000
1253919616.000000
176247552.000000
191906592.000000
208231968.000000
225223744.000000
242881744.000000
261206208.000000
280196992.000000
299854048.000000
1279903104.000000
341167296.000000
362823488.000000
385145920.000000
408134656.000000
431789856.000000
456111424.000000
481099168.000000
1306153344.000000
1332670208.000000
560060864.000000
1359453312.000000
1386503040.000000
645019456.000000
674671744.000000
1413819264.000000
735975104.000000
767626496.000000
1441401472.000000
832928064.000000
1469250560.000000
1497366144.000000
1525748224.000000
1554396672.000000
1583311616.000000
1612492672.000000
1641940480.000000
1671654528.000000
1701635328.000000
1731882624.000000
1762396288.000000
1280710144.000000
1793176576.000000
1364669440.000000
1407648384.000000
1824223232.000000
1495605504.000000
1540583680.000000
1586228224.000000
1632538880.000000
1679516160.000000
1855536384.000000
1775469440.000000
1824445696.000000
1874088064.000000
1924396928.000000
1975372288.000000
2027013632.000000
2079321600.000000
2132295936.000000
2185936384.000000
2240243456.000000
2295216384.000000
2350856192.000000
2407162112.000000
2464134400.000000
2521773056.000000
52901527552.000000
53059948544.000000
53218615296.000000
53377511424.000000
53536641024.000000
53696008192.000000
53855617024.000000
54015467520.000000
54175543296.000000
54335860736.000000
54496411648.000000
54657212416.000000
54818238464.000000
54979502080.000000
55141003264.000000
55302737920.000000
55464718336.000000
55626932224.000000
55789379584.000000
55952064512.000000
56114982912.000000
56278151168.000000
56441544704.000000
56605179904.000000
56769048576.000000
56933158912.000000
57097502720.000000
57262084096.000000
57426898944.000000
57591951360.000000
235510736.000000
261139904.000000
161213936.000000
5330732.000000
21317540.000000
33308658.000000
33308658.000000
65284976.000000
161213936.000000
112048416.000000
215840128.000000
6202089.500000
1951074176.000000
767431616.000000
10046367.000000
125547160.000000
161213904.000000
49603924.000000
29618866.000000
18503780.000000
46060524.000000
22604348.000000
57757249536.000000
57922777088.000000
58088538112.000000
58254540800.000000
58420785152.000000
58587258880.000000
58753970176.000000
58837596.000000
53973724.000000
66634232.000000
80627424.000000
95953296.000000
116061064.000000
130603104.000000
149927024.000000
240488528.000000
33205926.000000
10658766.000000
5329379.000000
85270176.000000
119909120.000000
56846760.000000
208186704.000000
5329379.000000
54215864.000000
132823792.000000
240488528.000000
832716672.000000
176202800.000000
1983453184.000000
58920919040.000000
59088105472.000000
59255533568.000000
59423191040.000000
50343012.000000
59591086080.000000
59759218688.000000
33308658.000000
47964468.000000
47964468.000000
59927597056.000000
60096204800.000000
60265046016.000000
60434124800.000000
60603441152.000000
60773003264.000000
60942794752.000000
61112819712.000000
61283086336.000000
2016098560.000000
61453586432.000000
61624332288.000000
61795307520.000000
61966516224.000000
62137966592.000000
62309650432.000000
62481571840.000000
62653730816.000000
62826127360.000000
62998757376.000000
191857904.000000
53751588.000000
63171637248.000000
124499168.000000
69410624.000000
75074552.000000
80960552.000000
87068704.000000
93398968.000000
112587824.000000
63344742400.000000
63518085120.000000
63691665408.000000
128381936.000000
63865491456.000000
64039542784.000000
64213835776.000000
64388362240.000000
2049010560.000000
266469296.000000
50456592384.000000
50756431872.000000
51057152000.000000
51358756864.000000
11511919616.000000
11655369728.000000
64563126272.000000
64738136064.000000
64913375232.000000
65088847872.000000
65264558080.000000
65440518144.000000
51661262848.000000
11799707648.000000
51964645376.000000
56939638784.000000
65616703488.000000
65793122304.000000
52268924928.000000
65969782784.000000
66146680832.000000
66323820544.000000
66501189632.000000
66678796288.000000
66856640512.000000
67034718208.000000
67213045760.000000
57258127360.000000
57577500672.000000
57897766912.000000
58218917888.000000
58540961792.000000
58863886336.000000
2082188928.000000
11944933376.000000
67391598592.000000
293782400.000000
65370320.000000
75055504.000000
12091043840.000000
12238047232.000000
67570388992.000000
12385937408.000000
133233352.000000
52574085120.000000
52880142336.000000
53187076096.000000
53494910976.000000
12534716416.000000
67749416960.000000
12684384256.000000
71964960.000000
67928690688.000000
68108189696.000000
68287930368.000000
68467904512.000000
68648116224.000000
2115633408.000000
68828577792.000000
69009260544.000000
69190180864.000000
69371338752.000000
69552742400.000000
69734375424.000000
69916246016.000000
70098354176.000000
70280699904.000000
70463291392.000000
70646104064.000000
70829162496.000000
71012450304.000000
36997964.000000
22205758.000000
128036288.000000
59187691520.000000
59512397824.000000
121414976.000000
32650768.000000
12834938880.000000
53803622400.000000
12986383360.000000
80627424.000000
95953296.000000
322427872.000000
187889248.000000
149927024.000000
54113222656.000000
192572960.000000
215894928.000000
240549584.000000
266536960.000000
293857024.000000
322509728.000000
59837988864.000000
60164472832.000000
60491841536.000000
60820103168.000000
61149245440.000000
54423719936.000000
61479276544.000000
599708160.000000
900666304.000000
682334720.000000
725646976.000000
971280576.000000
816269440.000000
863579712.000000
912222848.000000
962198464.000000
54735097856.000000
204044272.000000
37527736.000000
10880817.000000
2149344768.000000
2183322112.000000
2217566208.000000
2252077056.000000
2286854144.000000
2321897984.000000
2357208064.000000
2392784640.000000
2428627712.000000
2464736768.000000
2501112576.000000
2537755136.000000
2574663936.000000
2611839232.000000
2649281280.000000
2686989056.000000
2724963840.000000
2763204608.000000
48109888.000000
53307360.000000
2801712384.000000
2840486400.000000
2879527168.000000
2918834176.000000
2958407680.000000
2998247680.000000
3038354176.000000
3078726656.000000
3119366144.000000
3160271872.000000
3201444352.000000
3242883072.000000
3284588288.000000
352405632.000000
163253840.000000
172715888.000000
182444512.000000
192439632.000000
202701296.000000
213229536.000000
224024272.000000
235085552.000000
246413360.000000
3326559744.000000
322427872.000000
1044559808.000000
3368797952.000000
307050560.000000
3411301888.000000
3454073088.000000
3497110784.000000
3540414720.000000
374351136.000000
3583985408.000000
403137088.000000
417929920.000000
432989312.000000
3627822336.000000
463907456.000000
479766464.000000
3671925760.000000
512283936.000000
528942528.000000
3716295680.000000
3760931584.000000
580517440.000000
598242112.000000
616233408.000000
634491200.000000
653015424.000000
671806336.000000
690863808.000000
242820096.000000
14211682.000000
261139904.000000
26868970.000000
17986662.000000
71195983872.000000
71379755008.000000
71563755520.000000
71747993600.000000
71932469248.000000
72117190656.000000
72302133248.000000
72487321600.000000
72672747520.000000
72858402816.000000
73044312064.000000
73230442496.000000
73416810496.000000
3805834496.000000
73603416064.000000
73790267392.000000
73977348096.000000
74164658176.000000
74352214016.000000
74540007424.000000
74728046592.000000
74916306944.000000
75104813056.000000
75293548544.000000
75482537984.000000
75671748608.000000
75861196800.000000
76050882560.000000
261139904.000000
16325377.000000
133234648.000000
1120503552.000000
85270176.000000
85270176.000000
66629988.000000
261139904.000000
75814120.000000
149895040.000000
161212368.000000
95953296.000000
112611872.000000
130603104.000000
149927024.000000
383715808.000000
192572960.000000
215894928.000000
240549584.000000
266536960.000000
293857024.000000
322509728.000000
352495104.000000
383813248.000000
416464032.000000
450447488.000000
485763616.000000
522412416.000000
560393984.000000
599708160.000000
640355072.000000
3851003904.000000
725646976.000000
1199111936.000000
816269440.000000
863579712.000000
912222848.000000
962198464.000000
1013506816.000000
1066147968.000000
1120121728.000000
1175428096.000000
1280385024.000000
296916960.000000
330284800.000000
365429024.000000
5996111.500000
383715808.000000
416358272.000000
172281488.000000
180787936.000000
80162816.000000
88823072.000000
10659555.000000
16655558.000000
97927432.000000
666229.812500
1334948.375000
2998535.250000
761327.750000
43523296.000000
2664892.750000
49962964.000000
447612.187500
1332681.000000
2998535.250000
5330732.000000
8329271.500000
11994153.000000
16325377.000000
21322944.000000
26986854.000000
33317106.000000
40313700.000000
47976636.000000
96265520.000000
65301536.000000
74963512.000000
85291808.000000
96286448.000000
107947448.000000
120274792.000000
133268464.000000
146928464.000000
161254848.000000
80162816.000000
88823072.000000
522306304.000000
1776458.250000
2665366.000000
5997076.500000
80350184.000000
86191968.000000
23988318.000000
32650768.000000
42645904.000000
53973724.000000
66634232.000000
80627424.000000
95953296.000000
112611872.000000
130603104.000000
149927024.000000
170583648.000000
299777920.000000
320096192.000000
240549584.000000
266536960.000000
293857024.000000
322509728.000000
352495104.000000
383813248.000000
416464032.000000
450447488.000000
485763616.000000
522412416.000000
560393984.000000
599708160.000000
133234648.000000
1998514.000000
3997034.000000
5551434.500000
170545968.000000
7994068.000000
11102879.000000
10880817.000000
1617353.875000
2665366.000000
5997076.500000
10661472.000000
16658553.000000
23988318.000000
32650768.000000
42645904.000000
53973724.000000
66634232.000000
80627424.000000
95953296.000000
112611872.000000
130603104.000000
149927024.000000
402349792.000000
441046944.000000
481520640.000000
523770720.000000
567797184.000000
613600320.000000
661179776.000000
710535872.000000
761668032.000000
814577088.000000
869262336.000000
925724096.000000
983962304.000000
1043976960.000000
74963512.000000
1105768320.000000
1169335936.000000
1234679936.000000
1301800448.000000
1370697600.000000
1441371136.000000
1513820928.000000
1588047360.000000
1664050304.000000
1741829632.000000
35973344.000000
59032776.000000
44411536.000000
53737960.000000
1821385344.000000
1902717568.000000
1985826432.000000
2070711552.000000
2157373184.000000
2245811200.000000
2336025344.000000
2428016640.000000
2521784320.000000
2617328384.000000
2714648320.000000
95953296.000000
2813745408.000000
2914619136.000000
3017268992.000000
3121694208.000000
3227897344.000000
3335876608.000000
3445632512.000000
3557164288.000000
3670472960.000000
322509728.000000
352495104.000000
3785558272.000000
3902419968.000000
4021056768.000000
4141471488.000000
4263662592.000000
4387630080.000000
4513373696.000000
4640893952.000000
4770190848.000000
4901264384.000000
5034112512.000000
5168739328.000000
1364323072.000000
1783448.250000
1450925440.000000
5330732.000000
8329271.500000
450333152.000000
2665366.000000
485640288.000000
10661472.000000
3997034.000000
107475920.000000
23982228.000000
117468512.000000
32642480.000000
11994153.000000
189499376.000000
21322944.000000
198415808.000000
33317106.000000
40313700.000000
47976636.000000
56305908.000000
65301536.000000
2664929.500000
5996094.500000
127905232.000000
10661472.000000
16658553.000000
138786048.000000
410659712.000000
5464877.500000
16321233.000000
9024783.000000
10661472.000000
21317532.000000
671385.937500
2665366.000000
5997076.500000
10661472.000000
3045319.000000
4758313.500000
6851973.500000
9326300.000000
2664939.000000
33311584.000000
107475920.000000
2998039.750000
117468512.000000
127905232.000000
4007515.750000
138786048.000000
1783448.250000
107475920.000000
45032564.000000
352420000.000000
117468512.000000
383731456.000000
127905232.000000
1015181.562500
138786048.000000
1776458.250000
85649760.000000
91454904.000000
35973344.000000
8161490.500000
44411536.000000
5330207.000000
4007515.750000
53737960.000000
1776458.250000
3997034.000000
7105841.000000
5330048.500000
32642480.000000
25580592.000000
42635080.000000
4053244.500000
3997034.000000
7105841.000000
21317540.000000
11991706.000000
1776458.250000
7105841.000000
2664822.500000
5996008.500000
5997675.000000
10659573.000000
21656714.000000
10662481.000000
485651776.000000
27409280.000000
6057639.500000
522292128.000000
8723006.000000
560265024.000000
61810200576.000000
62142009344.000000
15507576.000000
17506604.000000
19626780.000000
21868112.000000
163209632.000000
26714238.000000
29319028.000000
172669136.000000
34892072.000000
85284696.000000
90698288.000000
96278424.000000
47492000.000000
50944860.000000
3997034.000000
5996285.000000
10660065.000000
10661472.000000
16658553.000000
23988318.000000
32650768.000000
299777984.000000
341080704.000000
66634232.000000
80627424.000000
95953296.000000
112611872.000000
130603104.000000
149927024.000000
170583648.000000
192572960.000000
215894928.000000
240549584.000000
266536960.000000
293857024.000000
322509728.000000
352495104.000000
383813248.000000
416464032.000000
450447488.000000
485763616.000000
32645444.000000
42638948.000000
53961260.000000
66618840.000000
299777984.000000
7994068.000000
341080704.000000
16322715.000000
161213936.000000
191857904.000000
14211682.000000
17986662.000000
107920064.000000
133234648.000000
22205758.000000
1787796.750000
3997034.000000
4014032.750000
160054592.000000
7105841.000000
170547264.000000
4081333.750000
5330724.000000
85270176.000000
8329261.500000
10078408.000000
246671248.000000
14076458.000000
107920064.000000
64054664.000000
69281528.000000
107920064.000000
26986836.000000
133234648.000000
274840512.000000
55047372800.000000
11991114.000000
171130848.000000
5330732.000000
181345408.000000
47964468.000000
16325377.000000
21322944.000000
55360528384.000000
3997034.000000
1780798.125000
11102879.000000
7105841.000000
11102879.000000
22205758.000000
26980002.000000
4003542.500000
3997034.000000
7105841.000000
26868970.000000
33308648.000000
14215292.000000
17991230.000000
22211398.000000
3997034.000000
63952616.000000
7105841.000000
75055504.000000
11102879.000000
33205926.000000
31976296.000000
36997964.000000
26120598.000000
29985380.000000
1783448.250000
112585432.000000
4007515.750000
53961100.000000
66618648.000000
1332463.625000
1776905.500000
2776417.250000
3998043.250000
5441783.500000
62474711040.000000
182395120.000000
192387536.000000
13437886.000000
15992197.000000
62808293376.000000
53960024.000000
85280584.000000
28430584.000000
32095462.000000
35982460.000000
80608568.000000
44422796.000000
107931784.000000
53751588.000000
58749160.000000
63968836.000000
69410624.000000
75074552.000000
80960552.000000
2664941.750000
22416128.000000
28214190.000000
5330732.000000
34678424.000000
11994153.000000
16325377.000000
2664849.250000
1776458.250000
666340.500000
1776458.250000
21583634.000000
26646464.000000
1332367.625000
2784453.000000
1776458.250000
5996167.000000
888227.125000
1998514.000000
3552916.500000
113693536.000000
128349360.000000
5464877.500000
13138713600.000000
9024783.000000
13291933696.000000
1776462.500000
130572472.000000
149891856.000000
3794212.750000
5329596.000000
5997076.500000
10661472.000000
16658553.000000
23988318.000000
32650768.000000
79467288.000000
1801367936.000000
83206424.000000
1871317632.000000
16658553.000000
23988318.000000
2664925.500000
5996085.500000
17246528.000000
8991735.000000
12786045.000000
1332373.250000
107923984.000000
444113.562500
32087330.000000
40081408.000000
1999021.625000
48963716.000000
15988148.000000
21761648.000000
28423380.000000
66623240.000000
80614120.000000
43523296.000000
49962964.000000
14211710.000000
1776458.250000
11991114.000000
1776458.250000
97927432.000000
2665366.000000
5995952.500000
107475920.000000
11102879.000000
15988148.000000
21761648.000000
2664891.250000
7105841.000000
16655586.000000
11102879.000000
16662983.000000
1199410.500000
2665366.000000
666340.500000
19107741696.000000
19203000320.000000
19298500608.000000
19394232320.000000
19490195456.000000
19586400256.000000
19682846720.000000
19779524608.000000
19876440064.000000
19973593088.000000
20070981632.000000
20168611840.000000
20266475520.000000
20364574720.000000
20462911488.000000
20561489920.000000
20660299776.000000
20759347200.000000
20858630144.000000
20958156800.000000
21057912832.000000
21157908480.000000
21258139648.000000
21358608384.000000
21459318784.000000
21560260608.000000
21661437952.000000
21762854912.000000
21864511488.000000
21966401536.000000
1360830208.000000
22068527104.000000
22170890240.000000
22273495040.000000
22376331264.000000
22479405056.000000
22582716416.000000
22686269440.000000
22790053888.000000
22894073856.000000
22998331392.000000
23102826496.000000
23207563264.000000
23312531456.000000
23417737216.000000
23523178496.000000
23628863488.000000
23734779904.000000
23840931840.000000
23947321344.000000
24053952512.000000
24160817152.000000
24267917312.000000
24375252992.000000
24482832384.000000
24590643200.000000
24698691584.000000
24806975488.000000
24915496960.000000
25024260096.000000
25133254656.000000
25242486784.000000
25351956480.000000
25461667840.000000
25571610624.000000
985535360.000000
666294.750000
1008586304.000000
90682824.000000
25681788928.000000
25792204800.000000
25902864384.000000
26013753344.000000
26124873728.000000
26236237824.000000
26347843584.000000
26459680768.000000
26571755520.000000
26684065792.000000
26796613632.000000
26909405184.000000
27022426112.000000
27135684608.000000
31976298.000000
47964468.000000
37527740.000000
43523300.000000
10078419.000000
40303476.000000
56291636.000000
65284976.000000
192539392.000000
107920064.000000
65284976.000000
85270176.000000
133234648.000000
161213936.000000
49962964.000000
56846764.000000
53292924.000000
58755452.000000
64484444.000000
215857312.000000
191857904.000000
85270176.000000
107920064.000000
70479888.000000
69410688.000000
75074600.000000
80960616.000000
87068768.000000
93399032.000000
99951400.000000
106725872.000000
113722480.000000
120941208.000000
128382024.000000
136044960.000000
143930032.000000
152037216.000000
160366480.000000
168917872.000000
177691392.000000
240507648.000000
266490512.000000
205344608.000000
215006608.000000
224890704.000000
234996880.000000
245325184.000000
255875632.000000
266648192.000000
277642848.000000
288859616.000000
300298528.000000
311959488.000000
323842624.000000
408031136.000000
455995616.000000
360824640.000000
506624800.000000
559918656.000000
399805664.000000
413243616.000000
426903648.000000
440785824.000000
1031903616.000000
1055487488.000000
483764928.000000
498535552.000000
615877248.000000
528743040.000000
544180032.000000
559839104.000000
575720192.000000
591823488.000000
608148928.000000
624696448.000000
641466048.000000
658457792.000000
675671680.000000
693107712.000000
710765696.000000
728645952.000000
746748288.000000
765072704.000000
783619328.000000
802387904.000000
821378688.000000
840591616.000000
860026496.000000
879683648.000000
1079337728.000000
153969264.000000
168625104.000000
1103454464.000000
1127837824.000000
183947056.000000
199935248.000000
216589600.000000
674500480.000000
253312368.000000
735788416.000000
799741056.000000
866358400.000000
279959328.000000
307938560.000000
337250240.000000
192573088.000000
215895104.000000
1152487552.000000
367894176.000000
293857216.000000
935640320.000000
352495392.000000
383813536.000000
416464320.000000
450447872.000000
485764000.000000
522412928.000000
560394432.000000
599708608.000000
640355584.000000
682335232.000000
725647488.000000
770292480.000000
1177403776.000000
863580544.000000
912223488.000000
962199168.000000
1013507648.000000
1066148800.000000
1120122496.000000
1175428992.000000
1232068096.000000
133234648.000000
225166592.000000
161213936.000000
161213936.000000
191857904.000000
261139904.000000
64174668.000000
120244256.000000
71946688.000000
22211414.000000
146891200.000000
133234648.000000
191857904.000000
225166592.000000
161213936.000000
80162816.000000
191857904.000000
74943752.000000
176202800.000000
88845696.000000
97952384.000000
107503304.000000
117498440.000000
127937816.000000
138821424.000000
150149264.000000
225166592.000000
174137568.000000
186798112.000000
199902832.000000
213451824.000000
227445008.000000
241882464.000000
256764144.000000
272090016.000000
287860096.000000
304074464.000000
320733024.000000
337835840.000000
355382848.000000
373374144.000000
391809664.000000
410689344.000000
430013248.000000
449781472.000000
469993824.000000
490650496.000000
511751328.000000
533296448.000000
555285824.000000
577719360.000000
600597184.000000
623919104.000000
647685376.000000
671895744.000000
696550464.000000
721649408.000000
747192576.000000
773180032.000000
799611520.000000
826487360.000000
853807488.000000
881571648.000000
909780224.000000
938432960.000000
967529984.000000
997071232.000000
1027056768.000000
1057486272.000000
1088360192.000000
1119678208.000000
1151440640.000000
1183647232.000000
1431252096.000000
399870528.000000
433179200.000000
467820160.000000
503793568.000000
541099200.000000
1007587136.000000
1082198656.000000
1159474688.000000
1239415296.000000
1503450368.000000
233910032.000000
1322020992.000000
98490464.000000
27249180672.000000
104947184.000000
27362916352.000000
27476885504.000000
27591092224.000000
27705534464.000000
27820220416.000000
27935135744.000000
28050288640.000000
28165679104.000000
28281307136.000000
28397176832.000000
28513275904.000000
251896736.000000
93399032.000000
270549600.000000
106725872.000000
1202586496.000000
120941208.000000
128382024.000000
136044960.000000
143930032.000000
152037216.000000
160366480.000000
168917872.000000
289868672.000000
186687040.000000
195904768.000000
205344608.000000
215006608.000000
224890704.000000
234996880.000000
245325184.000000
255875632.000000
266648192.000000
1228035456.000000
28629614592.000000
28746188800.000000
28863004672.000000
28980054016.000000
29097338880.000000
348275136.000000
1253751040.000000
1279732992.000000
1305981440.000000
399805664.000000
29214859264.000000
104454144.000000
65284960.000000
112048400.000000
119909096.000000
128036280.000000
261139904.000000
107475928.000000
385048192.000000
431680256.000000
299777952.000000
341080704.000000
117468512.000000
74944456.000000
170540352.000000
85270160.000000
65284960.000000
74944456.000000
85270160.000000
96262016.000000
192524064.000000
215840128.000000
240488512.000000
266469296.000000
76762664.000000
83292824.000000
90089536.000000
299777952.000000
104482536.000000
261139904.000000
299777952.000000
242820160.000000
136466992.000000
145129440.000000
154058448.000000
163253968.000000
172716048.000000
182444640.000000
192439760.000000
202701456.000000
213229696.000000
224024432.000000
235085744.000000
261139904.000000
258007936.000000
280125856.000000
320096256.000000
341080704.000000
341080704.000000
385048192.000000
385048192.000000
431680256.000000
480977088.000000
532938592.000000
388611104.000000
403137408.000000
417930240.000000
432989600.000000
448315424.000000
463907872.000000
479766784.000000
495892288.000000
512284352.000000
29332625408.000000
29450620928.000000
29568851968.000000
29687322624.000000
29806032896.000000
29924976640.000000
30044155904.000000
30163572736.000000
30283227136.000000
690864320.000000
710188288.000000
729778688.000000
749635712.000000
30403123200.000000
1332496512.000000
30523248640.000000
30643613696.000000
30764214272.000000
30885058560.000000
896097856.000000
31006132224.000000
31127443456.000000
31248992256.000000
31370782720.000000
31492806656.000000
31615064064.000000
31737561088.000000
31860299776.000000
31983267840.000000
32106475520.000000
1152639872.000000
32229918720.000000
32353597440.000000
32477519872.000000
32601673728.000000
32726065152.000000
32850692096.000000
32975562752.000000
33100664832.000000
33226002432.000000
33351577600.000000
33477394432.000000
33603442688.000000
33729722368.000000
33856245760.000000
33983010816.000000
1583364096.000000
34110005248.000000
34237239296.000000
34364706816.000000
34492416000.000000
34620366848.000000
34748547072.000000
34876960768.000000
1824313728.000000
35005616128.000000
35134513152.000000
35263639552.000000
1951185280.000000
330505184.000000
41302344.000000
44009996.000000
293782400.000000
322427872.000000
352405600.000000
1359277824.000000
1386325760.000000
1413640192.000000
46803604.000000
383715808.000000
49683172.000000
136010368.000000
70037760.000000
80031248.000000
56861240.000000
64191012.000000
71965016.000000
80183240.000000
151998528.000000
168874912.000000
107503304.000000
117498440.000000
186639536.000000
293782400.000000
77298904.000000
83245464.000000
89189728.000000
95338968.000000
101693200.000000
86191960.000000
92238720.000000
98490464.000000
322427872.000000
104947184.000000
352405600.000000
383715808.000000
416358304.000000
107920048.000000
120244232.000000
133234632.000000
146891184.000000
120274856.000000
133268560.000000
146928608.000000
1407291264.000000
176247648.000000
191906736.000000
1441220992.000000
1469068288.000000
351822752.000000
373806496.000000
396456288.000000
1495225984.000000
1585825408.000000
579737344.000000
419772384.000000
1679089920.000000
1775019008.000000
619707648.000000
661010496.000000
703645504.000000
747612992.000000
533074336.000000
560061248.000000
587714432.000000
51884276.000000
35393007616.000000
35522605056.000000
35652452352.000000
35782524928.000000
35912839168.000000
36043386880.000000
1497182080.000000
56598700.000000
36174172160.000000
36305203200.000000
36436459520.000000
36567957504.000000
36699688960.000000
36831666176.000000
36963872768.000000
37096316928.000000
86334560.000000
96193752.000000
37228998656.000000
37361922048.000000
37495074816.000000
37628465152.000000
37762093056.000000
37895966720.000000
106585880.000000
117510952.000000
38030069760.000000
50944896.000000
38164406272.000000
38298980352.000000
137711472.000000
65967896.000000
70026536.000000
293816544.000000
78507248.000000
38433792000.000000
38568849408.000000
38704136192.000000
38839656448.000000
38975418368.000000
39111421952.000000
39247654912.000000
39384125440.000000
39520833536.000000
39657783296.000000
39794962432.000000
39932379136.000000
145444416.000000
151441504.000000
1577425152.000000
163799168.000000
40070033408.000000
40207933440.000000
40346062848.000000
40484425728.000000
40623026176.000000
40761868288.000000
40900947968.000000
41040261120.000000
225405552.000000
431680256.000000
41179811840.000000
480977088.000000
532938592.000000
587564928.000000
644855744.000000
280106272.000000
288405248.000000
296825408.000000
305366688.000000
408031136.000000
455995616.000000
480977088.000000
431680256.000000
480977088.000000
587564928.000000
644855744.000000
704811328.000000
41319596032.000000
397443168.000000
407317184.000000
417312352.000000
427428640.000000
437666048.000000
448024672.000000
458504384.000000
469105312.000000
479827392.000000
490670624.000000
532938592.000000
587564928.000000
767431616.000000
535255040.000000
587564928.000000
41459625984.000000
41599885312.000000
41740382208.000000
41881116672.000000
42022092800.000000
42163302400.000000
42304737280.000000
42446417920.000000
42588344320.000000
667857152.000000
680638848.000000
693541696.000000
15869535232.000000
42730500096.000000
16037882880.000000
746364608.000000
16207119360.000000
773502976.000000
787253760.000000
801125824.000000
815119040.000000
829233408.000000
1653176320.000000
857825600.000000
13997377536.000000
14155510784.000000
14314532864.000000
443754656.000000
792912704.000000
1873612544.000000
1974870656.000000
2078793856.000000
468403136.000000
2185381888.000000
493717600.000000
1525562368.000000
1554209152.000000
1583122304.000000
519698400.000000
1612301568.000000
1641747712.000000
16658545.000000
2294633984.000000
416358304.000000
546345344.000000
839544960.000000
108252416.000000
887509312.000000
450333184.000000
450333184.000000
118475536.000000
125547168.000000
115016584.000000
121985720.000000
129159856.000000
100519512.000000
132823792.000000
106800504.000000
113271816.000000
119933472.000000
155883472.000000
163980000.000000
172281472.000000
180787952.000000
936806272.000000
987435328.000000
118460904.000000
205292384.000000
130603152.000000
136896384.000000
143337712.000000
149927088.000000
156664544.000000
163550096.000000
170583728.000000
177765408.000000
185095184.000000
224833472.000000
42872889344.000000
43015520256.000000
43158384640.000000
43301494784.000000
43444834304.000000
245262784.000000
249064128.000000
43588407296.000000
266537040.000000
275495648.000000
284602368.000000
293857152.000000
303260000.000000
312810912.000000
322509920.000000
485640320.000000
522279808.000000
352495264.000000
362786592.000000
373225984.000000
383813440.000000
394548992.000000
405432608.000000
416464224.000000
427643936.000000
438971776.000000
450447680.000000
462071680.000000
473843776.000000
176201120.000000
186563728.000000
197222416.000000
137420544.000000
40313700.000000
385048192.000000
615877248.000000
60720428.000000
674500480.000000
644855744.000000
704811328.000000
644855744.000000
208177152.000000
704811328.000000
431680256.000000
128968920.000000
288786144.000000
140959840.000000
704811328.000000
65370328.000000
68765640.000000
153969264.000000
168625104.000000
183947056.000000
199935248.000000
311880128.000000
335862304.000000
360732832.000000
71971816.000000
77506152.000000
83245464.000000
89189728.000000
153483680.000000
166540480.000000
767431616.000000
767431616.000000
832716672.000000
172669120.000000
161213904.000000
176202784.000000
191857872.000000
208179120.000000
161213904.000000
176202784.000000
191857872.000000
208179120.000000
900666368.000000
485640320.000000
522279808.000000
560251712.000000
173315728.000000
180179072.000000
187175632.000000
194305504.000000
599555904.000000
227387088.000000
216494720.000000
241820864.000000
256698768.000000
239883344.000000
735788416.000000
799741056.000000
832716672.000000
272933984.000000
767431616.000000
832716672.000000
900666368.000000
971280640.000000
1044559808.000000
832716672.000000
335903392.000000
189499376.000000
136538976.000000
144123040.000000
126785448.000000
133827776.000000
198415808.000000
141060416.000000
207537184.000000
151912080.000000
148483408.000000
159906112.000000
640192512.000000
155883472.000000
682161408.000000
163980000.000000
172281472.000000
180787952.000000
725462720.000000
770096384.000000
225166544.000000
816062272.000000
216863536.000000
189499376.000000
1039396928.000000
72246904.000000
1092690688.000000
1147316992.000000
75814128.000000
560251712.000000
599555904.000000
640192512.000000
1671460352.000000
1701439360.000000
1731684864.000000
573658496.000000
1762196864.000000
1792974976.000000
682161408.000000
601637632.000000
630283136.000000
659594816.000000
2406551040.000000
2521133056.000000
1203275520.000000
2638379776.000000
2758290688.000000
2880866304.000000
689572672.000000
1260566528.000000
219427952.000000
230974864.000000
242817840.000000
254956864.000000
80610224.000000
866358400.000000
480977088.000000
532938592.000000
80044352.000000
935640320.000000
900666368.000000
180130176.000000
88839984.000000
194252784.000000
216589600.000000
208908368.000000
96286544.000000
107947528.000000
120274856.000000
133268560.000000
386491552.000000
413138464.000000
440673568.000000
469097024.000000
971280640.000000
233910032.000000
251896736.000000
270549600.000000
280197216.000000
299854304.000000
900666368.000000
1044559808.000000
971280640.000000
385146176.000000
408134976.000000
431790208.000000
456111744.000000
481099584.000000
506753728.000000
533074336.000000
560061248.000000
587714432.000000
616033984.000000
645019968.000000
674672256.000000
704990784.000000
735975680.000000
971280640.000000
1120503424.000000
1044559808.000000
1120503424.000000
1044559808.000000
1120503424.000000
1120503424.000000
1007843712.000000
1082198656.000000
1082473984.000000
1120788864.000000
1159769984.000000
1199417216.000000
1239730944.000000
1280711168.000000
1322357632.000000
1364670464.000000
1407649408.000000
1451294976.000000
1495606784.000000
1540584960.000000
156096704.000000
163900368.000000
171894336.000000
168105120.000000
176509088.000000
185118032.000000
193931968.000000
198415808.000000
207537184.000000
863360512.000000
216863536.000000
226394880.000000
236131216.000000
911991232.000000
961954176.000000
1013249600.000000
299777888.000000
320096192.000000
341080704.000000
362731360.000000
299777888.000000
322509984.000000
352495392.000000
383813536.000000
1065877184.000000
450447872.000000
485764000.000000
816062272.000000
560394432.000000
863360512.000000
1824019840.000000
720216512.000000
1855331200.000000
1886909056.000000
816270080.000000
863580544.000000
912223488.000000
1918753280.000000
3006107136.000000
1066148800.000000
1120122496.000000
1319189632.000000
1379145344.000000
1440433152.000000
1503053568.000000
3134012672.000000
3264582400.000000
1567006080.000000
3397817600.000000
3533716480.000000
121985720.000000
239818240.000000
129159856.000000
498408704.000000
136538976.000000
144123040.000000
256072624.000000
267391968.000000
272859936.000000
280123168.000000
293150464.000000
306473792.000000
528608512.000000
130603200.000000
290180096.000000
559696576.000000
911991232.000000
289868672.000000
240549792.000000
883429120.000000
1950864128.000000
1983241344.000000
2015885056.000000
961954176.000000
416464320.000000
1013249600.000000
485764000.000000
522412928.000000
560394432.000000
599708608.000000
640355584.000000
682335232.000000
1065877184.000000
770292480.000000
816270080.000000
863580544.000000
1199111808.000000
1280385024.000000
1280385024.000000
1364323072.000000
1450925440.000000
1540192768.000000
1232068096.000000
1290040064.000000
1349344512.000000
1409981568.000000
1471951616.000000
1535254272.000000
1599889408.000000
1665857536.000000
1733158016.000000
1801791488.000000
1871757184.000000
1943056000.000000
2015687424.000000
2089651712.000000
2164948480.000000
2241577984.000000
2319539968.000000
2398834432.000000
2479461888.000000
2561422336.000000
2644715264.000000
2729340928.000000
2815299328.000000
2902590464.000000
2991213568.000000
3081169920.000000
3172458496.000000
246072496.000000
256218768.000000
266570032.000000
1119837312.000000
277126272.000000
287887392.000000
202950880.000000
1175129856.000000
212174752.000000
1231754496.000000
385048128.000000
1289711488.000000
385048128.000000
408031072.000000
431680256.000000
455995616.000000
408031072.000000
431680256.000000
455995616.000000
306967360.000000
319890912.000000
1349000960.000000
352495392.000000
383813536.000000
416464320.000000
450447872.000000
2048795264.000000
2081971840.000000
918069952.000000
953377216.000000
989350592.000000
3672279808.000000
3813508864.000000
1632291200.000000
3957402368.000000
4103960832.000000
1025990208.000000
1698908416.000000
4253184000.000000
1066148800.000000
1120122496.000000
1175428992.000000
1232068096.000000
1766858240.000000
1836139904.000000
1906754432.000000
1471951616.000000
1535254272.000000
111787192.000000
624537536.000000
373806496.000000
396456288.000000
419772384.000000
443754656.000000
658290240.000000
151912080.000000
692931200.000000
159906112.000000
168105120.000000
176509088.000000
308033280.000000
326419328.000000
116213984.000000
728460480.000000
120726688.000000
1063295744.000000
1119837312.000000
345338336.000000
4405071872.000000
1978701184.000000
4559624192.000000
4716840448.000000
1101267712.000000
1139905792.000000
242881936.000000
1179210112.000000
2115414528.000000
1219180288.000000
2149124096.000000
2183100160.000000
1175129856.000000
1231754496.000000
1289711488.000000
2217342720.000000
456111744.000000
2251851520.000000
506753728.000000
533074336.000000
1495225984.000000
1585825408.000000
616033984.000000
1540192768.000000
1632124544.000000
1540192768.000000
1632124544.000000
1726721280.000000
1823982464.000000
1923908352.000000
866579008.000000
900895744.000000
935878592.000000
971528000.000000
1007843712.000000
1044825856.000000
1632124544.000000
2026499200.000000
1159769984.000000
1199417216.000000
1239730944.000000
1280711168.000000
1322357632.000000
1364670464.000000
1407649408.000000
1679089920.000000
1495606784.000000
1775019008.000000
1823982464.000000
1923908352.000000
1726721280.000000
2131754752.000000
1775470720.000000
1824446976.000000
1874089600.000000
600444288.000000
1923908352.000000
1923908352.000000
2026499200.000000
2026499200.000000
2131754752.000000
2239674624.000000
2350259712.000000
623760256.000000
2239674624.000000
154008352.000000
1873612544.000000
1974870656.000000
2026499200.000000
2131754752.000000
2131754752.000000
2239674624.000000
2239674624.000000
647520320.000000
2078793856.000000
185118032.000000
168667904.000000
764878016.000000
802183680.000000
2350259712.000000
193931968.000000
202950880.000000
212174752.000000
384775072.000000
405292896.000000
2185381888.000000
426343648.000000
377531680.000000
392631392.000000
408027168.000000
423719136.000000
104093784.000000
74963488.000000
832716672.000000
900666368.000000
447927264.000000
2463508992.000000
480977024.000000
671724608.000000
241076240.000000
251120016.000000
261368784.000000
271822528.000000
223855216.000000
2579423232.000000
233181536.000000
242698208.000000
298853568.000000
310024672.000000
321400800.000000
332981920.000000
2051980416.000000
2126592000.000000
2202535936.000000
2279811584.000000
4876721152.000000
5039267840.000000
344768000.000000
310024672.000000
252405200.000000
321400800.000000
696373056.000000
1409622656.000000
360260352.000000
374249696.000000
388505568.000000
506624736.000000
532938592.000000
559918656.000000
480977024.000000
403027936.000000
332981920.000000
506624736.000000
532938592.000000
1471576832.000000
1534863232.000000
1599482112.000000
1665433344.000000
344768000.000000
559918656.000000
1730704128.000000
1810008192.000000
28145812.000000
37472228.000000
48131008.000000
1891088896.000000
1973945856.000000
60122116.000000
2058579456.000000
73445592.000000
88101392.000000
104089560.000000
2144989312.000000
2233175808.000000
2323138816.000000
121410056.000000
140062928.000000
160048096.000000
130010072.000000
2414878208.000000
840377600.000000
879459776.000000
468403136.000000
493717600.000000
519698400.000000
546345344.000000
134780704.000000
2508393728.000000
139637280.000000
1349000960.000000
1409622656.000000
1471576832.000000
1534863232.000000
2286627072.000000
2603686144.000000
144579824.000000
2700754944.000000
2799600384.000000
181365680.000000
204015536.000000
227997808.000000
253312368.000000
2900222208.000000
279959328.000000
3002620416.000000
3106794752.000000
307938560.000000
337250240.000000
367894176.000000
3212745728.000000
3320472832.000000
3429977088.000000
3541257728.000000
399870528.000000
433179200.000000
467820160.000000
503793568.000000
3654313984.000000
541099200.000000
3769147648.000000
3885757696.000000
579737344.000000
619707648.000000
4004143360.000000
661010496.000000
4124306176.000000
4246245632.000000
4369961472.000000
4495453696.000000
703645504.000000
747612992.000000
792912704.000000
4622722048.000000
2321668352.000000
1259816960.000000
2356976896.000000
1301119744.000000
2392551680.000000
1343088768.000000
839544960.000000
2428392960.000000
887509312.000000
936806272.000000
4751767040.000000
987435328.000000
4882588672.000000
5015186432.000000
1039396928.000000
5149560832.000000
1092690688.000000
5285711872.000000
5423639552.000000
5563343360.000000
1147316992.000000
2350259712.000000
721465664.000000
747002304.000000
183993760.000000
2294633984.000000
2406551040.000000
2463508992.000000
2350259712.000000
2698001920.000000
2463508992.000000
2579423232.000000
2819245312.000000
772983104.000000
799407872.000000
826276928.000000
417816736.000000
432872032.000000
2463508992.000000
2943153664.000000
2579423232.000000
2698001920.000000
448193696.000000
470043872.000000
492693344.000000
439707168.000000
455991264.000000
485764000.000000
522412928.000000
560394432.000000
3069726720.000000
640355584.000000
971280640.000000
725647488.000000
2521133056.000000
2638379776.000000
2698001920.000000
2579423232.000000
2698001920.000000
2819245312.000000
1066148800.000000
1120122496.000000
1175428992.000000
1232068096.000000
1290040064.000000
1349344512.000000
1409981568.000000
1471951616.000000
1535254272.000000
1599889408.000000
2358420224.000000
2438360576.000000
2519633920.000000
5204478976.000000
5372355072.000000
5542895616.000000
2602239488.000000
5716101120.000000
5891971072.000000
2319539968.000000
2398834432.000000
2479461888.000000
2561422336.000000
2686177536.000000
2729340928.000000
2815299328.000000
2902590464.000000
2991213568.000000
3081169920.000000
3172458496.000000
3265080320.000000
3359034880.000000
3454322176.000000
3550941952.000000
3648894464.000000
3748179200.000000
3848796672.000000
3950747136.000000
4054030592.000000
4158646528.000000
4264595200.000000
4371876352.000000
4480490496.000000
4590436864.000000
1472992512.000000
1517626112.000000
2464500736.000000
2500874752.000000
2537515520.000000
1562925696.000000
1608891776.000000
59588188.000000
1655523968.000000
2771447808.000000
6070504448.000000
2858050560.000000
6251702784.000000
6435567104.000000
6622095872.000000
2945985024.000000
3035252224.000000
3125851392.000000
2574422528.000000
6811289088.000000
2611596288.000000
149608320.000000
1599482112.000000
1665433344.000000
515875808.000000
539591168.000000
221603584.000000
231237424.000000
241076240.000000
919430272.000000
960288832.000000
1002035648.000000
1044670784.000000
256764144.000000
573658496.000000
601637632.000000
630283136.000000
320733024.000000
337835840.000000
355382848.000000
1732716800.000000
659594816.000000
1801332736.000000
216644592.000000
2758290688.000000
2880866304.000000
2819245312.000000
2943153664.000000
2819245312.000000
2943153664.000000
3069726720.000000
3198964224.000000
3330866688.000000
853589888.000000
881347136.000000
2943153664.000000
909548544.000000
3006107136.000000
3465433600.000000
3602665472.000000
3198964224.000000
3330866688.000000
3069726720.000000
3198964224.000000
3069726720.000000
3198964224.000000
3134012672.000000
416464320.000000
1120503424.000000
1199111808.000000
522412928.000000
938194048.000000
967283648.000000
640355584.000000
682335232.000000
725647488.000000
770292480.000000
816270080.000000
863580544.000000
912223488.000000
962199168.000000
1013507648.000000
1066148800.000000
1120122496.000000
1175428992.000000
1232068096.000000
1290040064.000000
1349344512.000000
1409981568.000000
2089119616.000000
1535254272.000000
1599889408.000000
1665857536.000000
1733158016.000000
1801791488.000000
1871757184.000000
1943056000.000000
2015687424.000000
2089651712.000000
2164948480.000000
2241577984.000000
2319539968.000000
2398834432.000000
2479461888.000000
2561422336.000000
2644715264.000000
2729340928.000000
1871280640.000000
1702822272.000000
1942561280.000000
2015174272.000000
2649036288.000000
2686742528.000000
1750786560.000000
2724715520.000000
2762954752.000000
1799417344.000000
2089119616.000000
1848714240.000000
7003147776.000000
7197670400.000000
3217783552.000000
7394857984.000000
7594708992.000000
7797224960.000000
3311047936.000000
3405644544.000000
170581824.000000
1898677248.000000
176040112.000000
1088194176.000000
181584352.000000
121414976.000000
187214560.000000
506620032.000000
524088352.000000
541852736.000000
563839424.000000
588620672.000000
613934848.000000
639781888.000000
261368784.000000
559913280.000000
271822528.000000
282481184.000000
689572672.000000
720216512.000000
751526720.000000
783503040.000000
1132605696.000000
1177905536.000000
1224093312.000000
293344864.000000
3742561280.000000
3330866688.000000
3465433600.000000
3465433600.000000
3602665472.000000
3885122560.000000
3330866688.000000
996817408.000000
3264582400.000000
1026795200.000000
251960688.000000
3397817600.000000
3465433600.000000
1271169664.000000
3602665472.000000
3602665472.000000
3742561280.000000
1057217024.000000
3533716480.000000
3742561280.000000
270618304.000000
1319134208.000000
304413536.000000
315687104.000000
327165728.000000
338849344.000000
666161984.000000
693074944.000000
720520896.000000
748499520.000000
578269888.000000
596922624.000000
615871360.000000
635116224.000000
272090016.000000
287860096.000000
1280385024.000000
1364323072.000000
3672279808.000000
3742561280.000000
545719872.000000
4030348544.000000
2478830592.000000
487943040.000000
502188832.000000
469993824.000000
490650496.000000
511751328.000000
533296448.000000
555285824.000000
577719360.000000
600597184.000000
623919104.000000
647685376.000000
671895744.000000
696550464.000000
3501573888.000000
3598835200.000000
3885122560.000000
799611520.000000
826487360.000000
853807488.000000
2560770048.000000
4178239232.000000
1088082944.000000
967529984.000000
997071232.000000
1027056768.000000
1057486272.000000
1088360192.000000
1119678208.000000
1151440640.000000
1183647232.000000
1216298112.000000
1249393152.000000
1282932224.000000
1316915840.000000
2644041984.000000
2728646144.000000
2814582528.000000
1457292032.000000
5704823296.000000
5848079872.000000
1203275520.000000
1260566528.000000
1319189632.000000
1379145344.000000
5441787.500000
5993113600.000000
6139922432.000000
6288508928.000000
1440433152.000000
6438871552.000000
6591010816.000000
2164397312.000000
1503053568.000000
2241006848.000000
32095494.000000
1367986944.000000
816145600.000000
849454208.000000
883429120.000000
918069952.000000
1417728000.000000
192930720.000000
198732832.000000
204620832.000000
2318949376.000000
2398223616.000000
210594864.000000
1949306240.000000
2000601728.000000
2052563200.000000
2105191040.000000
8002406912.000000
8210252800.000000
3697428480.000000
8420764160.000000
8633939968.000000
2801460736.000000
3797354496.000000
8849780736.000000
2840233216.000000
3898612480.000000
2879271936.000000
2158484736.000000
1567006080.000000
1632291200.000000
6744926720.000000
6900617728.000000
7058086400.000000
1698908416.000000
1766858240.000000
1836139904.000000
7217331712.000000
2918576896.000000
1906754432.000000
4328794624.000000
3885122560.000000
4030348544.000000
4030348544.000000
4178239232.000000
4482014720.000000
1151147392.000000
3885122560.000000
1183345792.000000
289942272.000000
3813508864.000000
3957402368.000000
4030348544.000000
4178239232.000000
4178239232.000000
4328794624.000000
1215988352.000000
4328794624.000000
120274856.000000
4103960832.000000
4328794624.000000
350737888.000000
362831456.000000
375129888.000000
777011328.000000
806055872.000000
835633472.000000
865744064.000000
654657152.000000
674494080.000000
694627008.000000
715056192.000000
362823744.000000
1450925440.000000
1540192768.000000
431790208.000000
456111744.000000
4253184000.000000
4482014720.000000
561221632.000000
4637898752.000000
2901850880.000000
616033984.000000
645019968.000000
674672256.000000
704990784.000000
735975680.000000
767627072.000000
799944704.000000
832928640.000000
866579008.000000
900895744.000000
935878592.000000
971528000.000000
4001203456.000000
4105126400.000000
4796447232.000000
1120788864.000000
1159769984.000000
1199417216.000000
2990451968.000000
1280711168.000000
1322357632.000000
1364670464.000000
1407649408.000000
1451294976.000000
1495606784.000000
1540584960.000000
1586229248.000000
1632540160.000000
1679517440.000000
1727161088.000000
1775470720.000000
1824446976.000000
1874089600.000000
3080385536.000000
3171650816.000000
2027015296.000000
3264249088.000000
2478830592.000000
2958148608.000000
7378352128.000000
7541150208.000000
7705724928.000000
1978701184.000000
2051980416.000000
2126592000.000000
7872075776.000000
2560770048.000000
2202535936.000000
2644041984.000000
953377216.000000
216654848.000000
2728646144.000000
1468356992.000000
1519874432.000000
1572280192.000000
989350592.000000
1625573760.000000
1025990208.000000
322509984.000000
352495392.000000
383813536.000000
1063295744.000000
43732221952.000000
43876278272.000000
44020563968.000000
44165087232.000000
44309848064.000000
44454850560.000000
44600086528.000000
44745555968.000000
44891262976.000000
45037207552.000000
45183397888.000000
45329813504.000000
45476470784.000000
45623361536.000000
45770498048.000000
45917863936.000000
46065463296.000000
46213304320.000000
46361387008.000000
46509699072.000000
46658248704.000000
46807035904.000000
46956068864.000000
47105327104.000000
