0,0,1329219
0,0,1329219
0,0,1329219
0,0,1329219
0,0,1329219
0,0,1329219
1,1,1329219
1,2,1329219
2,3,1329219
3,1,1329219
3,2,1329219
4,3,1329219
5,1,1329219
5,2,1329219
5,3,1329219
6,3,1329219
6,2,1329219
6,1,1329219
7,1,1329221
7,2,1329221
7,3,1329221
8,4,1329236
9,5,1329243
10,6,1329243
10,5,1329243
10,5,1329243
10,5,1329243
10,5,1329243
10,5,1329243
10,6,1329243
10,6,1329243
11,5,1329243
11,5,1329243
12,5,1329243
12,5,1329243
12,6,1329243
13,4,1329245
13,7,1329245
13,4,1329245
13,8,1329245
13,4,1329245
13,9,1329245
13,4,1329245
13,2,1329245
13,10,1329245
13,4,1329245
13,11,1329245
13,4,1329245
13,12,1329245
13,4,1329245
13,13,1329245
13,4,1329245
13,4,1329245
13,3,1329245
13,4,1329245
13,4,1329245
13,14,1329245
13,15,1329245
13,1,1329245
13,4,1329245
13,16,1329245
13,4,1329245
13,17,1329245
13,4,1329245
13,18,1329245
13,4,1329245
13,19,1329245
13,20,1329245
13,4,1329245
13,21,1329245
13,4,1329245
13,22,1329245
13,4,1329245
13,23,1329245
13,24,1329245
13,4,1329245
13,25,1329245
13,4,1329245
13,26,1329245
13,4,1329245
13,27,1329245
13,4,1329245
13,28,1329245
13,4,1329245
13,29,1329245
13,4,1329245
13,30,1329245
13,4,1329245
13,31,1329245
13,4,1329245
13,32,1329245
13,4,1329245
13,33,1329245
13,4,1329245
13,4,1329245
13,34,1329245
13,4,1329245
13,35,1329245
13,4,1329245
13,36,1329245
13,4,1329245
14,37,1329245
14,38,1329245
14,37,1329245
14,39,1329245
14,40,1329245
14,41,1329245
14,42,1329245
14,5,1329245
14,5,1329245
14,43,1329245
14,41,1329245
14,44,1329245
14,45,1329245
14,46,1329245
14,41,1329245
14,41,1329245
14,47,1329245
14,48,1329245
14,45,1329245
14,49,1329245
14,45,1329245
14,50,1329245
14,43,1329245
14,45,1329245
14,41,1329245
14,51,1329245
14,43,1329245
14,52,1329245
14,53,1329245
14,54,1329245
14,5,1329245
14,6,1329245
14,5,1329245
14,55,1329245
14,5,1329245
14,56,1329245
14,5,1329245
14,5,1329245
14,57,1329245
14,43,1329245
14,43,1329245
14,58,1329245
14,59,1329245
14,60,1329245
14,61,1329245
14,62,1329245
14,63,1329245
14,64,1329245
14,64,1329245
14,65,1329245
14,66,1329245
14,64,1329245
14,64,1329245
14,45,1329245
14,67,1329245
14,45,1329245
14,68,1329245
14,67,1329245
14,69,1329245
14,67,1329245
14,70,1329245
14,67,1329245
14,71,1329245
14,67,1329245
14,72,1329245
14,67,1329245
14,73,1329245
14,67,1329245
14,67,1329245
14,67,1329245
14,74,1329245
14,67,1329245
14,75,1329245
14,67,1329245
14,76,1329245
14,77,1329245
14,78,1329245
14,67,1329245
14,79,1329245
14,67,1329245
14,80,1329245
14,81,1329245
14,82,1329245
14,83,1329245
14,5,1329245
14,84,1329245
14,85,1329245
14,85,1329245
14,86,1329245
14,87,1329245
14,88,1329245
14,87,1329245
14,5,1329245
14,89,1329245
14,90,1329245
14,67,1329245
14,91,1329245
14,92,1329245
14,5,1329245
14,93,1329245
14,5,1329245
14,0,1329245
14,5,1329245
14,94,1329245
14,5,1329245
14,5,1329245
14,95,1329245
14,67,1329245
14,5,1329245
14,96,1329245
14,97,1329245
14,98,1329245
14,99,1329245
14,100,1329245
14,101,1329245
14,102,1329245
14,101,1329245
14,103,1329245
14,101,1329245
14,104,1329245
14,5,1329245
14,105,1329245
14,5,1329245
14,106,1329245
14,107,1329245
14,108,1329245
14,5,1329245
14,109,1329245
14,110,1329245
14,111,1329245
14,5,1329245
14,112,1329245
14,5,1329245
14,113,1329245
14,5,1329245
14,114,1329245
14,5,1329245
14,5,1329245
14,99,1329245
14,99,1329245
14,5,1329245
14,115,1329245
14,116,1329245
14,117,1329245
14,116,1329245
14,5,1329245
14,118,1329245
14,119,1329245
14,120,1329245
14,121,1329245
14,5,1329245
14,122,1329245
14,5,1329245
14,101,1329245
14,101,1329245
14,123,1329245
14,99,1329245
14,124,1329245
14,99,1329245
14,125,1329245
14,99,1329245
14,126,1329245
14,99,1329245
14,127,1329245
14,128,1329245
14,129,1329245
14,5,1329245
14,130,1329245
14,131,1329245
14,132,1329245
14,133,1329245
14,132,1329245
14,132,1329245
14,77,1329245
14,134,1329245
14,5,1329245
14,135,1329245
14,77,1329245
14,136,1329245
14,132,1329245
14,77,1329245
14,77,1329245
14,77,1329245
14,137,1329245
14,138,1329245
14,139,1329245
14,138,1329245
14,140,1329245
14,77,1329245
14,77,1329245
14,141,1329245
14,110,1329245
14,142,1329245
14,143,1329245
14,144,1329245
14,145,1329245
14,5,1329245
14,146,1329245
14,132,1329245
14,147,1329245
14,5,1329245
14,148,1329245
14,5,1329245
14,149,1329245
14,5,1329245
14,150,1329245
14,5,1329245
14,151,1329245
14,5,1329245
14,5,1329245
14,5,1329245
14,152,1329245
14,5,1329245
14,153,1329245
14,5,1329245
14,154,1329245
14,5,1329245
14,155,1329245
14,5,1329245
14,5,1329245
15,35,1329245
15,4,1329245
15,36,1329245
15,29,1329245
15,4,1329245
15,30,1329245
15,4,1329245
15,35,1329245
15,36,1329245
15,4,1329245
15,4,1329245
15,34,1329245
15,4,1329245
15,33,1329245
15,33,1329245
15,32,1329245
15,32,1329245
15,32,1329245
15,4,1329245
15,34,1329245
15,29,1329245
15,30,1329245
15,28,1329245
15,22,1329245
15,22,1329245
15,4,1329245
15,23,1329245
15,4,1329245
15,24,1329245
15,24,1329245
15,4,1329245
15,25,1329245
15,23,1329245
15,4,1329245
15,26,1329245
15,26,1329245
15,4,1329245
15,27,1329245
15,27,1329245
15,4,1329245
15,4,1329245
15,28,1329245
15,25,1329245
16,12,1329245
16,4,1329245
16,11,1329245
16,11,1329245
16,4,1329245
16,2,1329245
16,10,1329245
16,4,1329245
16,2,1329245
16,12,1329245
16,10,1329245
16,4,1329245
16,3,1329245
16,13,1329245
16,4,1329245
16,19,1329245
16,19,1329245
16,4,1329245
16,3,1329245
16,3,1329245
16,3,1329245
16,4,1329245
16,4,1329245
16,3,1329245
16,4,1329245
16,13,1329245
16,2,1329245
16,9,1329245
16,2,1329245
16,32,1329245
16,32,1329245
16,4,1329245
16,31,1329245
16,31,1329245
16,4,1329245
16,21,1329245
16,21,1329245
16,2,1329245
16,20,1329245
16,20,1329245
16,4,1329245
16,4,1329245
16,7,1329245
16,4,1329245
16,7,1329245
16,9,1329245
16,4,1329245
16,9,1329245
16,9,1329245
16,4,1329245
16,8,1329245
16,8,1329245
16,4,1329245
16,9,1329245
17,16,1329245
17,4,1329245
17,18,1329245
17,18,1329245
17,4,1329245
17,17,1329245
17,4,1329245
17,16,1329245
17,4,1329245
17,17,1329245
17,1,1329245
17,4,1329245
17,1,1329245
17,1,1329245
17,1,1329245
17,1,1329245
17,15,1329245
17,14,1329245
17,14,1329245
18,116,1329245
18,117,1329245
18,117,1329245
18,115,1329245
18,115,1329245
18,116,1329245
19,128,1329245
19,101,1329245
19,128,1329245
19,101,1329245
19,128,1329245
19,128,1329245
19,128,1329245
19,121,1329245
19,121,1329245
19,120,1329245
19,119,1329245
19,119,1329245
19,5,1329245
20,100,1329245
20,100,1329245
20,5,1329245
20,101,1329245
20,100,1329245
20,102,1329245
20,102,1329245
20,102,1329245
20,101,1329245
20,102,1329245
20,103,1329245
20,101,1329245
20,103,1329245
20,103,1329245
20,101,1329245
20,103,1329245
20,103,1329245
20,101,1329245
20,104,1329245
20,104,1329245
20,101,1329245
20,102,1329245
20,100,1329245
20,106,1329245
20,100,1329245
20,100,1329245
20,123,1329245
20,99,1329245
20,124,1329245
20,124,1329245
20,99,1329245
20,125,1329245
20,125,1329245
20,99,1329245
20,126,1329245
20,123,1329245
20,99,1329245
20,126,1329245
20,106,1329245
20,99,1329245
20,122,1329245
20,99,1329245
20,99,1329245
20,127,1329245
20,127,1329245
20,122,1329245
21,130,1329245
21,114,1329245
21,5,1329245
21,5,1329245
21,129,1329245
21,129,1329245
21,5,1329245
21,130,1329245
21,147,1329245
21,146,1329245
21,146,1329245
21,5,1329245
21,147,1329245
21,5,1329245
21,148,1329245
21,148,1329245
21,114,1329245
21,5,1329245
21,5,1329245
21,112,1329245
21,113,1329245
21,113,1329245
21,105,1329245
21,5,1329245
21,107,1329245
21,107,1329245
21,5,1329245
21,108,1329245
21,108,1329245
21,105,1329245
21,109,1329245
21,109,1329245
21,5,1329245
21,111,1329245
21,111,1329245
21,5,1329245
21,112,1329245
21,5,1329245
21,5,1329245
22,154,1329245
22,154,1329245
22,5,1329245
22,155,1329245
22,155,1329245
22,5,1329245
22,145,1329245
22,145,1329245
22,145,1329245
22,132,1329245
22,145,1329245
22,132,1329245
22,5,1329245
22,145,1329245
22,153,1329245
22,97,1329245
22,5,1329245
22,149,1329245
22,149,1329245
22,5,1329245
22,153,1329245
22,150,1329245
22,5,1329245
22,151,1329245
22,150,1329245
22,5,1329245
22,97,1329245
22,5,1329245
22,152,1329245
22,152,1329245
22,151,1329245
23,131,1329245
23,132,1329245
23,131,1329245
23,131,1329245
23,132,1329245
23,131,1329245
23,131,1329245
23,143,1329245
23,143,1329245
23,143,1329245
23,143,1329245
23,132,1329245
23,143,1329245
23,132,1329245
23,143,1329245
23,145,1329245
24,136,1329245
24,136,1329245
24,77,1329245
24,135,1329245
24,135,1329245
24,144,1329245
24,134,1329245
24,77,1329245
24,132,1329245
24,133,1329245
24,133,1329245
24,132,1329245
24,133,1329245
24,133,1329245
24,133,1329245
24,134,1329245
25,55,1329245
25,5,1329245
25,6,1329245
25,54,1329245
25,54,1329245
25,5,1329245
25,55,1329245
25,54,1329245
25,6,1329245
25,55,1329245
25,5,1329245
25,55,1329245
25,55,1329245
25,56,1329245
25,56,1329245
25,56,1329245
25,5,1329245
25,5,1329245
25,56,1329245
25,56,1329245
25,5,1329245
25,5,1329245
25,54,1329245
25,137,1329245
25,54,1329245
25,54,1329245
25,142,1329245
25,77,1329245
25,137,1329245
25,138,1329245
25,139,1329245
25,139,1329245
25,138,1329245
25,140,1329245
25,140,1329245
25,142,1329245
25,141,1329245
25,141,1329245
25,110,1329245
25,98,1329245
25,98,1329245
25,110,1329245
25,96,1329245
25,96,1329245
25,77,1329245
25,77,1329245
26,49,1329245
26,45,1329245
26,53,1329245
26,50,1329245
26,45,1329245
26,53,1329245
26,50,1329245
26,49,1329245
26,47,1329245
26,48,1329245
26,48,1329245
26,45,1329245
26,47,1329245
26,45,1329245
26,47,1329245
26,47,1329245
26,47,1329245
26,45,1329245
26,45,1329245
26,81,1329245
26,87,1329245
26,45,1329245
26,41,1329245
26,5,1329245
26,91,1329245
26,91,1329245
26,5,1329245
26,91,1329245
26,91,1329245
26,91,1329245
26,90,1329245
26,89,1329245
26,89,1329245
26,88,1329245
26,88,1329245
26,87,1329245
26,86,1329245
26,86,1329245
26,85,1329245
26,84,1329245
26,84,1329245
26,81,1329245
26,46,1329245
26,46,1329245
26,41,1329245
26,43,1329245
26,42,1329245
26,42,1329245
26,42,1329245
26,43,1329245
26,51,1329245
26,51,1329245
26,43,1329245
26,42,1329245
26,52,1329245
26,64,1329245
26,66,1329245
26,64,1329245
26,63,1329245
26,63,1329245
26,43,1329245
26,57,1329245
26,57,1329245
26,52,1329245
26,42,1329245
26,66,1329245
26,40,1329245
26,43,1329245
26,46,1329245
26,46,1329245
26,46,1329245
26,41,1329245
26,44,1329245
26,37,1329245
26,38,1329245
26,38,1329245
26,44,1329245
26,38,1329245
26,38,1329245
26,38,1329245
26,37,1329245
26,39,1329245
26,39,1329245
26,41,1329245
26,37,1329245
26,40,1329245
27,67,1329245
27,71,1329245
27,71,1329245
27,67,1329245
27,70,1329245
27,69,1329245
27,67,1329245
27,69,1329245
27,72,1329245
27,68,1329245
27,70,1329245
27,72,1329245
27,67,1329245
27,73,1329245
27,73,1329245
27,67,1329245
27,80,1329245
27,80,1329245
27,67,1329245
27,74,1329245
27,74,1329245
27,75,1329245
27,75,1329245
27,67,1329245
27,68,1329245
27,67,1329245
27,67,1329245
27,67,1329245
27,82,1329245
27,82,1329245
27,92,1329245
27,92,1329245
27,92,1329245
27,5,1329245
27,92,1329245
27,92,1329245
27,5,1329245
27,93,1329245
27,93,1329245
27,93,1329245
27,5,1329245
27,93,1329245
27,93,1329245
27,0,1329245
27,67,1329245
27,83,1329245
27,83,1329245
27,5,1329245
27,95,1329245
27,95,1329245
27,67,1329245
27,94,1329245
27,94,1329245
27,5,1329245
27,0,1329245
27,5,1329245
28,67,1329245
28,79,1329245
28,79,1329245
28,67,1329245
28,79,1329245
28,79,1329245
28,79,1329245
28,78,1329245
28,78,1329245
28,67,1329245
28,76,1329245
28,76,1329245
28,67,1329245
29,0,1329246
29,0,1329246
29,0,1329246
29,0,1329246
29,0,1329246
29,0,1329246
30,4,1329246
30,11,1329246
30,10,1329246
30,4,1329246
30,2,1329246
30,7,1329246
30,9,1329246
30,4,1329246
30,8,1329246
30,4,1329246
30,4,1329246
30,4,1329246
30,4,1329246
30,12,1329246
30,3,1329246
30,13,1329246
30,4,1329246
30,19,1329246
30,4,1329246
30,4,1329246
30,4,1329246
30,14,1329246
30,15,1329246
30,1,1329246
30,4,1329246
30,16,1329246
30,4,1329246
30,17,1329246
30,20,1329246
30,4,1329246
30,4,1329246
30,4,1329246
30,4,1329246
30,21,1329246
30,22,1329246
30,4,1329246
30,4,1329246
30,24,1329246
30,4,1329246
30,25,1329246
30,4,1329246
30,26,1329246
30,4,1329246
30,27,1329246
30,4,1329246
30,28,1329246
30,4,1329246
30,23,1329246
30,4,1329246
30,29,1329246
30,4,1329246
30,33,1329246
30,4,1329246
30,34,1329246
30,32,1329246
30,35,1329246
30,30,1329246
30,4,1329246
30,31,1329246
30,36,1329246
30,4,1329246
30,4,1329246
31,43,1329246
31,38,1329246
31,42,1329246
31,43,1329246
31,5,1329246
31,40,1329246
31,41,1329246
31,41,1329246
31,39,1329246
31,37,1329246
31,5,1329246
31,41,1329246
31,44,1329246
31,41,1329246
31,46,1329246
31,41,1329246
31,47,1329246
31,45,1329246
31,48,1329246
31,45,1329246
31,49,1329246
31,45,1329246
31,51,1329246
31,37,1329246
31,43,1329246
31,43,1329246
31,64,1329246
31,96,1329246
31,77,1329246
31,54,1329246
31,5,1329246
31,6,1329246
31,5,1329246
31,55,1329246
31,5,1329246
31,56,1329246
31,5,1329246
31,5,1329246
31,57,1329246
31,50,1329246
31,43,1329246
31,64,1329246
31,58,1329246
31,59,1329246
31,60,1329246
31,61,1329246
31,62,1329246
31,63,1329246
31,64,1329246
31,64,1329246
31,65,1329246
31,66,1329246
31,52,1329246
31,53,1329246
31,91,1329246
31,81,1329246
31,67,1329246
31,69,1329246
31,67,1329246
31,70,1329246
31,67,1329246
31,71,1329246
31,67,1329246
31,72,1329246
31,67,1329246
31,73,1329246
31,67,1329246
31,68,1329246
31,80,1329246
31,74,1329246
31,67,1329246
31,75,1329246
31,67,1329246
31,76,1329246
31,67,1329246
31,78,1329246
31,67,1329246
31,79,1329246
31,67,1329246
31,110,1329246
31,67,1329246
31,67,1329246
31,82,1329246
31,67,1329246
31,45,1329246
31,5,1329246
31,84,1329246
31,85,1329246
31,85,1329246
31,86,1329246
31,87,1329246
31,88,1329246
31,87,1329246
31,5,1329246
31,89,1329246
31,90,1329246
31,5,1329246
31,92,1329246
31,5,1329246
31,93,1329246
31,5,1329246
31,0,1329246
31,5,1329246
31,94,1329246
31,5,1329246
31,5,1329246
31,95,1329246
31,67,1329246
31,83,1329246
31,45,1329246
31,98,1329246
31,45,1329246
31,141,1329246
31,99,1329246
31,106,1329246
31,99,1329246
31,100,1329246
31,101,1329246
31,102,1329246
31,101,1329246
31,103,1329246
31,101,1329246
31,104,1329246
31,5,1329246
31,122,1329246
31,105,1329246
31,107,1329246
31,5,1329246
31,108,1329246
31,5,1329246
31,109,1329246
31,5,1329246
31,111,1329246
31,5,1329246
31,112,1329246
31,5,1329246
31,113,1329246
31,5,1329246
31,99,1329246
31,127,1329246
31,99,1329246
31,110,1329246
31,4,1329246
31,18,1329246
31,4,1329246
31,5,1329246
31,115,1329246
31,116,1329246
31,117,1329246
31,116,1329246
31,5,1329246
31,118,1329246
31,119,1329246
31,120,1329246
31,121,1329246
31,5,1329246
31,5,1329246
31,101,1329246
31,101,1329246
31,123,1329246
31,99,1329246
31,124,1329246
31,99,1329246
31,125,1329246
31,99,1329246
31,126,1329246
31,5,1329246
31,114,1329246
31,128,1329246
31,77,1329246
31,132,1329246
31,143,1329246
31,132,1329246
31,131,1329246
31,132,1329246
31,133,1329246
31,132,1329246
31,77,1329246
31,134,1329246
31,144,1329246
31,135,1329246
31,145,1329246
31,77,1329246
31,77,1329246
31,142,1329246
31,77,1329246
31,137,1329246
31,138,1329246
31,139,1329246
31,138,1329246
31,140,1329246
31,77,1329246
31,77,1329246
31,5,1329246
31,136,1329246
31,5,1329246
31,132,1329246
31,155,1329246
31,129,1329246
31,5,1329246
31,130,1329246
31,5,1329246
31,146,1329246
31,5,1329246
31,5,1329246
31,5,1329246
31,148,1329246
31,5,1329246
31,149,1329246
31,5,1329246
31,150,1329246
31,147,1329246
31,151,1329246
31,5,1329246
31,5,1329246
31,5,1329246
31,153,1329246
31,5,1329246
31,152,1329246
31,154,1329246
31,5,1329246
31,97,1329246
31,5,1329246
32,1,1329246
32,4,1329246
32,16,1329246
32,16,1329246
32,4,1329246
32,17,1329246
32,17,1329246
32,4,1329246
32,18,1329246
32,18,1329246
32,4,1329246
32,94,1329246
32,0,1329246
32,0,1329246
32,5,1329246
32,94,1329246
32,1,1329246
32,4,1329246
32,67,1329246
32,1,1329246
32,13,1329246
32,5,1329246
32,13,1329246
32,4,1329246
32,19,1329246
32,4,1329246
32,3,1329246
32,3,1329246
32,3,1329246
32,4,1329246
32,3,1329246
32,3,1329246
32,4,1329246
32,14,1329246
32,14,1329246
32,15,1329246
32,1,1329246
32,1,1329246
32,95,1329246
32,80,1329246
32,67,1329246
32,73,1329246
32,73,1329246
32,67,1329246
32,80,1329246
32,67,1329246
32,74,1329246
32,74,1329246
32,67,1329246
32,75,1329246
32,75,1329246
32,67,1329246
32,76,1329246
32,76,1329246
32,67,1329246
32,78,1329246
32,78,1329246
32,4,1329246
32,67,1329246
32,95,1329246
32,72,1329246
32,67,1329246
32,83,1329246
32,83,1329246
32,67,1329246
32,82,1329246
32,82,1329246
32,67,1329246
32,68,1329246
32,68,1329246
32,67,1329246
32,69,1329246
32,69,1329246
32,67,1329246
32,70,1329246
32,70,1329246
32,67,1329246
32,71,1329246
32,71,1329246
32,72,1329246
32,12,1329246
32,19,1329246
32,4,1329246
32,29,1329246
32,29,1329246
32,4,1329246
32,30,1329246
32,30,1329246
32,4,1329246
32,36,1329246
32,36,1329246
32,4,1329246
32,35,1329246
32,35,1329246
32,4,1329246
32,34,1329246
32,34,1329246
32,4,1329246
32,33,1329246
32,33,1329246
32,4,1329246
32,4,1329246
32,28,1329246
32,4,1329246
32,12,1329246
32,22,1329246
32,22,1329246
32,4,1329246
32,23,1329246
32,23,1329246
32,4,1329246
32,24,1329246
32,24,1329246
32,4,1329246
32,25,1329246
32,4,1329246
32,26,1329246
32,26,1329246
32,4,1329246
32,27,1329246
32,27,1329246
32,28,1329246
32,32,1329246
32,25,1329246
32,32,1329246
32,9,1329246
32,4,1329246
32,9,1329246
32,9,1329246
32,4,1329246
32,2,1329246
32,2,1329246
32,2,1329246
32,4,1329246
32,2,1329246
32,2,1329246
32,10,1329246
32,10,1329246
32,4,1329246
32,11,1329246
32,32,1329246
32,11,1329246
32,9,1329246
32,9,1329246
32,4,1329246
32,8,1329246
32,32,1329246
32,4,1329246
32,4,1329246
32,32,1329246
32,4,1329246
32,31,1329246
32,4,1329246
32,21,1329246
32,21,1329246
32,31,1329246
32,7,1329246
32,20,1329246
32,8,1329246
32,20,1329246
32,4,1329246
32,7,1329246
32,4,1329246
32,4,1329246
33,77,1329246
33,136,1329246
33,136,1329246
33,77,1329246
33,135,1329246
33,133,1329246
33,144,1329246
33,134,1329246
33,134,1329246
33,142,1329246
33,132,1329246
33,135,1329246
33,142,1329246
33,140,1329246
33,137,1329246
33,137,1329246
33,138,1329246
33,139,1329246
33,139,1329246
33,138,1329246
33,140,1329246
33,77,1329246
33,141,1329246
33,141,1329246
33,110,1329246
33,133,1329246
33,98,1329246
33,77,1329246
33,132,1329246
33,145,1329246
33,133,1329246
33,98,1329246
33,154,1329246
33,154,1329246
33,5,1329246
33,155,1329246
33,155,1329246
33,5,1329246
33,145,1329246
33,145,1329246
33,145,1329246
33,132,1329246
33,145,1329246
33,132,1329246
33,133,1329246
33,143,1329246
33,143,1329246
33,132,1329246
33,143,1329246
33,143,1329246
33,132,1329246
33,131,1329246
33,131,1329246
33,131,1329246
33,132,1329246
33,131,1329246
33,131,1329246
33,132,1329246
33,133,1329246
33,143,1329246
33,110,1329246
33,51,1329246
33,96,1329246
33,66,1329246
33,64,1329246
33,52,1329246
33,52,1329246
33,43,1329246
33,51,1329246
33,43,1329246
33,42,1329246
33,42,1329246
33,42,1329246
33,43,1329246
33,42,1329246
33,42,1329246
33,66,1329246
33,43,1329246
33,40,1329246
33,41,1329246
33,39,1329246
33,39,1329246
33,37,1329246
33,38,1329246
33,38,1329246
33,38,1329246
33,37,1329246
33,38,1329246
33,38,1329246
33,37,1329246
33,5,1329246
33,40,1329246
33,96,1329246
33,64,1329246
33,63,1329246
33,77,1329246
33,54,1329246
33,54,1329246
33,54,1329246
33,5,1329246
33,54,1329246
33,54,1329246
33,5,1329246
33,6,1329246
33,6,1329246
33,5,1329246
33,55,1329246
33,55,1329246
33,63,1329246
33,55,1329246
33,55,1329246
33,55,1329246
33,5,1329246
33,56,1329246
33,56,1329246
33,56,1329246
33,5,1329246
33,56,1329246
33,56,1329246
33,5,1329246
33,57,1329246
33,57,1329246
33,43,1329246
33,5,1329246
33,153,1329246
33,128,1329246
33,5,1329246
33,125,1329246
33,125,1329246
33,99,1329246
33,126,1329246
33,126,1329246
33,99,1329246
33,127,1329246
33,127,1329246
33,99,1329246
33,122,1329246
33,122,1329246
33,99,1329246
33,106,1329246
33,106,1329246
33,100,1329246
33,100,1329246
33,100,1329246
33,101,1329246
33,100,1329246
33,100,1329246
33,101,1329246
33,102,1329246
33,102,1329246
33,102,1329246
33,101,1329246
33,102,1329246
33,102,1329246
33,99,1329246
33,124,1329246
33,124,1329246
33,99,1329246
33,79,1329246
33,79,1329246
33,79,1329246
33,67,1329246
33,79,1329246
33,79,1329246
33,67,1329246
33,115,1329246
33,115,1329246
33,116,1329246
33,117,1329246
33,117,1329246
33,116,1329246
33,101,1329246
33,119,1329246
33,120,1329246
33,121,1329246
33,121,1329246
33,5,1329246
33,153,1329246
33,128,1329246
33,128,1329246
33,101,1329246
33,128,1329246
33,128,1329246
33,101,1329246
33,123,1329246
33,123,1329246
33,119,1329246
33,103,1329246
33,99,1329246
33,103,1329246
33,129,1329246
33,5,1329246
33,130,1329246
33,130,1329246
33,5,1329246
33,146,1329246
33,146,1329246
33,5,1329246
33,147,1329246
33,147,1329246
33,5,1329246
33,148,1329246
33,103,1329246
33,129,1329246
33,5,1329246
33,149,1329246
33,5,1329246
33,150,1329246
33,150,1329246
33,5,1329246
33,151,1329246
33,151,1329246
33,5,1329246
33,97,1329246
33,97,1329246
33,5,1329246
33,152,1329246
33,152,1329246
33,149,1329246
33,5,1329246
33,148,1329246
33,114,1329246
33,114,1329246
33,101,1329246
33,103,1329246
33,103,1329246
33,101,1329246
33,104,1329246
33,104,1329246
33,5,1329246
33,105,1329246
33,5,1329246
33,107,1329246
33,107,1329246
33,5,1329246
33,108,1329246
33,105,1329246
33,108,1329246
33,113,1329246
33,113,1329246
33,5,1329246
33,112,1329246
33,112,1329246
33,5,1329246
33,5,1329246
33,111,1329246
33,5,1329246
33,109,1329246
33,109,1329246
33,5,1329246
33,111,1329246
34,91,1329246
34,5,1329246
34,91,1329246
34,91,1329246
34,91,1329246
34,90,1329246
34,89,1329246
34,88,1329246
34,87,1329246
34,88,1329246
34,87,1329246
34,86,1329246
34,86,1329246
34,89,1329246
34,91,1329246
34,5,1329246
34,92,1329246
34,92,1329246
34,92,1329246
34,5,1329246
34,92,1329246
34,92,1329246
34,5,1329246
34,93,1329246
34,93,1329246
34,93,1329246
34,5,1329246
34,93,1329246
34,93,1329246
34,85,1329246
34,5,1329246
34,84,1329246
34,49,1329246
34,45,1329246
34,44,1329246
34,44,1329246
34,41,1329246
34,46,1329246
34,46,1329246
34,46,1329246
34,41,1329246
34,46,1329246
34,41,1329246
34,47,1329246
34,47,1329246
34,47,1329246
34,45,1329246
34,47,1329246
34,47,1329246
34,46,1329246
34,48,1329246
34,48,1329246
34,45,1329246
34,84,1329246
34,49,1329246
34,45,1329246
34,45,1329246
34,50,1329246
34,50,1329246
34,45,1329246
34,53,1329246
34,53,1329246
34,45,1329246
34,81,1329246
34,81,1329246
35,4,1329247
36,5,1329301
37,4,1329301
38,4,1329301
38,4,1329301
38,16,1329301
39,25,1329301
39,26,1329301
39,27,1329301
39,28,1329301
39,31,1329301
39,20,1329301
39,8,1329301
39,2,1329301
39,2,1329301
39,12,1329301
39,0,1329301
39,3,1329301
39,3,1329301
39,1,1329301
39,1,1329301
39,0,1329301
39,0,1329301
39,0,1329301
39,19,1329301
39,0,1329301
39,0,1329301
40,11,1329301
40,4,1329301
40,24,1329301
40,23,1329301
40,22,1329301
41,57,1329301
41,0,1329301
41,0,1329301
41,0,1329301
41,0,1329301
41,5,1329301
41,57,1329301
41,57,1329301
41,57,1329301
41,57,1329301
41,57,1329301
41,57,1329301
41,57,1329301
41,57,1329301
41,0,1329301
41,57,1329301
41,0,1329301
41,0,1329301
41,40,1329301
41,40,1329301
41,0,1329301
41,0,1329301
41,0,1329301
41,0,1329301
41,5,1329301
41,40,1329301
41,0,1329301
41,40,1329301
41,40,1329301
41,40,1329301
41,40,1329301
41,40,1329301
41,40,1329301
41,40,1329301
42,40,1329301
42,40,1329301
42,40,1329301
42,57,1329301
42,57,1329301
42,57,1329301
43,22,1329301
44,2,1329301
44,12,1329301
44,2,1329301
45,4,1329301
46,0,1329305
46,0,1329305
46,0,1329305
46,0,1329305
46,0,1329305
46,0,1329305
47,1,1329305
47,2,1329305
47,3,1329305
48,2,1329305
48,1,1329305
49,3,1329305
50,1,1329305
50,2,1329305
51,3,1329305
52,1,1329305
52,2,1329305
52,3,1329305
53,1,1329307
53,2,1329307
53,3,1329307
54,4,1329326
54,4,1329326
54,29,1329326
54,29,1329326
54,29,1329326
54,29,1329326
54,29,1329326
55,27,1329327
55,27,1329327
55,27,1329327
55,27,1329327
55,4,1329327
55,4,1329327
55,27,1329327
56,4,1329327
56,4,1329327
56,31,1329327
56,31,1329327
56,31,1329327
56,31,1329327
56,31,1329327
57,21,1329327
57,4,1329327
57,21,1329327
57,4,1329327
57,21,1329327
57,21,1329327
57,21,1329327
58,27,1329327
58,27,1329327
58,27,1329327
58,27,1329327
58,27,1329327
58,4,1329327
58,4,1329327
59,4,1329328
59,4,1329328
59,7,1329328
59,7,1329328
59,7,1329328
59,7,1329328
59,4,1329328
59,7,1329328
59,4,1329328
59,4,1329328
60,27,1329328
60,27,1329328
61,27,1329328
61,4,1329328
61,4,1329328
61,27,1329328
61,27,1329328
61,27,1329328
61,27,1329328
62,7,1329329
62,7,1329329
62,4,1329329
62,4,1329329
62,7,1329329
62,4,1329329
62,7,1329329
62,7,1329329
62,7,1329329
62,7,1329329
63,29,1329329
63,29,1329329
63,29,1329329
63,29,1329329
63,4,1329329
63,4,1329329
64,29,1329329
65,4,1329329
65,4,1329329
65,27,1329329
65,27,1329329
65,27,1329329
65,27,1329329
65,27,1329329
66,21,1329329
66,4,1329329
66,4,1329329
66,21,1329329
66,34,1329329
66,21,1329329
66,21,1329329
66,34,1329329
66,21,1329329
67,27,1329329
67,27,1329329
67,27,1329329
67,27,1329329
67,4,1329329
67,4,1329329
67,27,1329329
68,21,1329329
68,4,1329329
68,4,1329329
68,21,1329329
68,21,1329329
68,21,1329329
68,21,1329329
69,27,1329329
69,27,1329329
70,27,1329329
70,27,1329329
70,27,1329329
70,27,1329329
70,4,1329329
70,4,1329329
70,27,1329329
71,4,1329329
71,4,1329329
71,29,1329329
71,29,1329329
71,29,1329329
71,29,1329329
71,29,1329329
72,27,1329330
72,27,1329330
72,27,1329330
72,27,1329330
72,4,1329330
72,4,1329330
72,27,1329330
73,21,1329330
73,21,1329330
74,4,1329330
74,4,1329330
74,21,1329330
74,21,1329330
74,21,1329330
74,21,1329330
74,21,1329330
75,4,1329330
75,4,1329330
75,7,1329330
75,7,1329330
75,7,1329330
75,4,1329330
75,7,1329330
75,7,1329330
76,27,1329330
76,27,1329330
76,27,1329330
76,27,1329330
76,4,1329330
76,4,1329330
76,27,1329330
77,27,1329331
77,4,1329331
77,21,1329331
77,4,1329331
77,21,1329331
77,21,1329331
77,21,1329331
77,21,1329331
78,27,1329331
78,4,1329331
78,27,1329331
78,4,1329331
78,27,1329331
78,27,1329331
78,27,1329331
78,27,1329331
79,23,1329332
79,23,1329332
79,4,1329332
79,27,1329332
79,4,1329332
79,23,1329332
79,23,1329332
79,23,1329332
79,4,1329332
79,4,1329332
79,23,1329332
79,23,1329332
79,4,1329332
80,4,1329332
80,4,1329332
80,4,1329332
80,7,1329332
80,7,1329332
80,7,1329332
80,7,1329332
80,13,1329332
80,13,1329332
80,7,1329332
81,4,1329332
81,27,1329332
81,27,1329332
81,4,1329332
81,27,1329332
81,27,1329332
81,27,1329332
81,27,1329332
82,29,1329333
82,4,1329333
82,27,1329333
82,4,1329333
82,29,1329333
82,29,1329333
82,29,1329333
82,29,1329333
82,29,1329333
82,29,1329333
83,27,1329333
83,4,1329333
83,27,1329333
83,4,1329333
83,27,1329333
83,27,1329333
83,27,1329333
83,27,1329333
84,29,1329333
84,29,1329333
84,29,1329333
84,29,1329333
84,4,1329333
84,27,1329333
84,4,1329333
84,29,1329333
85,4,1329333
85,27,1329333
85,27,1329333
85,4,1329333
85,27,1329333
85,27,1329333
85,27,1329333
86,4,1329334
86,27,1329334
86,4,1329334
86,29,1329334
86,29,1329334
86,29,1329334
86,29,1329334
86,29,1329334
87,27,1329334
87,27,1329334
87,27,1329334
87,27,1329334
87,4,1329334
87,4,1329334
87,27,1329334
88,27,1329334
88,4,1329334
88,27,1329334
88,29,1329334
88,27,1329334
88,27,1329334
88,27,1329334
88,27,1329334
88,4,1329334
89,29,1329334
89,29,1329334
89,29,1329334
89,29,1329334
89,4,1329334
89,27,1329334
89,29,1329334
89,4,1329334
89,29,1329334
90,27,1329334
90,4,1329334
90,4,1329334
90,27,1329334
90,27,1329334
90,27,1329334
90,27,1329334
91,29,1329334
91,29,1329334
91,29,1329334
91,29,1329334
91,4,1329334
91,4,1329334
91,29,1329334
92,27,1329334
92,4,1329334
92,4,1329334
92,27,1329334
92,27,1329334
92,27,1329334
92,27,1329334
93,27,1329334
93,29,1329334
93,4,1329334
93,29,1329334
93,29,1329334
93,29,1329334
93,29,1329334
93,29,1329334
93,4,1329334
94,27,1329334
94,27,1329334
94,27,1329334
94,27,1329334
94,4,1329334
94,4,1329334
94,27,1329334
95,4,1329334
95,27,1329334
95,4,1329334
95,27,1329334
95,27,1329334
95,27,1329334
95,27,1329334
96,4,1329334
96,27,1329334
96,29,1329334
96,4,1329334
96,29,1329334
96,29,1329334
96,29,1329334
96,29,1329334
96,29,1329334
97,27,1329334
97,27,1329334
97,27,1329334
97,27,1329334
97,4,1329334
97,4,1329334
97,27,1329334
98,4,1329334
98,29,1329334
98,4,1329334
98,29,1329334
98,29,1329334
98,29,1329334
98,29,1329334
99,26,1329335
99,26,1329335
100,23,1329335
100,23,1329335
100,4,1329335
100,23,1329335
100,23,1329335
100,4,1329335
100,29,1329335
100,4,1329335
100,23,1329335
101,4,1329335
101,29,1329335
101,27,1329335
101,4,1329335
101,27,1329335
101,27,1329335
101,27,1329335
101,27,1329335
102,21,1329335
102,21,1329335
103,27,1329335
103,27,1329335
104,29,1329335
104,4,1329335
104,29,1329335
104,27,1329335
104,29,1329335
104,29,1329335
104,29,1329335
104,29,1329335
104,4,1329335
105,4,1329335
105,27,1329335
105,4,1329335
105,27,1329335
105,27,1329335
105,27,1329335
105,27,1329335
106,29,1329335
106,29,1329335
106,29,1329335
106,29,1329335
106,4,1329335
106,4,1329335
106,29,1329335
107,27,1329335
107,31,1329335
107,4,1329335
107,29,1329335
107,31,1329335
107,31,1329335
107,31,1329335
107,4,1329335
107,31,1329335
108,29,1329335
108,29,1329335
108,29,1329335
108,29,1329335
108,4,1329335
108,29,1329335
108,4,1329335
108,29,1329335
109,29,1329336
109,4,1329336
109,29,1329336
109,4,1329336
109,29,1329336
109,29,1329336
109,29,1329336
109,29,1329336
110,5,1329386
111,4,1329386
112,4,1329386
112,4,1329386
113,1,1329386
113,19,1329386
113,3,1329386
113,12,1329386
113,1,1329386
113,0,1329386
113,3,1329386
113,0,1329386
113,0,1329386
113,0,1329386
113,0,1329386
113,16,1329386
113,0,1329386
114,2,1329386
114,2,1329386
114,8,1329386
114,20,1329386
114,31,1329386
114,28,1329386
115,11,1329386
115,22,1329386
115,23,1329386
115,4,1329386
115,25,1329386
115,26,1329386
115,27,1329386
115,24,1329386
116,0,1329386
116,0,1329386
116,0,1329386
116,0,1329386
116,5,1329386
116,57,1329386
116,57,1329386
116,57,1329386
116,57,1329386
116,57,1329386
116,57,1329386
116,57,1329386
116,57,1329386
116,57,1329386
116,0,1329386
116,57,1329386
116,0,1329386
116,40,1329386
116,40,1329386
116,0,1329386
116,0,1329386
116,0,1329386
116,0,1329386
116,0,1329386
116,0,1329386
116,40,1329386
116,5,1329386
116,40,1329386
116,40,1329386
116,40,1329386
116,40,1329386
116,40,1329386
116,40,1329386
116,40,1329386
117,57,1329386
117,57,1329386
117,57,1329386
117,40,1329386
117,40,1329386
117,40,1329386
118,22,1329386
119,2,1329386
119,2,1329386
119,12,1329386
120,4,1329389
121,0,1329392
121,0,1329392
121,0,1329392
121,0,1329392
121,0,1329392
121,0,1329392
122,3,1329392
122,1,1329392
122,2,1329392
123,2,1329392
123,1,1329392
124,3,1329392
125,1,1329392
125,2,1329392
126,3,1329392
127,1,1329392
127,2,1329392
128,3,1329392
129,3,1329393
129,2,1329393
129,1,1329393
130,4,1329397
130,4,1329397
130,23,1329397
130,4,1329397
130,23,1329397
130,23,1329397
131,23,1329397
131,4,1329397
131,4,1329397
131,23,1329397
131,29,1329397
132,1,1329403
132,2,1329403
132,3,1329403
133,0,1329404
133,0,1329404
133,0,1329404
133,0,1329404
133,0,1329404
133,0,1329404
134,4,1329414
135,4,1329414
136,57,1329415
136,57,1329415
136,57,1329415
136,40,1329415
136,40,1329415
136,40,1329415
137,4,1329415
138,5,1329417
139,4,1329417
140,4,1329417
140,4,1329417
141,1,1329417
141,0,1329417
141,0,1329417
141,0,1329417
141,1,1329417
141,0,1329417
141,16,1329417
141,0,1329417
141,0,1329417
142,2,1329417
142,20,1329417
142,8,1329417
142,2,1329417
142,12,1329417
142,3,1329417
142,3,1329417
142,19,1329417
143,11,1329417
143,31,1329417
143,28,1329417
143,27,1329417
143,26,1329417
143,25,1329417
143,4,1329417
144,23,1329417
144,22,1329417
144,24,1329417
145,40,1329417
145,40,1329417
145,40,1329417
145,40,1329417
145,40,1329417
145,5,1329417
145,0,1329417
145,0,1329417
145,0,1329417
145,0,1329417
145,0,1329417
145,0,1329417
146,40,1329417
146,40,1329417
146,40,1329417
146,40,1329417
146,40,1329417
147,57,1329417
147,57,1329417
147,57,1329417
147,57,1329417
147,57,1329417
147,57,1329417
147,57,1329417
147,0,1329417
147,5,1329417
147,0,1329417
147,0,1329417
147,0,1329417
147,0,1329417
147,0,1329417
147,57,1329417
147,57,1329417
147,57,1329417
148,57,1329417
148,57,1329417
148,57,1329417
148,40,1329417
148,40,1329417
148,40,1329417
149,22,1329417
150,2,1329417
150,2,1329417
150,12,1329417
151,0,1329417
151,0,1329417
151,0,1329417
151,0,1329417
151,0,1329417
151,0,1329417
152,4,1329423
153,5,1329474
154,4,1329474
155,4,1329474
156,4,1329474
156,16,1329474
157,31,1329474
157,20,1329474
157,8,1329474
157,2,1329474
157,2,1329474
157,12,1329474
157,19,1329474
157,3,1329474
157,28,1329474
157,1,1329474
157,1,1329474
157,0,1329474
157,0,1329474
157,0,1329474
157,0,1329474
157,0,1329474
157,0,1329474
157,3,1329474
158,11,1329474
158,4,1329474
158,23,1329474
158,22,1329474
158,25,1329474
158,26,1329474
158,27,1329474
158,24,1329474
159,40,1329474
159,0,1329474
159,0,1329474
159,0,1329474
159,0,1329474
159,0,1329474
159,5,1329474
159,0,1329474
159,40,1329474
159,40,1329474
159,40,1329474
159,40,1329474
159,0,1329474
159,40,1329474
159,40,1329474
159,40,1329474
159,40,1329474
159,5,1329474
159,0,1329474
159,0,1329474
159,0,1329474
159,0,1329474
159,0,1329474
159,40,1329474
160,57,1329474
160,57,1329474
160,57,1329474
160,57,1329474
160,57,1329474
160,57,1329474
160,57,1329474
160,57,1329474
160,57,1329474
160,57,1329474
161,4,1329474
162,57,1329474
162,57,1329474
162,57,1329474
162,40,1329474
162,40,1329474
162,40,1329474
163,22,1329474
164,2,1329474
164,2,1329474
164,12,1329474
165,0,1329474
165,0,1329474
165,0,1329474
165,0,1329474
165,0,1329474
165,0,1329474
166,0,1329478
166,0,1329478
166,0,1329478
166,0,1329478
166,0,1329478
166,0,1329478
167,2,1329478
167,1,1329478
168,3,1329478
169,1,1329478
169,2,1329478
170,3,1329478
171,1,1329478
171,2,1329478
172,3,1329478
173,2,1329478
173,1,1329478
174,3,1329478
175,1,1329480
175,2,1329480
176,3,1329480
177,4,1329482
177,23,1329482
177,23,1329482
177,23,1329482
177,29,1329482
177,23,1329482
177,4,1329482
177,4,1329482
177,4,1329482
178,4,1329482
178,23,1329482
179,23,1329484
179,23,1329484
180,5,1329496
181,41,1329496
181,99,1329496
181,132,1329496
181,101,1329496
181,118,1329496
181,116,1329496
181,116,1329496
181,118,1329496
181,156,1329496
181,120,1329496
181,120,1329496
181,120,1329496
181,101,1329496
181,99,1329496
181,99,1329496
181,99,1329496
181,120,1329496
181,85,1329496
181,5,1329496
181,67,1329496
181,43,1329496
181,57,1329496
181,43,1329496
181,43,1329496
181,41,1329496
181,41,1329496
181,84,1329496
181,85,1329496
181,40,1329496
181,0,1329496
181,5,1329496
181,5,1329496
181,5,1329496
181,91,1329496
181,5,1329496
181,90,1329496
181,85,1329496
182,64,1329496
182,64,1329496
182,64,1329496
182,43,1329496
182,42,1329496
182,43,1329496
182,43,1329496
182,64,1329496
182,43,1329496
182,52,1329496
182,6,1329496
182,43,1329496
182,51,1329496
182,79,1329496
182,67,1329496
182,67,1329496
182,67,1329496
182,90,1329496
182,87,1329496
182,5,1329496
182,5,1329496
182,43,1329496
182,87,1329496
182,45,1329496
182,87,1329496
182,132,1329496
182,77,1329496
182,77,1329496
182,77,1329496
182,77,1329496
182,46,1329496
182,87,1329496
182,41,1329496
182,41,1329496
182,41,1329496
182,41,1329496
182,37,1329496
182,37,1329496
182,156,1329496
182,45,1329496
182,45,1329496
182,85,1329496
182,44,1329496
182,37,1329496
182,37,1329496
182,45,1329496
183,156,1329496
183,5,1329496
183,156,1329496
184,5,1329496
185,5,1329496
185,5,1329496
185,92,1329496
185,5,1329496
185,5,1329496
185,91,1329496
185,5,1329496
185,55,1329496
185,6,1329496
185,5,1329496
185,55,1329496
186,92,1329496
186,5,1329496
186,5,1329496
187,4,1329504
188,0,1329504
188,0,1329504
188,0,1329504
188,0,1329504
188,0,1329504
188,0,1329504
189,0,1329504
189,0,1329504
189,0,1329504
189,0,1329504
189,0,1329504
189,0,1329504
189,0,1329504
189,0,1329504
189,0,1329504
189,0,1329504
189,0,1329504
189,0,1329504
190,0,1329504
190,0,1329504
190,0,1329504
190,0,1329504
190,0,1329504
190,0,1329504
190,0,1329504
190,0,1329504
190,0,1329504
190,0,1329504
190,0,1329504
190,0,1329504
191,0,1329504
191,0,1329504
191,0,1329504
191,0,1329504
191,0,1329504
191,0,1329504
192,0,1329504
192,40,1329504
192,40,1329504
192,40,1329504
192,0,1329504
192,0,1329504
192,40,1329504
192,0,1329504
192,0,1329504
192,0,1329504
192,57,1329504
192,57,1329504
192,57,1329504
192,57,1329504
192,57,1329504
192,57,1329504
192,57,1329504
192,57,1329504
192,57,1329504
192,57,1329504
192,40,1329504
192,5,1329504
192,40,1329504
192,11,1329504
192,40,1329504
192,4,1329504
192,12,1329504
192,2,1329504
192,2,1329504
192,23,1329504
192,0,1329504
192,0,1329504
192,40,1329504
192,0,1329504
192,0,1329504
192,0,1329504
192,22,1329504
192,40,1329504
192,40,1329504
192,0,1329504
192,0,1329504
192,0,1329504
192,5,1329504
192,0,1329504
192,0,1329504
192,0,1329504
192,0,1329504
193,40,1329504
193,40,1329504
193,40,1329504
194,57,1329504
194,57,1329504
194,57,1329504
194,40,1329504
194,4,1329504
194,40,1329504
194,4,1329504
194,11,1329504
194,40,1329504
195,5,1329560
196,4,1329561
197,16,1329561
198,0,1329561
198,0,1329561
198,12,1329561
198,2,1329561
198,2,1329561
198,8,1329561
198,20,1329561
198,28,1329561
198,4,1329561
198,27,1329561
198,26,1329561
198,25,1329561
198,11,1329561
198,0,1329561
198,31,1329561
198,0,1329561
198,0,1329561
198,0,1329561
198,19,1329561
198,3,1329561
198,3,1329561
198,1,1329561
198,1,1329561
198,0,1329561
198,0,1329561
198,0,1329561
198,0,1329561
198,0,1329561
198,0,1329561
198,16,1329561
198,4,1329561
198,4,1329561
199,24,1329561
200,23,1329561
201,57,1329561
201,0,1329561
201,0,1329561
201,0,1329561
201,0,1329561
201,5,1329561
201,57,1329561
201,0,1329561
201,57,1329561
201,57,1329561
201,57,1329561
201,57,1329561
201,57,1329561
201,57,1329561
201,57,1329561
201,57,1329561
201,0,1329561
201,40,1329561
201,40,1329561
201,40,1329561
201,22,1329561
201,0,1329561
201,0,1329561
201,0,1329561
201,0,1329561
201,0,1329561
201,0,1329561
201,5,1329561
201,40,1329561
201,40,1329561
201,40,1329561
201,40,1329561
201,40,1329561
201,40,1329561
201,40,1329561
202,57,1329561
202,57,1329561
202,57,1329561
202,40,1329561
202,40,1329561
202,40,1329561
203,22,1329561
204,2,1329561
204,2,1329561
204,12,1329561
205,0,1329561
205,0,1329561
205,0,1329561
205,0,1329561
205,0,1329561
205,0,1329561
206,0,1329562
206,0,1329562
206,0,1329562
206,0,1329562
206,0,1329562
206,0,1329562
207,0,1329565
207,0,1329565
207,0,1329565
207,0,1329565
207,0,1329565
207,0,1329565
208,2,1329565
208,3,1329565
208,1,1329565
209,1,1329565
209,2,1329565
210,3,1329565
211,1,1329565
211,2,1329565
211,3,1329565
212,3,1329565
212,2,1329565
212,1,1329565
213,4,1329565
214,1,1329566
214,2,1329566
214,3,1329566
215,23,1329577
215,23,1329577
215,4,1329577
215,4,1329577
215,4,1329577
215,23,1329577
216,23,1329577
216,4,1329577
216,4,1329577
216,23,1329577
217,35,1329581
217,35,1329581
218,23,1329584
218,23,1329584
218,4,1329584
218,23,1329584
219,23,1329584
219,4,1329584
219,4,1329584
219,23,1329584
220,29,1329584
220,29,1329584
220,29,1329584
220,29,1329584
220,4,1329584
220,4,1329584
220,29,1329584
221,29,1329585
221,4,1329585
221,23,1329585
221,4,1329585
221,29,1329585
221,29,1329585
221,29,1329585
221,29,1329585
222,4,1329585
222,29,1329585
222,29,1329585
222,29,1329585
222,29,1329585
222,4,1329585
222,29,1329585
223,4,1329586
223,29,1329586
223,23,1329586
223,23,1329586
223,4,1329586
223,23,1329586
223,23,1329586
223,4,1329586
223,23,1329586
223,23,1329586
223,23,1329586
223,23,1329586
223,34,1329586
223,34,1329586
224,29,1329586
224,4,1329586
224,4,1329586
224,29,1329586
224,29,1329586
224,29,1329586
224,29,1329586
225,23,1329587
225,4,1329587
225,23,1329587
225,4,1329587
225,29,1329587
225,23,1329587
225,23,1329587
225,4,1329587
225,23,1329587
225,23,1329587
226,31,1329589
226,31,1329589
226,31,1329589
226,31,1329589
226,4,1329589
226,23,1329589
227,31,1329589
227,4,1329589
227,29,1329589
228,29,1329590
228,29,1329590
228,29,1329590
228,29,1329590
228,4,1329590
228,23,1329590
228,4,1329590
228,29,1329590
229,4,1329590
229,4,1329590
229,29,1329590
229,29,1329590
229,29,1329590
229,29,1329590
229,29,1329590
230,4,1329590
230,23,1329590
230,4,1329590
230,27,1329590
230,27,1329590
230,27,1329590
230,27,1329590
230,27,1329590
231,31,1329590
231,31,1329590
231,31,1329590
231,31,1329590
231,4,1329590
231,4,1329590
231,31,1329590
232,4,1329590
232,21,1329590
232,23,1329590
232,4,1329590
232,21,1329590
232,21,1329590
232,21,1329590
232,21,1329590
233,4,1329590
233,29,1329590
233,29,1329590
233,29,1329590
233,29,1329590
233,4,1329590
233,29,1329590
234,4,1329590
234,4,1329590
234,23,1329590
234,23,1329590
234,23,1329590
234,4,1329590
234,23,1329590
234,23,1329590
235,29,1329590
235,23,1329590
235,4,1329590
235,4,1329590
235,29,1329590
235,29,1329590
235,29,1329590
235,29,1329590
236,29,1329590
236,4,1329590
236,29,1329590
236,4,1329590
236,29,1329590
236,29,1329590
236,29,1329590
237,34,1329591
237,34,1329591
237,21,1329591
237,21,1329591
238,31,1329591
238,4,1329591
238,4,1329591
238,29,1329591
238,31,1329591
238,31,1329591
238,31,1329591
238,31,1329591
239,4,1329591
239,4,1329591
239,29,1329591
239,29,1329591
239,29,1329591
239,29,1329591
239,29,1329591
240,29,1329592
240,29,1329592
240,29,1329592
240,29,1329592
240,4,1329592
240,4,1329592
240,29,1329592
241,4,1329592
241,29,1329592
241,4,1329592
241,29,1329592
241,29,1329592
241,29,1329592
241,29,1329592
242,23,1329593
242,4,1329593
242,23,1329593
242,23,1329593
242,23,1329593
242,4,1329593
242,29,1329593
242,4,1329593
243,23,1329593
244,31,1329593
244,4,1329593
244,4,1329593
244,31,1329593
244,31,1329593
244,31,1329593
244,31,1329593
245,5,1329729
246,1,1329731
246,2,1329731
247,3,1329731
248,1,1329731
248,2,1329731
249,3,1329731
250,1,1329731
250,2,1329731
250,3,1329731
251,1,1329731
251,2,1329731
251,3,1329731
252,4,1329731
253,4,1329731
253,4,1329731
253,16,1329731
254,31,1329731
254,28,1329731
254,27,1329731
254,26,1329731
254,25,1329731
254,24,1329731
254,0,1329731
254,22,1329731
254,4,1329731
254,11,1329731
254,20,1329731
254,0,1329731
254,23,1329731
254,8,1329731
254,0,1329731
254,2,1329731
254,2,1329731
254,0,1329731
254,0,1329731
254,0,1329731
254,0,1329731
254,0,1329731
254,1,1329731
254,3,1329731
254,3,1329731
254,19,1329731
254,12,1329731
254,1,1329731
255,0,1329731
255,57,1329731
255,0,1329731
255,5,1329731
255,57,1329731
255,57,1329731
255,57,1329731
255,57,1329731
255,57,1329731
255,57,1329731
255,57,1329731
255,57,1329731
255,0,1329731
255,57,1329731
255,0,1329731
255,0,1329731
255,0,1329731
255,0,1329731
255,0,1329731
255,0,1329731
255,0,1329731
255,5,1329731
255,40,1329731
255,40,1329731
255,40,1329731
255,40,1329731
255,40,1329731
255,40,1329731
255,40,1329731
255,40,1329731
255,40,1329731
255,40,1329731
256,22,1329731
257,2,1329731
257,12,1329731
257,2,1329731
258,29,1329731
258,4,1329731
258,4,1329731
258,23,1329731
258,4,1329731
258,23,1329731
258,23,1329731
258,23,1329731
258,4,1329731
258,4,1329731
258,23,1329731
259,0,1329732
259,0,1329732
259,0,1329732
259,0,1329732
259,0,1329732
259,0,1329732
260,57,1329732
260,57,1329732
260,57,1329732
260,40,1329732
260,40,1329732
260,40,1329732
261,4,1329733
261,4,1329733
261,23,1329733
261,4,1329733
261,23,1329733
261,23,1329733
261,23,1329733
261,4,1329733
261,29,1329733
261,4,1329733
261,23,1329733
262,2,1329736
262,3,1329736
262,1,1329736
263,0,1329737
263,0,1329737
263,0,1329737
263,0,1329737
263,0,1329737
263,0,1329737
264,5,1329740
264,0,1329740
264,5,1329740
265,0,1329740
265,5,1329740
265,5,1329740
266,90,1329744
266,67,1329744
266,5,1329744
266,5,1329744
266,43,1329744
266,91,1329744
266,156,1329744
266,41,1329744
266,132,1329744
266,101,1329744
266,118,1329744
266,85,1329744
266,116,1329744
266,5,1329744
266,5,1329744
266,5,1329744
266,57,1329744
266,43,1329744
266,43,1329744
266,40,1329744
266,5,1329744
266,41,1329744
266,84,1329744
266,85,1329744
266,85,1329744
266,0,1329744
266,41,1329744
267,43,1329744
267,43,1329744
267,43,1329744
267,43,1329744
267,42,1329744
267,87,1329744
267,87,1329744
267,64,1329744
267,87,1329744
267,85,1329744
267,87,1329744
267,64,1329744
267,52,1329744
267,64,1329744
267,45,1329744
267,43,1329744
267,43,1329744
267,51,1329744
267,79,1329744
267,67,1329744
267,67,1329744
267,67,1329744
267,90,1329744
267,6,1329744
267,5,1329744
267,5,1329744
267,64,1329744
267,45,1329744
267,156,1329744
267,45,1329744
267,116,1329744
267,118,1329744
267,120,1329744
267,120,1329744
267,120,1329744
267,120,1329744
267,101,1329744
267,99,1329744
267,99,1329744
267,99,1329744
267,132,1329744
267,77,1329744
267,99,1329744
267,77,1329744
267,77,1329744
267,37,1329744
267,37,1329744
267,37,1329744
267,37,1329744
267,41,1329744
267,44,1329744
267,45,1329744
267,41,1329744
267,41,1329744
267,46,1329744
267,77,1329744
267,41,1329744
268,5,1329744
269,5,1329744
269,5,1329744
269,92,1329744
269,5,1329744
269,92,1329744
269,5,1329744
270,5,1329744
270,5,1329744
270,6,1329744
270,5,1329744
270,5,1329744
270,55,1329744
270,55,1329744
270,91,1329744
271,67,1329744
271,5,1329744
271,67,1329744
272,43,1329744
272,43,1329744
272,43,1329744
272,57,1329744
272,5,1329744
272,0,1329744
272,43,1329744
272,5,1329744
272,43,1329744
272,43,1329744
272,52,1329744
272,43,1329744
272,43,1329744
272,57,1329744
272,43,1329744
272,51,1329744
273,43,1329744
273,43,1329744
273,52,1329744
273,51,1329744
273,43,1329744
273,43,1329744
273,57,1329744
273,43,1329744
274,85,1329744
274,5,1329744
274,5,1329744
274,0,1329744
274,85,1329744
274,5,1329744
274,41,1329744
274,41,1329744
274,40,1329744
274,5,1329744
274,84,1329744
275,77,1329744
275,77,1329744
275,77,1329744
275,132,1329744
275,99,1329744
275,99,1329744
275,99,1329744
275,99,1329744
275,120,1329744
275,120,1329744
275,120,1329744
275,120,1329744
275,118,1329744
275,116,1329744
275,45,1329744
275,45,1329744
275,101,1329744
275,77,1329744
275,43,1329744
275,42,1329744
275,45,1329744
275,90,1329744
275,67,1329744
275,67,1329744
275,67,1329744
275,79,1329744
275,51,1329744
275,43,1329744
275,43,1329744
275,52,1329744
275,64,1329744
275,64,1329744
275,64,1329744
275,64,1329744
275,43,1329744
275,43,1329744
275,43,1329744
275,156,1329744
275,45,1329744
275,43,1329744
275,37,1329744
275,156,1329744
275,85,1329744
275,85,1329744
275,84,1329744
275,85,1329744
275,44,1329744
275,43,1329744
275,41,1329744
275,57,1329744
275,67,1329744
275,90,1329744
275,5,1329744
275,5,1329744
275,91,1329744
275,43,1329744
275,43,1329744
275,43,1329744
275,40,1329744
275,41,1329744
275,41,1329744
275,37,1329744
275,37,1329744
275,37,1329744
275,41,1329744
275,41,1329744
275,116,1329744
275,118,1329744
275,41,1329744
275,101,1329744
275,41,1329744
275,46,1329744
275,132,1329744
275,87,1329744
275,87,1329744
275,87,1329744
275,87,1329744
275,85,1329744
276,5,1329744
276,5,1329744
276,0,1329744
276,67,1329744
276,67,1329744
277,67,1329744
277,95,1329744
277,67,1329744
277,5,1329744
277,67,1329744
277,67,1329744
277,67,1329744
277,79,1329744
277,67,1329744
277,67,1329744
277,67,1329744
278,132,1329744
278,41,1329744
278,41,1329744
278,41,1329744
278,41,1329744
278,41,1329744
278,40,1329744
278,41,1329744
278,156,1329744
278,101,1329744
278,46,1329744
278,118,1329744
278,44,1329744
278,41,1329744
278,37,1329744
278,37,1329744
278,37,1329744
278,37,1329744
278,85,1329744
278,45,1329744
278,45,1329744
278,45,1329744
278,45,1329744
278,116,1329744
278,118,1329744
278,116,1329744
278,85,1329744
278,90,1329744
278,85,1329744
278,84,1329744
278,5,1329744
278,57,1329744
278,43,1329744
278,40,1329744
278,41,1329744
278,41,1329744
278,84,1329744
278,85,1329744
278,85,1329744
278,0,1329744
278,5,1329744
278,43,1329744
278,5,1329744
278,5,1329744
278,43,1329744
278,57,1329744
278,43,1329744
278,67,1329744
278,43,1329744
278,5,1329744
278,5,1329744
278,91,1329744
278,67,1329744
278,67,1329744
279,43,1329744
279,43,1329744
279,43,1329744
279,64,1329744
279,64,1329744
279,64,1329744
279,43,1329744
279,64,1329744
279,79,1329744
279,43,1329744
279,43,1329744
279,51,1329744
279,67,1329744
279,67,1329744
279,67,1329744
279,42,1329744
279,90,1329744
279,52,1329744
279,87,1329744
279,99,1329744
279,87,1329744
279,120,1329744
279,120,1329744
279,120,1329744
279,120,1329744
279,101,1329744
279,99,1329744
279,99,1329744
279,87,1329744
279,99,1329744
279,77,1329744
279,77,1329744
279,77,1329744
279,77,1329744
279,156,1329744
279,85,1329744
279,87,1329744
279,132,1329744
280,5,1329744
280,6,1329744
280,5,1329744
280,5,1329744
280,5,1329744
280,91,1329744
281,6,1329744
281,5,1329744
281,5,1329744
281,5,1329744
281,5,1329744
281,6,1329744
281,5,1329744
281,5,1329744
281,6,1329744
281,5,1329744
281,5,1329744
281,5,1329744
281,0,1329744
281,5,1329744
282,5,1329744
283,85,1329744
283,5,1329744
283,5,1329744
283,0,1329744
283,85,1329744
283,84,1329744
283,43,1329744
283,41,1329744
283,40,1329744
283,43,1329744
283,57,1329744
283,5,1329744
283,41,1329744
284,5,1329744
284,5,1329744
284,157,1329744
284,5,1329744
284,6,1329744
284,158,1329744
284,5,1329744
284,5,1329744
284,6,1329744
284,5,1329744
284,158,1329744
284,5,1329744
284,5,1329744
284,157,1329744
284,5,1329744
284,5,1329744
284,6,1329744
284,6,1329744
284,5,1329744
284,5,1329744
284,157,1329744
284,158,1329744
285,85,1329744
285,5,1329744
285,5,1329744
285,0,1329744
285,85,1329744
285,84,1329744
285,41,1329744
285,41,1329744
285,40,1329744
285,43,1329744
285,43,1329744
285,57,1329744
285,5,1329744
286,5,1329744
286,5,1329744
286,159,1329744
286,5,1329744
286,5,1329744
286,6,1329744
286,160,1329744
286,5,1329744
286,159,1329744
286,5,1329744
287,6,1329744
287,160,1329744
287,5,1329744
287,5,1329744
287,5,1329744
287,160,1329744
287,159,1329744
287,5,1329744
287,5,1329744
287,6,1329744
287,5,1329744
288,5,1329744
288,5,1329744
288,0,1329744
288,85,1329744
288,84,1329744
288,41,1329744
288,85,1329744
288,40,1329744
288,43,1329744
288,43,1329744
288,57,1329744
288,5,1329744
288,41,1329744
289,6,1329744
290,5,1329745
290,5,1329745
290,161,1329745
290,5,1329745
290,6,1329745
290,162,1329745
290,5,1329745
290,6,1329745
290,5,1329745
290,162,1329745
290,5,1329745
290,5,1329745
290,5,1329745
290,161,1329745
290,5,1329745
290,5,1329745
290,6,1329745
290,5,1329745
290,5,1329745
290,161,1329745
290,162,1329745
291,91,1329745
291,5,1329745
291,5,1329745
291,6,1329745
292,5,1329747
292,5,1329747
293,29,1329758
293,4,1329758
293,29,1329758
293,4,1329758
293,29,1329758
293,29,1329758
293,29,1329758
294,29,1329758
294,29,1329758
294,29,1329758
294,29,1329758
294,4,1329758
294,4,1329758
294,29,1329758
295,12,1329761
296,27,1329761
296,27,1329761
296,27,1329761
296,27,1329761
296,4,1329761
296,4,1329761
296,27,1329761
297,31,1329761
297,4,1329761
297,4,1329761
297,31,1329761
297,31,1329761
297,31,1329761
297,31,1329761
298,21,1329761
298,21,1329761
298,21,1329761
298,21,1329761
298,4,1329761
298,4,1329761
298,21,1329761
299,23,1329767
299,23,1329767
300,11,1329767
301,31,1329767
301,31,1329767
302,23,1329767
302,23,1329767
303,5,1329820
304,4,1329821
305,4,1329821
305,4,1329821
306,12,1329821
306,19,1329821
306,3,1329821
306,1,1329821
306,1,1329821
306,0,1329821
306,3,1329821
306,0,1329821
306,16,1329821
306,0,1329821
306,0,1329821
306,0,1329821
306,0,1329821
307,2,1329821
307,2,1329821
307,24,1329821
307,20,1329821
307,31,1329821
307,28,1329821
307,27,1329821
307,26,1329821
307,25,1329821
307,4,1329821
307,8,1329821
308,11,1329821
308,23,1329821
308,22,1329821
309,0,1329821
309,0,1329821
309,0,1329821
309,0,1329821
309,0,1329821
309,5,1329821
309,57,1329821
309,57,1329821
309,57,1329821
309,57,1329821
309,57,1329821
309,57,1329821
309,57,1329821
309,57,1329821
309,57,1329821
309,0,1329821
309,57,1329821
309,40,1329821
309,0,1329821
309,0,1329821
309,0,1329821
309,0,1329821
309,0,1329821
309,0,1329821
309,5,1329821
309,40,1329821
309,40,1329821
309,40,1329821
309,40,1329821
309,40,1329821
309,40,1329821
309,40,1329821
309,40,1329821
309,40,1329821
310,57,1329821
310,57,1329821
310,57,1329821
310,40,1329821
310,40,1329821
310,40,1329821
311,22,1329821
312,12,1329821
312,2,1329821
312,2,1329821
313,0,1329821
313,0,1329821
313,0,1329821
313,0,1329821
313,0,1329821
313,0,1329821
314,1,1329823
314,2,1329823
315,3,1329823
316,1,1329823
316,2,1329823
317,3,1329823
318,2,1329823
318,1,1329823
319,3,1329823
320,1,1329823
320,2,1329823
321,3,1329823
322,5,1329823
322,6,1329823
322,5,1329823
322,5,1329823
322,6,1329823
322,5,1329823
322,5,1329823
322,5,1329823
322,6,1329823
323,5,1329823
323,5,1329823
324,163,1329823
324,5,1329823
324,5,1329823
325,5,1329823
325,5,1329823
325,6,1329823
325,164,1329823
325,5,1329823
325,5,1329823
325,163,1329823
325,5,1329823
325,5,1329823
325,6,1329823
325,164,1329823
325,164,1329823
325,5,1329823
325,5,1329823
325,163,1329823
325,5,1329823
325,5,1329823
325,6,1329823
325,6,1329823
326,0,1329825
326,0,1329825
326,0,1329825
326,0,1329825
326,0,1329825
326,0,1329825
327,1,1329825
327,2,1329825
327,3,1329825
328,5,1329826
328,5,1329826
329,4,1329851
329,4,1329851
329,11,1329851
329,4,1329851
329,10,1329851
329,4,1329851
329,4,1329851
329,4,1329851
329,9,1329851
329,13,1329851
329,8,1329851
329,4,1329851
329,7,1329851
329,2,1329851
329,4,1329851
329,4,1329851
329,4,1329851
329,3,1329851
329,4,1329851
329,4,1329851
329,14,1329851
329,15,1329851
329,1,1329851
329,4,1329851
329,16,1329851
329,4,1329851
329,17,1329851
329,4,1329851
329,18,1329851
329,4,1329851
329,19,1329851
329,20,1329851
329,12,1329851
329,21,1329851
329,4,1329851
329,22,1329851
329,4,1329851
329,23,1329851
329,4,1329851
329,24,1329851
329,4,1329851
329,25,1329851
329,26,1329851
329,4,1329851
329,27,1329851
329,4,1329851
329,28,1329851
329,4,1329851
329,29,1329851
329,4,1329851
329,30,1329851
329,4,1329851
329,4,1329851
329,31,1329851
329,4,1329851
329,32,1329851
329,4,1329851
329,4,1329851
329,33,1329851
329,4,1329851
329,35,1329851
329,4,1329851
329,36,1329851
329,4,1329851
329,34,1329851
330,138,1329851
330,77,1329851
330,137,1329851
330,139,1329851
330,138,1329851
330,140,1329851
330,77,1329851
330,54,1329851
330,110,1329851
330,98,1329851
330,110,1329851
330,96,1329851
330,77,1329851
330,77,1329851
330,5,1329851
330,141,1329851
330,77,1329851
330,132,1329851
330,77,1329851
330,6,1329851
330,145,1329851
330,5,1329851
330,143,1329851
330,132,1329851
330,41,1329851
330,132,1329851
330,142,1329851
330,133,1329851
330,132,1329851
330,77,1329851
330,134,1329851
330,144,1329851
330,135,1329851
330,77,1329851
330,136,1329851
330,132,1329851
330,5,1329851
330,41,1329851
330,5,1329851
330,51,1329851
330,43,1329851
330,42,1329851
330,43,1329851
330,5,1329851
330,5,1329851
330,40,1329851
330,43,1329851
330,41,1329851
330,39,1329851
330,37,1329851
330,38,1329851
330,37,1329851
330,44,1329851
330,46,1329851
330,5,1329851
330,41,1329851
330,55,1329851
330,52,1329851
330,66,1329851
330,56,1329851
330,5,1329851
330,5,1329851
330,57,1329851
330,43,1329851
330,43,1329851
330,64,1329851
330,64,1329851
330,58,1329851
330,60,1329851
330,61,1329851
330,62,1329851
330,63,1329851
330,64,1329851
330,64,1329851
330,65,1329851
330,59,1329851
330,155,1329851
330,131,1329851
330,154,1329851
330,99,1329851
330,126,1329851
330,99,1329851
330,127,1329851
330,99,1329851
330,122,1329851
330,99,1329851
330,106,1329851
330,99,1329851
330,100,1329851
330,101,1329851
330,102,1329851
330,101,1329851
330,103,1329851
330,101,1329851
330,125,1329851
330,99,1329851
330,124,1329851
330,99,1329851
330,5,1329851
330,115,1329851
330,116,1329851
330,117,1329851
330,116,1329851
330,5,1329851
330,118,1329851
330,104,1329851
330,119,1329851
330,121,1329851
330,5,1329851
330,5,1329851
330,128,1329851
330,101,1329851
330,101,1329851
330,123,1329851
330,120,1329851
330,5,1329851
330,5,1329851
330,5,1329851
330,147,1329851
330,5,1329851
330,148,1329851
330,5,1329851
330,149,1329851
330,5,1329851
330,150,1329851
330,5,1329851
330,5,1329851
330,5,1329851
330,97,1329851
330,5,1329851
330,152,1329851
330,153,1329851
330,5,1329851
330,105,1329851
330,151,1329851
330,146,1329851
330,5,1329851
330,130,1329851
330,5,1329851
330,107,1329851
330,108,1329851
330,5,1329851
330,109,1329851
330,5,1329851
330,111,1329851
330,5,1329851
330,5,1329851
330,5,1329851
330,113,1329851
330,5,1329851
330,114,1329851
330,5,1329851
330,129,1329851
330,112,1329851
330,5,1329851
331,71,1329851
331,67,1329851
331,70,1329851
331,67,1329851
331,67,1329851
331,68,1329851
331,67,1329851
331,82,1329851
331,83,1329851
331,67,1329851
331,95,1329851
331,67,1329851
331,5,1329851
331,67,1329851
331,72,1329851
331,67,1329851
331,73,1329851
331,67,1329851
331,80,1329851
331,67,1329851
331,74,1329851
331,67,1329851
331,75,1329851
331,76,1329851
331,67,1329851
331,78,1329851
331,67,1329851
331,79,1329851
331,67,1329851
331,5,1329851
331,67,1329851
331,94,1329851
331,69,1329851
331,0,1329851
331,5,1329851
331,41,1329851
331,47,1329851
331,45,1329851
331,48,1329851
331,45,1329851
331,49,1329851
331,45,1329851
331,50,1329851
331,45,1329851
331,53,1329851
331,45,1329851
331,45,1329851
331,5,1329851
331,84,1329851
331,81,1329851
331,85,1329851
331,5,1329851
331,93,1329851
331,5,1329851
331,92,1329851
331,85,1329851
331,91,1329851
331,90,1329851
331,5,1329851
331,5,1329851
331,87,1329851
331,88,1329851
331,87,1329851
331,86,1329851
331,89,1329851
332,101,1329852
332,121,1329852
332,128,1329852
332,128,1329852
332,101,1329852
332,128,1329852
332,128,1329852
332,5,1329852
332,121,1329852
332,128,1329852
332,119,1329852
332,119,1329852
332,116,1329852
332,117,1329852
332,117,1329852
332,116,1329852
332,115,1329852
332,115,1329852
332,120,1329852
333,99,1329852
333,126,1329852
333,126,1329852
333,99,1329852
333,125,1329852
333,125,1329852
333,124,1329852
333,124,1329852
333,99,1329852
333,123,1329852
333,123,1329852
333,99,1329852
334,108,1329852
334,108,1329852
334,5,1329852
334,107,1329852
334,107,1329852
334,104,1329852
334,105,1329852
334,105,1329852
334,5,1329852
334,104,1329852
334,5,1329852
334,5,1329852
334,109,1329852
334,5,1329852
334,5,1329852
334,111,1329852
334,111,1329852
334,5,1329852
334,112,1329852
334,112,1329852
334,5,1329852
334,113,1329852
334,113,1329852
334,114,1329852
334,114,1329852
334,5,1329852
334,101,1329852
334,109,1329852
334,103,1329852
334,127,1329852
334,101,1329852
334,103,1329852
334,127,1329852
334,122,1329852
334,122,1329852
334,99,1329852
334,106,1329852
334,106,1329852
334,99,1329852
334,100,1329852
334,100,1329852
334,100,1329852
334,101,1329852
334,100,1329852
334,99,1329852
334,101,1329852
334,100,1329852
334,102,1329852
334,102,1329852
334,102,1329852
334,101,1329852
334,102,1329852
334,102,1329852
334,101,1329852
334,103,1329852
334,103,1329852
334,103,1329852
334,100,1329852
335,154,1329852
335,5,1329852
335,153,1329852
335,5,1329852
335,5,1329852
335,152,1329852
335,152,1329852
335,154,1329852
335,153,1329852
335,5,1329852
335,145,1329852
335,155,1329852
335,5,1329852
335,145,1329852
335,145,1329852
335,132,1329852
335,145,1329852
335,145,1329852
335,132,1329852
335,145,1329852
335,97,1329852
335,155,1329852
335,5,1329852
335,97,1329852
335,151,1329852
335,151,1329852
335,129,1329852
335,129,1329852
335,5,1329852
335,130,1329852
335,130,1329852
335,5,1329852
335,146,1329852
335,5,1329852
335,147,1329852
335,146,1329852
335,5,1329852
335,5,1329852
335,150,1329852
335,147,1329852
335,5,1329852
335,149,1329852
335,150,1329852
335,5,1329852
335,148,1329852
335,148,1329852
335,149,1329852
336,131,1329852
336,132,1329852
336,131,1329852
336,131,1329852
336,132,1329852
336,131,1329852
336,131,1329852
336,143,1329852
336,132,1329852
336,143,1329852
336,132,1329852
336,143,1329852
336,143,1329852
336,143,1329852
336,143,1329852
337,132,1329852
337,133,1329852
337,133,1329852
337,133,1329852
338,27,1329852
338,4,1329852
338,27,1329852
338,28,1329852
338,28,1329852
338,4,1329852
338,30,1329852
338,29,1329852
338,4,1329852
338,30,1329852
338,4,1329852
338,26,1329852
338,29,1329852
338,26,1329852
338,4,1329852
338,25,1329852
338,133,1329852
338,133,1329852
338,132,1329852
338,22,1329852
338,4,1329852
338,23,1329852
338,22,1329852
338,4,1329852
338,4,1329852
338,24,1329852
338,24,1329852
338,4,1329852
338,25,1329852
338,23,1329852
339,10,1329852
339,12,1329852
339,12,1329852
339,4,1329852
339,11,1329852
339,11,1329852
339,4,1329852
339,10,1329852
339,4,1329852
339,9,1329852
339,2,1329852
339,4,1329852
339,2,1329852
339,2,1329852
339,2,1329852
339,4,1329852
339,4,1329852
339,9,1329852
339,4,1329852
339,2,1329852
339,13,1329852
339,3,1329852
339,4,1329852
339,138,1329852
339,139,1329852
339,139,1329852
339,138,1329852
339,137,1329852
339,137,1329852
339,77,1329852
339,142,1329852
339,142,1329852
339,4,1329852
339,3,1329852
339,3,1329852
339,4,1329852
339,3,1329852
339,9,1329852
339,3,1329852
339,4,1329852
339,19,1329852
339,19,1329852
339,13,1329852
339,9,1329852
339,33,1329852
339,4,1329852
339,4,1329852
339,32,1329852
339,32,1329852
339,4,1329852
339,32,1329852
339,32,1329852
339,32,1329852
339,33,1329852
339,134,1329852
339,9,1329852
339,34,1329852
339,34,1329852
339,4,1329852
339,35,1329852
339,35,1329852
339,4,1329852
339,36,1329852
339,36,1329852
339,4,1329852
339,134,1329852
339,4,1329852
339,135,1329852
339,144,1329852
339,8,1329852
339,4,1329852
339,7,1329852
339,7,1329852
339,4,1329852
339,20,1329852
339,20,1329852
339,4,1329852
339,21,1329852
339,8,1329852
339,4,1329852
339,31,1329852
339,31,1329852
339,77,1329852
339,136,1329852
339,136,1329852
339,77,1329852
339,135,1329852
339,21,1329852
340,55,1329852
340,56,1329852
340,5,1329852
340,55,1329852
340,55,1329852
340,5,1329852
340,55,1329852
340,56,1329852
340,55,1329852
340,56,1329852
340,57,1329852
340,56,1329852
340,56,1329852
340,5,1329852
340,57,1329852
340,43,1329852
340,63,1329852
340,63,1329852
340,64,1329852
340,5,1329852
340,5,1329852
340,54,1329852
340,6,1329852
340,6,1329852
340,140,1329852
340,77,1329852
340,141,1329852
340,141,1329852
340,110,1329852
340,98,1329852
340,98,1329852
340,110,1329852
340,96,1329852
340,140,1329852
340,77,1329852
340,96,1329852
340,54,1329852
340,54,1329852
340,5,1329852
340,54,1329852
340,54,1329852
340,54,1329852
340,5,1329852
341,45,1329852
341,45,1329852
341,53,1329852
341,53,1329852
341,45,1329852
341,50,1329852
341,50,1329852
341,45,1329852
341,48,1329852
341,49,1329852
341,45,1329852
341,48,1329852
341,5,1329852
341,47,1329852
341,47,1329852
341,81,1329852
341,49,1329852
341,81,1329852
341,89,1329852
341,84,1329852
341,47,1329852
341,91,1329852
341,91,1329852
341,5,1329852
341,91,1329852
341,91,1329852
341,91,1329852
341,90,1329852
341,89,1329852
341,87,1329852
341,88,1329852
341,88,1329852
341,87,1329852
341,86,1329852
341,86,1329852
341,85,1329852
341,84,1329852
341,45,1329852
341,47,1329852
341,45,1329852
341,41,1329852
341,40,1329852
341,42,1329852
341,42,1329852
341,43,1329852
341,42,1329852
341,42,1329852
341,42,1329852
341,43,1329852
341,51,1329852
341,51,1329852
341,43,1329852
341,52,1329852
341,52,1329852
341,64,1329852
341,66,1329852
341,66,1329852
341,47,1329852
341,40,1329852
341,41,1329852
341,43,1329852
341,39,1329852
341,46,1329852
341,39,1329852
341,46,1329852
341,46,1329852
341,46,1329852
341,46,1329852
341,41,1329852
341,44,1329852
341,44,1329852
341,41,1329852
341,38,1329852
341,38,1329852
341,37,1329852
341,38,1329852
341,38,1329852
341,38,1329852
341,37,1329852
341,37,1329852
342,67,1329852
342,80,1329852
342,80,1329852
342,67,1329852
342,73,1329852
342,73,1329852
342,67,1329852
342,72,1329852
342,72,1329852
342,71,1329852
342,70,1329852
342,67,1329852
342,74,1329852
342,67,1329852
342,74,1329852
342,78,1329852
342,75,1329852
342,67,1329852
342,79,1329852
342,79,1329852
342,67,1329852
342,79,1329852
342,79,1329852
342,79,1329852
342,67,1329852
342,78,1329852
342,70,1329852
342,67,1329852
342,76,1329852
342,76,1329852
342,67,1329852
342,75,1329852
342,67,1329852
342,67,1329852
342,71,1329852
342,69,1329852
342,92,1329852
342,69,1329852
342,92,1329852
342,5,1329852
342,92,1329852
342,92,1329852
342,5,1329852
342,93,1329852
342,93,1329852
342,93,1329852
342,5,1329852
342,93,1329852
342,93,1329852
342,5,1329852
342,0,1329852
342,92,1329852
342,5,1329852
342,0,1329852
342,67,1329852
342,68,1329852
342,68,1329852
342,82,1329852
342,82,1329852
342,67,1329852
342,67,1329852
342,83,1329852
342,94,1329852
342,94,1329852
342,5,1329852
342,83,1329852
342,95,1329852
342,67,1329852
342,95,1329852
343,4,1329852
343,18,1329852
343,16,1329852
343,4,1329852
343,17,1329852
343,17,1329852
343,4,1329852
343,16,1329852
343,18,1329852
343,4,1329852
343,1,1329852
343,1,1329852
343,14,1329852
343,14,1329852
343,1,1329852
343,1,1329852
343,1,1329852
343,4,1329852
343,15,1329852
344,4,1329858
344,4,1329858
344,4,1329858
344,13,1329858
344,4,1329858
344,13,1329858
344,13,1329858
344,13,1329858
345,13,1329858
345,4,1329858
346,5,1329902
347,4,1329902
348,4,1329902
348,4,1329902
349,12,1329902
349,19,1329902
349,3,1329902
349,3,1329902
349,1,1329902
349,1,1329902
349,0,1329902
349,0,1329902
349,0,1329902
349,0,1329902
349,0,1329902
349,0,1329902
349,16,1329902
350,26,1329902
350,27,1329902
350,28,1329902
350,4,1329902
350,25,1329902
350,20,1329902
350,8,1329902
350,2,1329902
350,2,1329902
350,31,1329902
351,24,1329902
351,23,1329902
351,11,1329902
351,22,1329902
352,40,1329902
352,40,1329902
352,40,1329902
352,40,1329902
352,40,1329902
352,5,1329902
352,0,1329902
352,0,1329902
352,0,1329902
352,0,1329902
352,0,1329902
352,0,1329902
353,57,1329902
353,57,1329902
353,57,1329902
353,57,1329902
353,57,1329902
353,57,1329902
353,57,1329902
353,57,1329902
353,57,1329902
353,57,1329902
353,5,1329902
353,40,1329902
353,0,1329902
353,0,1329902
353,0,1329902
353,0,1329902
353,0,1329902
353,40,1329902
353,40,1329902
353,40,1329902
353,40,1329902
353,0,1329902
354,57,1329902
354,57,1329902
354,57,1329902
354,40,1329902
354,40,1329902
354,40,1329902
355,22,1329902
356,2,1329902
356,2,1329902
356,12,1329902
357,0,1329902
357,0,1329902
357,0,1329902
357,0,1329902
357,0,1329902
357,0,1329902
358,0,1329902
358,0,1329902
358,0,1329902
358,0,1329902
358,0,1329902
358,0,1329902
358,0,1329902
358,0,1329902
358,0,1329902
358,0,1329902
358,0,1329902
358,0,1329902
359,0,1329902
359,0,1329902
359,0,1329902
359,0,1329902
359,0,1329902
359,0,1329902
359,0,1329902
359,0,1329902
359,0,1329902
359,0,1329902
359,0,1329902
359,0,1329902
359,0,1329902
359,0,1329902
359,0,1329902
359,0,1329902
359,0,1329902
359,0,1329902
359,0,1329902
359,0,1329902
359,0,1329902
359,0,1329902
359,0,1329902
359,0,1329902
359,0,1329902
359,0,1329902
359,0,1329902
359,0,1329902
359,0,1329902
359,0,1329902
359,0,1329902
359,0,1329902
359,0,1329902
359,0,1329902
359,0,1329902
359,0,1329902
359,0,1329902
359,0,1329902
359,0,1329902
359,0,1329902
359,0,1329902
359,0,1329902
359,0,1329902
359,0,1329902
359,0,1329902
359,0,1329902
359,0,1329902
359,0,1329902
360,57,1329902
360,57,1329902
360,57,1329902
360,57,1329902
360,57,1329902
360,0,1329902
360,0,1329902
360,0,1329902
360,0,1329902
360,57,1329902
360,5,1329902
360,57,1329902
360,57,1329902
360,57,1329902
360,57,1329902
360,22,1329902
360,4,1329902
360,11,1329902
360,4,1329902
360,40,1329902
360,40,1329902
360,40,1329902
360,57,1329902
360,57,1329902
360,0,1329902
360,57,1329902
360,0,1329902
360,40,1329902
360,40,1329902
360,40,1329902
360,11,1329902
360,12,1329902
360,2,1329902
360,2,1329902
360,0,1329902
360,0,1329902
360,0,1329902
360,0,1329902
360,0,1329902
360,0,1329902
360,5,1329902
360,40,1329902
360,4,1329902
360,40,1329902
360,40,1329902
360,40,1329902
360,40,1329902
360,40,1329902
360,0,1329902
360,0,1329902
360,0,1329902
360,0,1329902
360,0,1329902
360,0,1329902
360,40,1329902
361,57,1329903
361,57,1329903
361,0,1329903
361,0,1329903
361,5,1329903
361,0,1329903
361,0,1329903
361,0,1329903
361,57,1329903
361,5,1329903
361,0,1329903
361,57,1329903
361,40,1329903
361,57,1329903
361,40,1329903
361,40,1329903
361,40,1329903
361,40,1329903
361,84,1329903
361,84,1329903
361,84,1329903
361,84,1329903
361,84,1329903
361,0,1329903
361,84,1329903
361,57,1329903
361,0,1329903
361,40,1329903
361,0,1329903
361,0,1329903
361,0,1329903
361,0,1329903
361,0,1329903
361,0,1329903
361,0,1329903
361,5,1329903
361,57,1329903
361,57,1329903
361,57,1329903
361,57,1329903
361,57,1329903
361,57,1329903
361,0,1329903
361,40,1329903
361,0,1329903
361,57,1329903
361,84,1329903
361,84,1329903
361,84,1329903
361,0,1329903
361,40,1329903
361,40,1329903
361,40,1329903
361,40,1329903
361,40,1329903
361,40,1329903
362,101,1329903
362,99,1329903
362,101,1329903
363,0,1329903
363,0,1329903
363,0,1329903
363,0,1329903
363,0,1329903
363,0,1329903
363,0,1329903
363,0,1329903
363,0,1329903
363,0,1329903
363,0,1329903
363,0,1329903
363,0,1329903
363,0,1329903
363,0,1329903
363,0,1329903
363,0,1329903
363,0,1329903
363,0,1329903
363,0,1329903
363,0,1329903
363,0,1329903
363,0,1329903
363,0,1329903
363,0,1329903
363,0,1329903
363,0,1329903
363,0,1329903
363,0,1329903
363,0,1329903
363,0,1329903
363,0,1329903
363,0,1329903
363,0,1329903
363,0,1329903
363,0,1329903
364,0,1329903
364,0,1329903
364,0,1329903
364,0,1329903
364,0,1329903
364,0,1329903
365,0,1329903
365,0,1329903
365,0,1329903
365,0,1329903
365,0,1329903
365,0,1329903
365,0,1329903
365,0,1329903
365,0,1329903
365,0,1329903
365,0,1329903
365,0,1329903
366,0,1329903
366,0,1329903
366,0,1329903
366,0,1329903
366,0,1329903
366,0,1329903
366,0,1329903
366,0,1329903
366,0,1329903
366,0,1329903
366,0,1329903
366,0,1329903
367,0,1329903
367,0,1329903
367,0,1329903
367,0,1329903
367,0,1329903
367,0,1329903
367,0,1329903
367,0,1329903
367,0,1329903
367,0,1329903
367,0,1329903
367,0,1329903
368,0,1329903
368,0,1329903
368,0,1329903
368,0,1329903
368,0,1329903
368,0,1329903
369,4,1329903
370,0,1329903
370,0,1329903
370,0,1329903
370,0,1329903
370,0,1329903
370,0,1329903
371,1,1329909
371,2,1329909
371,3,1329909
372,1,1329909
372,2,1329909
373,3,1329909
374,3,1329909
374,1,1329909
374,2,1329909
375,1,1329909
375,2,1329909
375,3,1329909
376,0,1329911
376,0,1329911
376,0,1329911
376,0,1329911
376,0,1329911
376,0,1329911
377,1,1329911
377,2,1329911
377,3,1329911
378,23,1329911
378,23,1329911
378,4,1329911
378,23,1329911
378,4,1329911
378,23,1329911
378,4,1329911
378,4,1329911
379,4,1329911
379,23,1329911
380,34,1329916
380,34,1329916
381,23,1329916
381,4,1329916
381,23,1329916
381,23,1329916
382,23,1329916
382,4,1329916
383,4,1329916
383,23,1329916
384,4,1329918
385,4,1329929
385,4,1329929
385,23,1329929
385,23,1329929
385,23,1329929
385,4,1329929
385,23,1329929
385,23,1329929
386,27,1329933
386,27,1329933
387,4,1329933
388,4,1329934
388,4,1329934
388,4,1329934
388,4,1329934
388,4,1329934
389,156,1329934
390,4,1329934
391,23,1329934
391,23,1329934
392,23,1329934
392,23,1329934
392,4,1329934
392,4,1329934
392,23,1329934
392,4,1329934
392,23,1329934
392,4,1329934
392,4,1329934
392,23,1329934
393,27,1329936
393,27,1329936
394,23,1329936
394,23,1329936
395,29,1329936
395,29,1329936
396,4,1329936
396,23,1329936
396,23,1329936
396,4,1329936
396,4,1329936
396,23,1329936
396,23,1329936
396,23,1329936
397,26,1329936
397,26,1329936
398,29,1329936
398,29,1329936
399,29,1329936
399,29,1329936
399,29,1329936
399,29,1329936
399,4,1329936
399,4,1329936
399,29,1329936
400,29,1329938
400,29,1329938
400,29,1329938
401,29,1329938
401,4,1329938
402,4,1329938
402,29,1329938
403,4,1329941
403,23,1329941
403,4,1329941
403,23,1329941
403,23,1329941
403,4,1329941
403,23,1329941
403,23,1329941
404,4,1329941
404,23,1329941
404,4,1329941
404,23,1329941
404,23,1329941
404,23,1329941
404,4,1329941
404,23,1329941
405,4,1329941
405,29,1329941
405,4,1329941
405,29,1329941
405,29,1329941
405,29,1329941
405,29,1329941
406,29,1329941
406,4,1329941
406,4,1329941
406,29,1329941
406,29,1329941
406,29,1329941
406,29,1329941
407,20,1329942
407,20,1329942
408,4,1329942
409,5,1329997
410,4,1329997
411,3,1329997
411,1,1329997
411,1,1329997
411,0,1329997
411,0,1329997
411,0,1329997
411,0,1329997
411,0,1329997
411,16,1329997
411,4,1329997
411,4,1329997
411,0,1329997
412,2,1329997
412,8,1329997
412,2,1329997
412,19,1329997
412,3,1329997
412,12,1329997
413,24,1329997
413,20,1329997
413,31,1329997
413,28,1329997
413,27,1329997
413,26,1329997
413,25,1329997
413,4,1329997
413,11,1329997
413,23,1329997
413,22,1329997
414,40,1329997
414,40,1329997
414,40,1329997
414,40,1329997
414,40,1329997
414,5,1329997
414,0,1329997
414,0,1329997
414,0,1329997
414,0,1329997
414,0,1329997
414,0,1329997
415,57,1329997
415,57,1329997
415,57,1329997
415,57,1329997
415,57,1329997
415,57,1329997
415,57,1329997
415,57,1329997
415,57,1329997
415,57,1329997
415,5,1329997
415,0,1329997
415,40,1329997
415,0,1329997
415,40,1329997
415,40,1329997
415,40,1329997
415,0,1329997
415,0,1329997
415,0,1329997
415,0,1329997
415,40,1329997
416,57,1329997
416,40,1329997
416,40,1329997
416,40,1329997
416,57,1329997
416,57,1329997
417,4,1329997
418,22,1329997
419,2,1329997
419,2,1329997
419,12,1329997
420,0,1329997
420,0,1329997
420,0,1329997
420,0,1329997
420,0,1329997
420,0,1329997
421,0,1329999
421,0,1329999
421,0,1329999
421,0,1329999
421,0,1329999
421,0,1329999
422,3,1329999
422,1,1329999
422,2,1329999
423,2,1329999
423,1,1329999
424,3,1329999
425,1,1329999
425,2,1329999
426,3,1329999
427,1,1329999
427,2,1329999
427,3,1329999
428,2,1330001
428,1,1330001
429,3,1330001
430,4,1330028
431,5,1330077
432,4,1330077
433,0,1330077
433,1,1330077
433,0,1330077
433,0,1330077
433,0,1330077
433,0,1330077
433,16,1330077
433,4,1330077
433,4,1330077
433,0,1330077
434,4,1330077
434,24,1330077
434,25,1330077
434,26,1330077
434,27,1330077
434,31,1330077
434,20,1330077
434,28,1330077
434,2,1330077
434,2,1330077
434,12,1330077
434,19,1330077
434,3,1330077
434,3,1330077
434,1,1330077
434,8,1330077
435,22,1330077
435,23,1330077
435,11,1330077
436,57,1330077
436,0,1330077
436,0,1330077
436,0,1330077
436,5,1330077
436,57,1330077
436,57,1330077
436,0,1330077
436,57,1330077
436,57,1330077
436,57,1330077
436,57,1330077
436,57,1330077
436,57,1330077
436,57,1330077
436,0,1330077
436,0,1330077
436,40,1330077
436,0,1330077
436,0,1330077
436,0,1330077
436,0,1330077
436,0,1330077
436,5,1330077
436,40,1330077
436,40,1330077
436,40,1330077
436,40,1330077
436,40,1330077
436,40,1330077
436,40,1330077
436,40,1330077
436,40,1330077
436,0,1330077
437,57,1330077
437,40,1330077
437,40,1330077
437,40,1330077
438,57,1330077
438,57,1330077
439,22,1330077
440,2,1330077
440,2,1330077
440,12,1330077
441,0,1330077
441,0,1330077
441,0,1330077
441,0,1330077
441,0,1330077
441,0,1330077
442,41,1330083
443,41,1330083
444,41,1330084
445,41,1330084
446,0,1330084
446,0,1330084
446,0,1330084
446,0,1330084
446,0,1330084
446,0,1330084
447,0,1330084
447,0,1330084
447,0,1330084
447,0,1330084
447,0,1330084
447,0,1330084
448,41,1330084
449,41,1330084
450,41,1330084
451,0,1330086
451,0,1330086
451,0,1330086
451,0,1330086
451,0,1330086
451,0,1330086
452,3,1330086
452,2,1330086
452,1,1330086
453,1,1330086
453,2,1330086
454,3,1330086
455,1,1330086
455,2,1330086
456,3,1330086
457,1,1330086
457,2,1330086
458,3,1330086
459,1,1330087
459,2,1330087
459,3,1330087
460,5,1330089
461,5,1330089
461,5,1330089
461,6,1330089
461,5,1330089
461,6,1330089
461,5,1330089
461,5,1330089
461,6,1330089
462,5,1330089
462,5,1330089
463,165,1330089
463,5,1330089
463,5,1330089
464,165,1330089
464,5,1330089
464,5,1330089
464,5,1330089
464,6,1330089
464,5,1330089
464,5,1330089
464,166,1330089
464,6,1330089
464,5,1330089
464,166,1330089
464,5,1330089
464,5,1330089
464,165,1330089
464,5,1330089
464,5,1330089
464,6,1330089
464,6,1330089
464,166,1330089
465,5,1330089
465,5,1330089
466,11,1330105
467,11,1330105
468,4,1330105
468,11,1330105
468,11,1330105
468,4,1330105
468,4,1330105
468,11,1330105
469,27,1330105
469,27,1330105
470,29,1330105
470,29,1330105
470,29,1330105
470,29,1330105
470,4,1330105
470,23,1330105
470,4,1330105
470,29,1330105
471,27,1330106
471,4,1330106
471,4,1330106
471,27,1330106
471,27,1330106
471,27,1330106
471,27,1330106
472,4,1330106
472,31,1330106
472,4,1330106
472,31,1330106
472,31,1330106
472,31,1330106
472,31,1330106
473,21,1330106
473,21,1330106
473,21,1330106
473,21,1330106
473,4,1330106
473,4,1330106
473,21,1330106
474,35,1330106
474,35,1330106
475,29,1330106
475,29,1330106
476,4,1330106
476,23,1330106
476,23,1330106
476,4,1330106
476,23,1330106
476,4,1330106
476,23,1330106
476,23,1330106
476,4,1330106
476,4,1330106
477,23,1330106
477,4,1330106
477,23,1330106
477,23,1330106
477,23,1330106
477,4,1330106
477,4,1330106
477,23,1330106
478,29,1330106
478,4,1330106
478,23,1330106
478,4,1330106
478,29,1330106
478,29,1330106
478,29,1330106
478,29,1330106
479,35,1330106
479,35,1330106
480,7,1330106
480,7,1330106
481,29,1330106
481,29,1330106
482,26,1330106
482,26,1330106
483,23,1330106
483,23,1330106
484,4,1330106
484,23,1330106
484,4,1330106
484,23,1330106
484,23,1330106
484,23,1330106
484,4,1330106
484,23,1330106
485,11,1330107
485,4,1330107
485,11,1330107
485,11,1330107
485,11,1330107
486,4,1330107
486,29,1330107
486,29,1330107
486,29,1330107
486,29,1330107
486,4,1330107
486,29,1330107
486,29,1330107
487,11,1330107
488,11,1330107
488,4,1330107
488,11,1330107
488,11,1330107
489,16,1330112
490,16,1330112
491,16,1330112
492,16,1330113
493,16,1330113
494,16,1330113
495,16,1330114
496,16,1330114
497,22,1330117
498,5,1330164
499,4,1330164
500,4,1330164
501,1,1330164
501,0,1330164
501,1,1330164
501,0,1330164
501,0,1330164
501,0,1330164
501,0,1330164
501,0,1330164
501,16,1330164
501,4,1330164
502,25,1330164
502,26,1330164
502,27,1330164
502,28,1330164
502,31,1330164
502,20,1330164
502,2,1330164
502,2,1330164
502,12,1330164
502,19,1330164
502,3,1330164
502,3,1330164
502,8,1330164
503,4,1330164
503,22,1330164
503,11,1330164
503,24,1330164
503,23,1330164
504,40,1330164
504,40,1330164
504,40,1330164
504,40,1330164
504,5,1330164
504,40,1330164
504,0,1330164
504,0,1330164
504,0,1330164
504,0,1330164
504,0,1330164
504,0,1330164
505,57,1330164
505,57,1330164
505,57,1330164
505,57,1330164
505,57,1330164
505,57,1330164
505,57,1330164
505,57,1330164
505,57,1330164
505,57,1330164
505,5,1330164
505,40,1330164
505,0,1330164
505,0,1330164
505,0,1330164
505,0,1330164
505,0,1330164
505,40,1330164
505,40,1330164
505,40,1330164
505,40,1330164
505,0,1330164
506,4,1330164
507,22,1330164
507,0,1330164
507,0,1330164
507,0,1330164
507,0,1330164
507,0,1330164
507,0,1330164
508,22,1330164
509,25,1330164
509,25,1330164
509,36,1330164
509,36,1330164
510,18,1330164
510,11,1330164
510,12,1330164
510,12,1330164
510,19,1330164
510,19,1330164
510,18,1330164
511,22,1330164
512,12,1330164
512,2,1330164
512,2,1330164
513,0,1330172
513,0,1330172
513,0,1330172
513,0,1330172
513,0,1330172
513,0,1330172
514,2,1330172
514,3,1330172
514,1,1330172
515,1,1330172
515,2,1330172
516,3,1330172
517,1,1330172
517,2,1330172
518,3,1330172
519,3,1330172
519,1,1330172
519,2,1330172
520,3,1330174
520,2,1330174
520,1,1330174
521,4,1330179
521,4,1330179
521,13,1330179
521,4,1330179
521,13,1330179
521,13,1330179
522,13,1330179
522,4,1330179
522,29,1330179
522,4,1330179
522,13,1330179
523,3,1330182
523,3,1330182
523,3,1330182
523,3,1330182
524,13,1330182
524,4,1330182
525,13,1330182
525,4,1330182
525,4,1330182
525,13,1330182
525,13,1330182
525,13,1330182
526,23,1330182
526,4,1330182
526,4,1330182
526,23,1330182
526,23,1330182
526,23,1330182
526,4,1330182
526,23,1330182
526,4,1330182
526,4,1330182
526,23,1330182
526,23,1330182
527,4,1330182
527,4,1330182
527,23,1330182
527,23,1330182
527,23,1330182
527,4,1330182
527,23,1330182
527,23,1330182
528,5,1330184
528,6,1330184
528,5,1330184
528,5,1330184
528,6,1330184
528,5,1330184
529,5,1330184
529,6,1330184
529,5,1330184
529,5,1330184
529,5,1330184
530,5,1330184
530,5,1330184
530,5,1330184
530,5,1330184
530,5,1330184
530,6,1330184
530,167,1330184
530,5,1330184
530,5,1330184
530,168,1330184
530,5,1330184
530,6,1330184
530,168,1330184
530,167,1330184
530,5,1330184
530,5,1330184
530,167,1330184
530,5,1330184
530,5,1330184
530,6,1330184
530,6,1330184
530,5,1330184
530,5,1330184
530,168,1330184
531,23,1330189
531,4,1330189
531,4,1330189
531,23,1330189
531,23,1330189
531,23,1330189
531,4,1330189
531,23,1330189
532,23,1330190
532,13,1330190
532,4,1330190
532,4,1330190
532,13,1330190
532,13,1330190
532,13,1330190
532,4,1330190
532,13,1330190
533,13,1330190
533,13,1330190
534,5,1330335
535,4,1330335
536,4,1330335
536,4,1330335
537,19,1330335
537,3,1330335
537,3,1330335
537,1,1330335
537,1,1330335
537,0,1330335
537,0,1330335
537,0,1330335
537,16,1330335
537,0,1330335
537,0,1330335
537,0,1330335
538,12,1330335
538,2,1330335
538,2,1330335
538,8,1330335
538,22,1330335
538,31,1330335
538,28,1330335
538,27,1330335
538,26,1330335
538,25,1330335
538,24,1330335
538,23,1330335
538,20,1330335
539,11,1330335
539,4,1330335
540,57,1330335
540,0,1330335
540,0,1330335
540,0,1330335
540,0,1330335
540,5,1330335
540,57,1330335
540,0,1330335
540,57,1330335
540,57,1330335
540,57,1330335
540,57,1330335
540,57,1330335
540,57,1330335
540,57,1330335
540,57,1330335
540,0,1330335
540,0,1330335
540,40,1330335
540,0,1330335
540,0,1330335
540,0,1330335
540,0,1330335
540,40,1330335
540,0,1330335
540,40,1330335
540,5,1330335
540,40,1330335
540,40,1330335
540,40,1330335
540,40,1330335
540,40,1330335
540,40,1330335
540,40,1330335
541,4,1330335
542,57,1330335
542,57,1330335
542,57,1330335
542,40,1330335
542,40,1330335
542,40,1330335
543,22,1330335
544,2,1330335
544,2,1330335
544,12,1330335
545,1,1330336
545,2,1330336
546,3,1330336
547,0,1330337
547,0,1330337
547,0,1330337
547,0,1330337
547,0,1330337
547,0,1330337
548,3,1330337
548,2,1330337
548,1,1330337
549,1,1330337
549,2,1330337
550,3,1330337
551,1,1330337
551,2,1330337
551,3,1330337
552,2,1330337
552,1,1330337
553,3,1330337
554,0,1330337
554,5,1330337
554,5,1330337
555,1,1330338
555,2,1330338
555,3,1330338
556,6,1330340
556,5,1330340
556,5,1330340
556,6,1330340
556,5,1330340
557,5,1330340
557,5,1330340
557,5,1330340
557,6,1330340
557,5,1330340
557,5,1330340
558,5,1330341
558,5,1330341
558,169,1330341
558,5,1330341
558,6,1330341
558,5,1330341
558,170,1330341
558,6,1330341
558,5,1330341
558,5,1330341
558,170,1330341
558,5,1330341
558,5,1330341
558,169,1330341
558,5,1330341
558,5,1330341
558,6,1330341
558,170,1330341
558,5,1330341
558,169,1330341
558,5,1330341
558,6,1330341
559,5,1330341
559,5,1330341
560,5,1330424
561,4,1330424
562,4,1330424
562,4,1330424
563,0,1330424
563,1,1330424
563,1,1330424
563,0,1330424
563,0,1330424
563,0,1330424
563,0,1330424
563,16,1330424
563,0,1330424
564,3,1330424
564,3,1330424
564,19,1330424
564,12,1330424
565,2,1330424
565,2,1330424
566,27,1330424
566,26,1330424
566,25,1330424
566,0,1330424
566,22,1330424
566,23,1330424
566,24,1330424
566,0,1330424
566,20,1330424
566,0,1330424
566,0,1330424
566,0,1330424
566,28,1330424
566,31,1330424
566,8,1330424
566,0,1330424
567,4,1330424
567,11,1330424
568,0,1330424
568,0,1330424
568,0,1330424
568,0,1330424
568,5,1330424
568,57,1330424
568,57,1330424
568,57,1330424
568,57,1330424
568,57,1330424
568,57,1330424
568,57,1330424
568,57,1330424
568,0,1330424
568,57,1330424
568,0,1330424
568,57,1330424
568,40,1330424
568,0,1330424
568,0,1330424
568,0,1330424
568,0,1330424
568,0,1330424
568,0,1330424
568,5,1330424
568,40,1330424
568,40,1330424
568,40,1330424
568,40,1330424
568,40,1330424
568,40,1330424
568,40,1330424
568,40,1330424
568,40,1330424
569,40,1330424
569,40,1330424
569,40,1330424
569,57,1330424
569,57,1330424
569,57,1330424
570,22,1330424
571,2,1330424
571,2,1330424
571,12,1330424
572,4,1330427
573,23,1330428
573,4,1330428
573,4,1330428
573,23,1330428
573,23,1330428
573,4,1330428
573,4,1330428
573,23,1330428
573,4,1330428
573,23,1330428
574,18,1330428
575,0,1330429
575,5,1330429
575,5,1330429
576,23,1330430
576,4,1330430
576,23,1330430
576,23,1330430
576,4,1330430
577,23,1330430
577,4,1330430
577,4,1330430
577,23,1330430
577,23,1330430
578,2,1330431
578,2,1330431
578,2,1330431
578,2,1330431
579,36,1330431
580,24,1330431
580,24,1330431
581,8,1330431
581,8,1330431
582,9,1330431
582,9,1330431
583,15,1330431
583,15,1330431
584,25,1330431
585,20,1330431
585,20,1330431
586,24,1330431
586,24,1330431
587,10,1330431
587,10,1330431
588,0,1330431
588,0,1330431
588,0,1330431
588,0,1330431
588,0,1330431
588,0,1330431
589,0,1330431
589,0,1330431
589,0,1330431
589,0,1330431
589,0,1330431
589,0,1330431
589,0,1330431
589,0,1330431
589,0,1330431
589,0,1330431
589,0,1330431
589,0,1330431
590,0,1330431
590,0,1330431
590,0,1330431
590,0,1330431
590,0,1330431
590,0,1330431
590,0,1330431
590,0,1330431
590,0,1330431
590,0,1330431
590,0,1330431
590,0,1330431
591,0,1330431
591,0,1330431
591,0,1330431
591,0,1330431
591,0,1330431
591,0,1330431
592,0,1330431
592,0,1330431
592,0,1330431
592,0,1330431
592,0,1330431
592,0,1330431
593,4,1330431
593,12,1330431
593,2,1330431
593,2,1330431
593,22,1330431
593,11,1330431
594,57,1330431
594,57,1330431
594,57,1330431
594,40,1330431
594,40,1330431
594,4,1330431
594,40,1330431
595,23,1330431
595,23,1330431
596,11,1330431
597,11,1330431
598,4,1330431
598,4,1330431
598,11,1330431
598,4,1330431
598,11,1330431
598,11,1330431
599,6,1330436
599,5,1330436
599,5,1330436
599,6,1330436
599,5,1330436
599,5,1330436
600,5,1330436
600,5,1330436
600,6,1330436
600,5,1330436
600,5,1330436
601,0,1330436
601,0,1330436
601,0,1330436
601,0,1330436
601,0,1330436
601,0,1330436
602,4,1330436
603,5,1330436
603,5,1330436
603,0,1330436
603,85,1330436
603,85,1330436
603,84,1330436
603,41,1330436
603,40,1330436
603,43,1330436
603,43,1330436
603,57,1330436
603,5,1330436
603,41,1330436
604,104,1330436
604,5,1330436
604,5,1330436
604,5,1330436
604,5,1330436
604,107,1330436
604,5,1330436
604,116,1330436
604,5,1330436
604,5,1330436
604,5,1330436
604,118,1330436
604,105,1330436
604,132,1330436
604,101,1330436
604,5,1330436
604,5,1330436
604,90,1330436
604,5,1330436
604,151,1330436
604,67,1330436
604,43,1330436
604,85,1330436
604,156,1330436
604,41,1330436
605,41,1330436
605,41,1330436
605,41,1330436
605,41,1330436
605,40,1330436
605,41,1330436
605,41,1330436
605,46,1330436
605,37,1330436
605,45,1330436
605,37,1330436
605,37,1330436
605,44,1330436
605,45,1330436
605,45,1330436
605,45,1330436
605,156,1330436
605,77,1330436
605,37,1330436
605,77,1330436
605,99,1330436
605,77,1330436
605,77,1330436
605,108,1330436
605,5,1330436
605,5,1330436
605,109,1330436
605,5,1330436
605,116,1330436
605,118,1330436
605,120,1330436
605,5,1330436
605,120,1330436
605,120,1330436
605,101,1330436
605,99,1330436
605,99,1330436
605,99,1330436
605,120,1330436
605,132,1330436
606,138,1330436
606,144,1330436
606,77,1330436
606,132,1330436
606,67,1330436
606,67,1330436
606,67,1330436
606,110,1330436
606,90,1330436
606,5,1330436
606,153,1330436
606,132,1330436
606,97,1330436
606,5,1330436
606,5,1330436
606,152,1330436
606,5,1330436
606,5,1330436
606,5,1330436
606,79,1330436
606,5,1330436
606,51,1330436
606,43,1330436
606,43,1330436
606,84,1330436
606,85,1330436
606,85,1330436
606,43,1330436
606,87,1330436
606,87,1330436
606,87,1330436
606,87,1330436
606,42,1330436
606,43,1330436
606,85,1330436
606,57,1330436
606,43,1330436
606,43,1330436
606,43,1330436
606,64,1330436
606,64,1330436
606,64,1330436
606,64,1330436
606,52,1330436
606,43,1330436
607,5,1330436
607,5,1330436
607,6,1330436
607,5,1330436
607,5,1330436
607,155,1330436
607,5,1330436
607,154,1330436
607,5,1330436
608,55,1330436
608,5,1330436
608,5,1330436
608,92,1330436
608,5,1330436
608,92,1330436
608,5,1330436
608,5,1330436
609,55,1330436
610,56,1330436
611,5,1330436
611,5,1330436
611,129,1330436
611,5,1330436
611,114,1330436
611,5,1330436
611,5,1330436
611,5,1330436
611,5,1330436
611,5,1330436
611,112,1330436
611,5,1330436
611,5,1330436
611,111,1330436
611,113,1330436
612,5,1330436
612,149,1330436
612,5,1330436
612,5,1330436
612,6,1330436
612,5,1330436
612,5,1330436
612,5,1330436
612,5,1330436
612,150,1330436
612,148,1330436
612,5,1330436
612,5,1330436
612,130,1330436
612,5,1330436
612,5,1330436
612,146,1330436
612,5,1330436
612,5,1330436
612,147,1330436
612,5,1330436
612,5,1330436
612,94,1330436
612,5,1330436
613,56,1330436
614,85,1330436
614,85,1330436
614,84,1330436
614,41,1330436
614,41,1330436
614,40,1330436
614,43,1330436
614,43,1330436
614,57,1330436
615,5,1330436
616,5,1330436
617,85,1330436
617,85,1330436
617,41,1330436
617,41,1330436
617,84,1330436
617,43,1330436
617,43,1330436
617,40,1330436
617,57,1330436
617,5,1330436
618,1,1330437
618,2,1330437
619,3,1330437
620,1,1330437
620,2,1330437
621,3,1330437
622,1,1330437
622,2,1330437
623,3,1330437
624,1,1330437
624,2,1330437
625,3,1330437
626,5,1330437
626,5,1330437
626,6,1330437
626,171,1330437
626,5,1330437
626,5,1330437
626,172,1330437
626,5,1330437
626,5,1330437
626,6,1330437
626,171,1330437
626,171,1330437
626,172,1330437
626,5,1330437
626,172,1330437
626,5,1330437
626,5,1330437
626,6,1330437
626,5,1330437
626,5,1330437
626,6,1330437
626,5,1330437
626,5,1330437
626,5,1330437
627,5,1330437
627,5,1330437
628,2,1330438
628,3,1330438
628,1,1330438
629,37,1330450
629,41,1330450
629,41,1330450
629,41,1330450
629,41,1330450
629,46,1330450
629,77,1330450
629,99,1330450
629,77,1330450
629,77,1330450
629,132,1330450
629,99,1330450
629,99,1330450
629,99,1330450
629,37,1330450
629,77,1330450
629,37,1330450
629,85,1330450
629,44,1330450
629,43,1330450
629,43,1330450
629,43,1330450
629,43,1330450
629,42,1330450
629,87,1330450
629,87,1330450
629,87,1330450
629,87,1330450
629,64,1330450
629,156,1330450
629,45,1330450
629,45,1330450
629,45,1330450
629,45,1330450
629,37,1330450
629,101,1330450
629,0,1330450
629,120,1330450
629,5,1330450
629,91,1330450
629,5,1330450
629,5,1330450
629,5,1330450
629,120,1330450
629,5,1330450
629,85,1330450
629,41,1330450
629,40,1330450
629,43,1330450
629,43,1330450
629,57,1330450
629,5,1330450
629,84,1330450
629,90,1330450
629,85,1330450
629,43,1330450
629,67,1330450
629,120,1330450
629,118,1330450
629,116,1330450
629,67,1330450
629,116,1330450
629,118,1330450
629,120,1330450
629,132,1330450
629,101,1330450
629,85,1330450
629,79,1330450
629,67,1330450
629,41,1330450
629,156,1330450
629,41,1330450
629,67,1330450
630,5,1330450
630,5,1330450
630,6,1330450
630,90,1330450
630,43,1330450
630,51,1330450
630,64,1330450
630,64,1330450
630,64,1330450
630,43,1330450
630,52,1330450
631,144,1330450
631,132,1330450
631,5,1330450
631,110,1330450
631,138,1330450
631,132,1330450
631,101,1330450
631,5,1330450
631,99,1330450
631,101,1330450
631,77,1330450
632,5,1330450
633,85,1330450
633,85,1330450
633,84,1330450
633,87,1330450
633,85,1330450
634,43,1330450
634,43,1330450
634,57,1330450
634,65,1330450
634,173,1330450
634,62,1330450
634,174,1330450
634,60,1330450
634,59,1330450
634,58,1330450
634,64,1330450
634,43,1330450
634,61,1330450
635,5,1330450
635,5,1330450
635,6,1330450
635,5,1330450
635,5,1330450
635,91,1330450
635,55,1330450
635,5,1330450
635,5,1330450
635,92,1330450
635,5,1330450
635,5,1330450
635,92,1330450
635,55,1330450
636,93,1330450
636,93,1330450
636,93,1330450
636,93,1330450
636,5,1330450
636,5,1330450
636,0,1330450
637,43,1330450
637,43,1330450
637,57,1330450
637,65,1330450
637,173,1330450
637,62,1330450
637,174,1330450
637,60,1330450
637,59,1330450
637,58,1330450
637,64,1330450
637,43,1330450
637,61,1330450
638,41,1330450
638,37,1330450
638,45,1330450
638,40,1330450
638,41,1330450
638,41,1330450
639,5,1330450
639,5,1330450
639,0,1330450
639,41,1330450
639,44,1330450
639,41,1330450
640,44,1330450
640,41,1330450
640,41,1330450
640,40,1330450
640,41,1330450
640,41,1330450
640,41,1330450
640,40,1330450
640,41,1330450
641,41,1330450
641,41,1330450
641,41,1330450
641,45,1330450
641,41,1330450
641,40,1330450
641,5,1330450
641,45,1330450
641,45,1330450
641,41,1330450
641,41,1330450
641,41,1330450
641,47,1330450
641,45,1330450
641,41,1330450
641,40,1330450
641,45,1330450
641,45,1330450
642,45,1330450
642,41,1330450
642,5,1330450
642,45,1330450
642,40,1330450
642,41,1330450
642,41,1330450
642,5,1330450
642,41,1330450
643,41,1330450
643,41,1330450
643,41,1330450
643,41,1330450
643,40,1330450
644,45,1330450
644,5,1330450
644,40,1330450
644,41,1330450
644,41,1330450
644,41,1330450
644,45,1330450
644,37,1330450
645,40,1330450
645,41,1330450
645,41,1330450
645,37,1330450
645,41,1330450
645,37,1330450
645,39,1330450
645,41,1330450
645,41,1330450
645,37,1330450
645,5,1330450
645,41,1330450
645,41,1330450
645,37,1330450
645,41,1330450
645,41,1330450
645,37,1330450
645,40,1330450
645,41,1330450
645,37,1330450
645,37,1330450
645,38,1330450
646,41,1330450
646,40,1330450
646,41,1330450
646,41,1330450
646,41,1330450
647,44,1330450
647,41,1330450
647,44,1330450
647,46,1330450
647,41,1330450
648,11,1330457
648,4,1330457
648,4,1330457
648,11,1330457
648,4,1330457
648,11,1330457
648,11,1330457
649,7,1330458
649,7,1330458
650,7,1330458
650,7,1330458
650,4,1330458
650,7,1330458
650,4,1330458
650,4,1330458
651,7,1330458
651,4,1330458
651,23,1330458
651,4,1330458
651,7,1330458
652,27,1330458
652,4,1330458
652,4,1330458
652,27,1330458
652,27,1330458
652,27,1330458
652,27,1330458
653,4,1330458
653,7,1330458
653,7,1330458
653,4,1330458
653,7,1330458
653,4,1330458
653,7,1330458
653,7,1330458
654,9,1330458
654,9,1330458
655,10,1330458
655,10,1330458
655,4,1330458
656,4,1330458
657,40,1330458
657,40,1330458
657,40,1330458
657,40,1330458
657,0,1330458
657,0,1330458
657,4,1330458
657,0,1330458
657,0,1330458
657,0,1330458
657,4,1330458
657,40,1330458
657,0,1330458
657,40,1330458
657,40,1330458
657,0,1330458
657,4,1330458
657,5,1330458
657,10,1330458
657,5,1330458
657,4,1330458
657,4,1330458
657,4,1330458
657,10,1330458
657,0,1330458
657,0,1330458
657,0,1330458
657,0,1330458
657,0,1330458
657,10,1330458
658,4,1330458
658,4,1330458
659,10,1330458
660,4,1330458
660,4,1330458
661,7,1330458
661,4,1330458
661,23,1330458
661,7,1330458
661,4,1330458
661,7,1330458
661,4,1330458
661,7,1330458
661,7,1330458
662,40,1330458
662,40,1330458
662,40,1330458
663,4,1330458
664,21,1330458
664,20,1330458
664,31,1330458
664,33,1330458
664,34,1330458
664,36,1330458
664,30,1330458
664,29,1330458
664,26,1330458
664,28,1330458
664,27,1330458
664,25,1330458
664,24,1330458
664,23,1330458
664,22,1330458
664,7,1330458
664,4,1330458
664,8,1330458
664,16,1330458
664,2,1330458
664,18,1330458
664,11,1330458
664,2,1330458
664,1,1330458
664,3,1330458
664,3,1330458
664,19,1330458
664,1,1330458
664,40,1330458
664,40,1330458
664,40,1330458
664,57,1330458
664,57,1330458
664,57,1330458
664,12,1330458
664,13,1330458
665,23,1330458
665,4,1330458
665,23,1330458
665,23,1330458
665,4,1330458
665,4,1330458
665,23,1330458
665,4,1330458
665,4,1330458
665,23,1330458
665,23,1330458
666,11,1330458
666,4,1330458
666,11,1330458
666,11,1330458
666,11,1330458
667,23,1330458
667,4,1330458
667,4,1330458
667,23,1330458
667,23,1330458
667,4,1330458
667,23,1330458
667,23,1330458
667,23,1330458
667,23,1330458
668,23,1330459
668,4,1330459
668,7,1330459
668,23,1330459
668,4,1330459
668,23,1330459
668,23,1330459
668,4,1330459
668,23,1330459
668,23,1330459
669,23,1330459
669,23,1330459
669,23,1330459
669,23,1330459
669,23,1330459
669,23,1330459
669,23,1330459
669,23,1330459
669,23,1330459
669,23,1330459
669,23,1330459
669,23,1330459
669,23,1330459
669,23,1330459
669,23,1330459
669,23,1330459
669,23,1330459
669,4,1330459
669,4,1330459
669,23,1330459
670,4,1330459
671,4,1330459
672,4,1330459
672,12,1330459
672,2,1330459
672,2,1330459
672,22,1330459
673,0,1330459
673,0,1330459
673,0,1330459
673,0,1330459
673,0,1330459
673,0,1330459
674,0,1330459
674,0,1330459
674,0,1330459
674,0,1330459
674,0,1330459
674,0,1330459
674,0,1330459
674,0,1330459
674,0,1330459
674,0,1330459
674,0,1330459
674,0,1330459
674,0,1330459
674,0,1330459
674,0,1330459
674,0,1330459
674,0,1330459
674,0,1330459
674,0,1330459
674,0,1330459
674,0,1330459
674,0,1330459
674,0,1330459
674,0,1330459
674,0,1330459
674,0,1330459
674,0,1330459
674,0,1330459
674,0,1330459
674,0,1330459
675,0,1330459
675,0,1330459
675,0,1330459
675,0,1330459
675,0,1330459
675,0,1330459
675,0,1330459
675,0,1330459
675,0,1330459
675,0,1330459
675,0,1330459
675,0,1330459
676,4,1330459
677,4,1330459
677,12,1330459
677,2,1330459
677,2,1330459
677,22,1330459
678,4,1330459
679,12,1330459
679,2,1330459
679,2,1330459
679,22,1330459
680,104,1330459
680,5,1330459
680,105,1330459
680,101,1330459
680,5,1330459
680,107,1330459
680,5,1330459
680,112,1330459
680,5,1330459
680,109,1330459
680,5,1330459
680,111,1330459
680,5,1330459
680,103,1330459
680,5,1330459
680,108,1330459
680,101,1330459
680,99,1330459
680,101,1330459
680,113,1330459
680,101,1330459
680,101,1330459
680,123,1330459
680,124,1330459
680,99,1330459
680,125,1330459
680,102,1330459
680,99,1330459
680,99,1330459
680,127,1330459
680,122,1330459
680,99,1330459
680,106,1330459
680,99,1330459
680,100,1330459
680,126,1330459
680,5,1330459
680,132,1330459
680,5,1330459
680,153,1330459
680,5,1330459
680,154,1330459
680,5,1330459
680,155,1330459
680,5,1330459
680,5,1330459
680,145,1330459
680,132,1330459
680,143,1330459
680,132,1330459
680,131,1330459
680,132,1330459
680,133,1330459
680,128,1330459
680,5,1330459
680,152,1330459
680,5,1330459
680,97,1330459
680,129,1330459
680,5,1330459
680,130,1330459
680,5,1330459
680,146,1330459
680,5,1330459
680,147,1330459
680,114,1330459
680,5,1330459
680,5,1330459
680,149,1330459
680,5,1330459
680,150,1330459
680,5,1330459
680,151,1330459
680,5,1330459
680,148,1330459
680,5,1330459
680,99,1330459
680,121,1330459
680,35,1330459
680,4,1330459
680,34,1330459
680,4,1330459
680,33,1330459
680,4,1330459
680,32,1330459
680,4,1330459
680,31,1330459
680,4,1330459
680,21,1330459
680,4,1330459
680,20,1330459
680,4,1330459
680,7,1330459
680,4,1330459
680,36,1330459
680,4,1330459
680,30,1330459
680,5,1330459
680,22,1330459
680,4,1330459
680,23,1330459
680,4,1330459
680,24,1330459
680,25,1330459
680,4,1330459
680,4,1330459
680,4,1330459
680,27,1330459
680,4,1330459
680,28,1330459
680,4,1330459
680,29,1330459
680,4,1330459
680,26,1330459
680,8,1330459
680,4,1330459
680,9,1330459
680,16,1330459
680,4,1330459
680,17,1330459
680,4,1330459
680,18,1330459
680,4,1330459
680,5,1330459
680,115,1330459
680,116,1330459
680,117,1330459
680,116,1330459
680,118,1330459
680,119,1330459
680,4,1330459
680,120,1330459
680,4,1330459
680,1,1330459
680,5,1330459
680,14,1330459
680,4,1330459
680,15,1330459
680,4,1330459
680,10,1330459
680,4,1330459
680,11,1330459
680,4,1330459
680,12,1330459
680,2,1330459
680,13,1330459
680,4,1330459
680,4,1330459
680,19,1330459
680,4,1330459
680,3,1330459
680,4,1330459
680,4,1330459
681,87,1330459
681,88,1330459
681,87,1330459
681,5,1330459
681,89,1330459
681,5,1330459
681,91,1330459
681,92,1330459
681,5,1330459
681,85,1330459
681,5,1330459
681,0,1330459
681,90,1330459
681,93,1330459
681,53,1330459
681,84,1330459
681,5,1330459
681,45,1330459
681,81,1330459
681,45,1330459
681,45,1330459
681,50,1330459
681,45,1330459
681,49,1330459
681,45,1330459
681,48,1330459
681,45,1330459
681,5,1330459
681,47,1330459
681,85,1330459
681,94,1330459
681,67,1330459
681,5,1330459
681,41,1330459
681,67,1330459
681,79,1330459
681,67,1330459
681,78,1330459
681,67,1330459
681,76,1330459
681,67,1330459
681,75,1330459
681,67,1330459
681,74,1330459
681,67,1330459
681,80,1330459
681,67,1330459
681,5,1330459
681,73,1330459
681,67,1330459
681,71,1330459
681,67,1330459
681,70,1330459
681,67,1330459
681,69,1330459
681,67,1330459
681,68,1330459
681,67,1330459
681,82,1330459
681,67,1330459
681,83,1330459
681,67,1330459
681,95,1330459
681,72,1330459
681,41,1330459
681,86,1330459
681,41,1330459
681,5,1330459
681,55,1330459
681,5,1330459
681,6,1330459
681,5,1330459
681,54,1330459
681,77,1330459
681,96,1330459
681,110,1330459
681,98,1330459
681,110,1330459
681,77,1330459
681,77,1330459
681,140,1330459
681,56,1330459
681,138,1330459
681,138,1330459
681,137,1330459
681,77,1330459
681,77,1330459
681,142,1330459
681,77,1330459
681,136,1330459
681,77,1330459
681,135,1330459
681,144,1330459
681,134,1330459
681,77,1330459
681,132,1330459
681,46,1330459
681,139,1330459
681,5,1330459
681,141,1330459
681,57,1330459
681,44,1330459
681,37,1330459
681,5,1330459
681,37,1330459
681,39,1330459
681,41,1330459
681,41,1330459
681,40,1330459
681,5,1330459
681,5,1330459
681,43,1330459
681,42,1330459
681,43,1330459
681,51,1330459
681,43,1330459
681,38,1330459
681,64,1330459
681,52,1330459
681,43,1330459
681,58,1330459
681,59,1330459
681,60,1330459
681,61,1330459
681,64,1330459
681,63,1330459
681,64,1330459
681,64,1330459
681,43,1330459
681,66,1330459
681,65,1330459
681,62,1330459
682,4,1330461
683,5,1330509
684,4,1330509
685,4,1330509
685,4,1330509
686,1,1330509
686,3,1330509
686,3,1330509
686,1,1330509
686,19,1330509
686,0,1330509
686,16,1330509
686,0,1330509
686,0,1330509
686,0,1330509
686,0,1330509
686,0,1330509
687,12,1330509
687,2,1330509
687,2,1330509
687,8,1330509
687,20,1330509
687,31,1330509
688,11,1330509
688,22,1330509
688,4,1330509
688,23,1330509
688,28,1330509
688,25,1330509
688,26,1330509
688,27,1330509
688,24,1330509
689,40,1330509
689,40,1330509
689,40,1330509
689,40,1330509
689,5,1330509
689,40,1330509
689,0,1330509
689,0,1330509
689,0,1330509
689,0,1330509
689,0,1330509
689,0,1330509
690,57,1330509
690,57,1330509
690,57,1330509
690,57,1330509
690,57,1330509
690,57,1330509
690,57,1330509
690,57,1330509
690,57,1330509
690,57,1330509
690,5,1330509
690,40,1330509
690,0,1330509
690,0,1330509
690,0,1330509
690,0,1330509
690,0,1330509
690,40,1330509
690,40,1330509
690,40,1330509
690,40,1330509
690,0,1330509
691,57,1330509
691,57,1330509
691,57,1330509
691,40,1330509
691,40,1330509
691,40,1330509
692,22,1330509
693,2,1330509
693,2,1330509
693,12,1330509
694,14,1330511
694,4,1330511
694,4,1330511
694,3,1330511
694,4,1330511
694,19,1330511
694,4,1330511
694,12,1330511
694,4,1330511
694,15,1330511
694,4,1330511
694,11,1330511
694,4,1330511
694,10,1330511
694,4,1330511
694,13,1330511
694,1,1330511
694,17,1330511
694,16,1330511
694,4,1330511
694,5,1330511
694,121,1330511
694,120,1330511
694,119,1330511
694,118,1330511
694,5,1330511
694,4,1330511
694,116,1330511
694,116,1330511
694,115,1330511
694,5,1330511
694,4,1330511
694,18,1330511
694,4,1330511
694,4,1330511
694,117,1330511
694,9,1330511
694,2,1330511
694,8,1330511
694,4,1330511
694,29,1330511
694,4,1330511
694,28,1330511
694,4,1330511
694,27,1330511
694,4,1330511
694,30,1330511
694,26,1330511
694,25,1330511
694,4,1330511
694,24,1330511
694,4,1330511
694,23,1330511
694,4,1330511
694,22,1330511
694,4,1330511
694,4,1330511
694,4,1330511
694,4,1330511
694,36,1330511
694,4,1330511
694,7,1330511
694,20,1330511
694,4,1330511
694,21,1330511
694,4,1330511
694,31,1330511
694,4,1330511
694,32,1330511
694,4,1330511
694,33,1330511
694,4,1330511
694,34,1330511
694,4,1330511
694,4,1330511
694,35,1330511
695,41,1330511
695,44,1330511
695,37,1330511
695,38,1330511
695,41,1330511
695,39,1330511
695,41,1330511
695,40,1330511
695,46,1330511
695,37,1330511
695,41,1330511
695,45,1330511
695,47,1330511
695,45,1330511
695,48,1330511
695,45,1330511
695,49,1330511
695,45,1330511
695,50,1330511
695,53,1330511
695,45,1330511
695,81,1330511
695,41,1330511
695,5,1330511
695,66,1330511
695,42,1330511
695,5,1330511
695,56,1330511
695,5,1330511
695,5,1330511
695,57,1330511
695,43,1330511
695,43,1330511
695,64,1330511
695,58,1330511
695,59,1330511
695,5,1330511
695,60,1330511
695,62,1330511
695,63,1330511
695,64,1330511
695,65,1330511
695,45,1330511
695,64,1330511
695,52,1330511
695,43,1330511
695,51,1330511
695,43,1330511
695,61,1330511
695,5,1330511
695,5,1330511
695,85,1330511
695,69,1330511
695,67,1330511
695,70,1330511
695,67,1330511
695,71,1330511
695,67,1330511
695,72,1330511
695,67,1330511
695,73,1330511
695,67,1330511
695,67,1330511
695,80,1330511
695,74,1330511
695,67,1330511
695,75,1330511
695,67,1330511
695,76,1330511
695,67,1330511
695,78,1330511
695,67,1330511
695,79,1330511
695,67,1330511
695,67,1330511
695,68,1330511
695,67,1330511
695,82,1330511
695,85,1330511
695,86,1330511
695,87,1330511
695,88,1330511
695,87,1330511
695,55,1330511
695,89,1330511
695,90,1330511
695,91,1330511
695,5,1330511
695,92,1330511
695,5,1330511
695,93,1330511
695,5,1330511
695,0,1330511
695,5,1330511
695,94,1330511
695,5,1330511
695,5,1330511
695,95,1330511
695,67,1330511
695,83,1330511
695,67,1330511
695,84,1330511
695,5,1330511
695,43,1330511
695,5,1330511
695,5,1330511
695,107,1330511
695,5,1330511
695,108,1330511
695,5,1330511
695,109,1330511
695,5,1330511
695,111,1330511
695,5,1330511
695,112,1330511
695,105,1330511
695,5,1330511
695,5,1330511
695,114,1330511
695,5,1330511
695,129,1330511
695,5,1330511
695,130,1330511
695,5,1330511
695,146,1330511
695,5,1330511
695,147,1330511
695,113,1330511
695,5,1330511
695,104,1330511
695,101,1330511
695,5,1330511
695,128,1330511
695,101,1330511
695,101,1330511
695,123,1330511
695,99,1330511
695,124,1330511
695,99,1330511
695,125,1330511
695,99,1330511
695,126,1330511
695,99,1330511
695,127,1330511
695,99,1330511
695,122,1330511
695,99,1330511
695,6,1330511
695,99,1330511
695,100,1330511
695,101,1330511
695,102,1330511
695,101,1330511
695,103,1330511
695,5,1330511
695,148,1330511
695,106,1330511
695,149,1330511
695,144,1330511
695,135,1330511
695,77,1330511
695,136,1330511
695,77,1330511
695,142,1330511
695,77,1330511
695,77,1330511
695,137,1330511
695,138,1330511
695,139,1330511
695,138,1330511
695,140,1330511
695,77,1330511
695,77,1330511
695,141,1330511
695,110,1330511
695,98,1330511
695,110,1330511
695,96,1330511
695,77,1330511
695,54,1330511
695,5,1330511
695,134,1330511
695,77,1330511
695,64,1330511
695,132,1330511
695,5,1330511
695,5,1330511
695,151,1330511
695,5,1330511
695,97,1330511
695,5,1330511
695,152,1330511
695,5,1330511
695,153,1330511
695,5,1330511
695,154,1330511
695,150,1330511
695,155,1330511
695,133,1330511
695,5,1330511
695,132,1330511
695,131,1330511
695,132,1330511
695,132,1330511
695,132,1330511
695,145,1330511
695,5,1330511
695,143,1330511
695,5,1330511
696,30,1330511
696,30,1330511
696,4,1330511
696,36,1330511
696,36,1330511
696,4,1330511
696,35,1330511
696,35,1330511
696,4,1330511
696,34,1330511
696,4,1330511
696,33,1330511
696,33,1330511
696,32,1330511
696,32,1330511
696,32,1330511
696,4,1330511
696,32,1330511
696,32,1330511
696,4,1330511
696,4,1330511
696,34,1330511
696,4,1330511
696,29,1330511
696,4,1330511
696,29,1330511
696,22,1330511
696,22,1330511
696,4,1330511
696,23,1330511
696,23,1330511
696,4,1330511
696,24,1330511
696,24,1330511
696,4,1330511
696,25,1330511
696,4,1330511
696,26,1330511
696,26,1330511
696,4,1330511
696,27,1330511
696,27,1330511
696,4,1330511
696,28,1330511
696,25,1330511
696,28,1330511
697,12,1330511
697,4,1330511
697,11,1330511
697,11,1330511
697,10,1330511
697,10,1330511
697,12,1330511
697,4,1330511
697,2,1330511
697,4,1330511
697,4,1330511
697,19,1330511
697,13,1330511
697,4,1330511
697,19,1330511
697,4,1330511
697,3,1330511
697,3,1330511
697,3,1330511
697,4,1330511
697,3,1330511
697,2,1330511
697,4,1330511
697,13,1330511
697,3,1330511
697,4,1330511
697,2,1330511
697,2,1330511
697,31,1330511
697,31,1330511
697,4,1330511
697,21,1330511
697,21,1330511
697,4,1330511
697,20,1330511
697,4,1330511
697,7,1330511
697,7,1330511
697,20,1330511
697,8,1330511
697,2,1330511
697,4,1330511
697,9,1330511
697,9,1330511
697,4,1330511
697,4,1330511
697,9,1330511
697,9,1330511
697,4,1330511
697,8,1330511
697,9,1330511
698,16,1330511
698,4,1330511
698,18,1330511
698,4,1330511
698,17,1330511
698,17,1330511
698,4,1330511
698,16,1330511
698,4,1330511
698,18,1330511
698,1,1330511
698,1,1330511
698,14,1330511
698,15,1330511
698,14,1330511
698,1,1330511
698,1,1330511
698,4,1330511
698,1,1330511
699,101,1330511
699,121,1330511
699,128,1330511
699,101,1330511
699,128,1330511
699,128,1330511
699,128,1330511
699,5,1330511
699,121,1330511
699,128,1330511
699,119,1330511
699,119,1330511
699,116,1330511
699,117,1330511
699,117,1330511
699,116,1330511
699,115,1330511
699,115,1330511
699,120,1330511
700,99,1330512
700,123,1330512
700,123,1330512
701,100,1330512
701,101,1330512
701,100,1330512
701,100,1330512
701,102,1330512
701,101,1330512
701,102,1330512
701,102,1330512
701,101,1330512
701,103,1330512
701,102,1330512
701,101,1330512
701,103,1330512
701,103,1330512
701,101,1330512
701,103,1330512
701,103,1330512
701,101,1330512
701,102,1330512
701,100,1330512
701,122,1330512
701,100,1330512
701,124,1330512
701,99,1330512
701,125,1330512
701,125,1330512
701,99,1330512
701,126,1330512
701,126,1330512
701,99,1330512
701,124,1330512
701,127,1330512
701,127,1330512
701,99,1330512
701,106,1330512
701,100,1330512
701,99,1330512
701,122,1330512
701,99,1330512
701,106,1330512
702,5,1330512
702,112,1330512
702,112,1330512
702,5,1330512
702,113,1330512
702,113,1330512
702,114,1330512
702,114,1330512
702,129,1330512
702,129,1330512
702,5,1330512
702,111,1330512
702,5,1330512
702,5,1330512
702,111,1330512
702,109,1330512
702,5,1330512
702,104,1330512
702,104,1330512
702,105,1330512
702,105,1330512
702,5,1330512
702,5,1330512
702,107,1330512
702,5,1330512
702,108,1330512
702,108,1330512
702,5,1330512
702,109,1330512
702,107,1330512
703,154,1330512
703,152,1330512
703,152,1330512
703,5,1330512
703,153,1330512
703,153,1330512
703,5,1330512
703,154,1330512
703,5,1330512
703,145,1330512
703,155,1330512
703,5,1330512
703,145,1330512
703,145,1330512
703,145,1330512
703,132,1330512
703,145,1330512
703,132,1330512
703,145,1330512
703,155,1330512
703,97,1330512
703,5,1330512
703,5,1330512
703,97,1330512
703,130,1330512
703,130,1330512
703,5,1330512
703,146,1330512
703,146,1330512
703,5,1330512
703,147,1330512
703,5,1330512
703,148,1330512
703,147,1330512
703,5,1330512
703,151,1330512
703,148,1330512
703,5,1330512
703,150,1330512
703,151,1330512
703,5,1330512
703,149,1330512
703,149,1330512
703,150,1330512
704,131,1330512
704,132,1330512
704,131,1330512
704,132,1330512
704,131,1330512
704,131,1330512
704,143,1330512
704,131,1330512
704,143,1330512
704,143,1330512
704,132,1330512
704,143,1330512
704,143,1330512
704,143,1330512
704,132,1330512
705,132,1330512
705,133,1330512
705,132,1330512
705,133,1330512
705,133,1330512
705,133,1330512
705,77,1330512
705,133,1330512
705,136,1330512
705,77,1330512
705,135,1330512
705,135,1330512
705,144,1330512
705,134,1330512
705,134,1330512
705,136,1330512
706,54,1330512
706,54,1330512
706,54,1330512
706,5,1330512
706,54,1330512
706,54,1330512
706,5,1330512
706,54,1330512
706,55,1330512
706,6,1330512
706,5,1330512
706,55,1330512
706,55,1330512
706,5,1330512
706,55,1330512
706,55,1330512
706,77,1330512
706,6,1330512
706,96,1330512
706,5,1330512
706,110,1330512
706,96,1330512
706,142,1330512
706,142,1330512
706,137,1330512
706,137,1330512
706,138,1330512
706,139,1330512
706,139,1330512
706,77,1330512
706,140,1330512
706,140,1330512
706,77,1330512
706,141,1330512
706,141,1330512
706,110,1330512
706,98,1330512
706,138,1330512
706,98,1330512
707,38,1330512
707,38,1330512
707,37,1330512
707,39,1330512
707,39,1330512
707,40,1330512
707,40,1330512
707,43,1330512
707,42,1330512
707,38,1330512
707,41,1330512
707,37,1330512
707,46,1330512
707,38,1330512
707,37,1330512
707,44,1330512
707,44,1330512
707,41,1330512
707,46,1330512
707,46,1330512
707,41,1330512
707,46,1330512
707,46,1330512
707,41,1330512
707,38,1330512
707,42,1330512
707,42,1330512
707,42,1330512
707,56,1330512
707,56,1330512
707,56,1330512
707,43,1330512
707,56,1330512
707,56,1330512
707,5,1330512
707,57,1330512
707,57,1330512
707,43,1330512
707,63,1330512
707,5,1330512
707,64,1330512
707,63,1330512
707,42,1330512
707,51,1330512
707,51,1330512
707,43,1330512
707,43,1330512
707,52,1330512
707,64,1330512
707,66,1330512
707,66,1330512
707,52,1330512
708,85,1330512
708,81,1330512
708,81,1330512
708,45,1330512
708,84,1330512
708,84,1330512
708,86,1330512
708,89,1330512
708,87,1330512
708,88,1330512
708,88,1330512
708,87,1330512
708,89,1330512
708,90,1330512
708,45,1330512
708,86,1330512
708,53,1330512
708,45,1330512
708,45,1330512
708,47,1330512
708,47,1330512
708,47,1330512
708,45,1330512
708,47,1330512
708,47,1330512
708,48,1330512
708,45,1330512
708,45,1330512
708,49,1330512
708,49,1330512
708,53,1330512
708,50,1330512
708,50,1330512
708,48,1330512
709,91,1330512
709,5,1330512
709,91,1330512
709,91,1330512
709,91,1330512
709,91,1330512
709,5,1330512
710,92,1330512
710,92,1330512
710,92,1330512
710,92,1330512
710,5,1330512
710,92,1330512
710,5,1330512
711,94,1330512
711,5,1330512
711,94,1330512
711,95,1330512
711,67,1330512
711,95,1330512
711,0,1330512
711,5,1330512
711,5,1330512
711,0,1330512
711,93,1330512
711,93,1330512
711,5,1330512
711,93,1330512
711,93,1330512
711,93,1330512
712,67,1330512
712,72,1330512
712,72,1330512
712,67,1330512
712,73,1330512
712,73,1330512
712,80,1330512
712,80,1330512
712,71,1330512
712,67,1330512
712,74,1330512
712,74,1330512
712,67,1330512
712,67,1330512
712,71,1330512
712,70,1330512
712,70,1330512
712,83,1330512
712,83,1330512
712,67,1330512
712,82,1330512
712,67,1330512
712,67,1330512
712,82,1330512
712,68,1330512
712,67,1330512
712,69,1330512
712,69,1330512
712,67,1330512
712,68,1330512
713,78,1330512
713,67,1330512
713,78,1330512
713,67,1330512
713,75,1330512
713,76,1330512
713,75,1330512
713,76,1330512
713,67,1330512
714,79,1330512
714,79,1330512
714,79,1330512
714,67,1330512
714,79,1330512
714,79,1330512
714,67,1330512
715,4,1330512
716,4,1330512
716,4,1330512
716,23,1330512
716,4,1330512
716,23,1330512
716,23,1330512
717,23,1330512
717,4,1330512
717,4,1330512
717,23,1330512
717,23,1330512
718,23,1330515
718,4,1330515
718,23,1330515
718,23,1330515
718,23,1330515
718,4,1330515
718,23,1330515
718,4,1330515
718,23,1330515
719,11,1330521
720,23,1330523
720,4,1330523
720,4,1330523
720,23,1330523
720,23,1330523
720,23,1330523
720,4,1330523
720,23,1330523
720,23,1330523
721,5,1330523
721,5,1330523
721,5,1330523
721,6,1330523
721,6,1330523
721,5,1330523
721,6,1330523
721,5,1330523
721,5,1330523
722,5,1330523
722,5,1330523
723,5,1330523
723,5,1330523
723,175,1330523
724,5,1330523
724,6,1330523
724,176,1330523
724,5,1330523
724,5,1330523
724,175,1330523
724,5,1330523
724,6,1330523
724,6,1330523
724,176,1330523
724,5,1330523
724,5,1330523
724,175,1330523
724,5,1330523
724,5,1330523
724,6,1330523
724,5,1330523
724,176,1330523
724,5,1330523
725,5,1330523
725,5,1330523
726,23,1330523
726,4,1330523
726,23,1330523
726,23,1330523
726,23,1330523
726,4,1330523
726,23,1330523
726,4,1330523
726,23,1330523
727,0,1330524
727,0,1330524
727,0,1330524
727,0,1330524
727,0,1330524
727,0,1330524
728,2,1330524
728,1,1330524
729,3,1330524
730,1,1330524
730,2,1330524
731,3,1330524
732,1,1330524
732,2,1330524
733,3,1330524
734,1,1330524
734,2,1330524
734,3,1330524
735,3,1330525
735,1,1330525
735,2,1330525
736,23,1330534
736,4,1330534
736,7,1330534
736,23,1330534
736,23,1330534
736,4,1330534
736,23,1330534
736,4,1330534
736,4,1330534
736,23,1330534
737,4,1330534
737,23,1330534
738,29,1330534
738,29,1330534
739,4,1330534
739,23,1330534
739,23,1330534
739,4,1330534
739,4,1330534
739,23,1330534
739,23,1330534
739,23,1330534
740,27,1330540
740,27,1330540
741,27,1330540
741,27,1330540
741,27,1330540
741,27,1330540
741,4,1330540
741,4,1330540
741,27,1330540
742,29,1330544
742,29,1330544
743,27,1330544
743,27,1330544
744,4,1330544
744,29,1330544
744,4,1330544
744,29,1330544
744,29,1330544
744,29,1330544
744,29,1330544
745,4,1330544
745,4,1330544
745,23,1330544
745,23,1330544
745,23,1330544
745,23,1330544
745,4,1330544
745,23,1330544
746,7,1330545
746,4,1330545
746,7,1330545
746,7,1330545
746,4,1330545
746,4,1330545
746,7,1330545
746,4,1330545
746,4,1330545
746,7,1330545
747,29,1330545
747,29,1330545
748,35,1330545
748,35,1330545
749,27,1330545
749,27,1330545
750,4,1330545
750,29,1330545
750,4,1330545
750,29,1330545
750,29,1330545
750,29,1330545
750,29,1330545
751,31,1330550
751,31,1330550
752,5,1330598
753,4,1330598
754,4,1330598
755,4,1330598
755,16,1330598
756,1,1330598
756,12,1330598
756,19,1330598
756,3,1330598
756,3,1330598
756,1,1330598
756,0,1330598
756,0,1330598
756,0,1330598
756,0,1330598
756,0,1330598
756,0,1330598
757,4,1330598
757,22,1330598
757,24,1330598
757,25,1330598
757,26,1330598
757,27,1330598
757,23,1330598
757,31,1330598
757,20,1330598
757,8,1330598
757,2,1330598
757,2,1330598
757,28,1330598
758,11,1330598
759,40,1330598
759,40,1330598
759,40,1330598
759,40,1330598
759,5,1330598
759,0,1330598
759,0,1330598
759,0,1330598
759,0,1330598
759,0,1330598
759,40,1330598
759,0,1330598
760,57,1330598
760,57,1330598
760,57,1330598
760,57,1330598
760,57,1330598
760,57,1330598
760,57,1330598
760,57,1330598
760,57,1330598
760,5,1330598
760,57,1330598
760,0,1330598
760,40,1330598
760,40,1330598
760,40,1330598
760,40,1330598
760,40,1330598
760,0,1330598
760,0,1330598
760,0,1330598
760,0,1330598
760,0,1330598
761,40,1330598
761,40,1330598
761,40,1330598
761,57,1330598
761,57,1330598
761,57,1330598
762,22,1330598
763,2,1330598
763,12,1330598
763,2,1330598
764,4,1330598
765,4,1330602
766,4,1330602
767,4,1330602
767,4,1330602
767,4,1330602
767,9,1330602
767,177,1330602
768,4,1330602
769,40,1330602
769,40,1330602
769,40,1330602
769,0,1330602
769,0,1330602
769,4,1330602
769,0,1330602
769,0,1330602
769,0,1330602
769,4,1330602
769,0,1330602
769,40,1330602
769,40,1330602
769,40,1330602
769,40,1330602
769,5,1330602
769,0,1330602
769,0,1330602
769,0,1330602
769,0,1330602
769,0,1330602
769,0,1330602
769,4,1330602
769,4,1330602
770,5,1330602
771,4,1330602
771,0,1330602
771,0,1330602
771,0,1330602
771,0,1330602
771,0,1330602
771,0,1330602
772,4,1330602
773,25,1330602
773,18,1330602
773,19,1330602
773,12,1330602
773,11,1330602
773,36,1330602
773,22,1330602
773,0,1330602
773,0,1330602
773,0,1330602
773,0,1330602
773,0,1330602
773,0,1330602
773,4,1330602
774,25,1330602
774,18,1330602
774,19,1330602
774,12,1330602
774,11,1330602
774,36,1330602
774,22,1330602
774,0,1330602
774,0,1330602
774,0,1330602
774,0,1330602
774,0,1330602
774,4,1330602
774,0,1330602
775,4,1330602
775,4,1330602
776,177,1330602
776,4,1330602
776,177,1330602
777,4,1330602
777,4,1330602
778,23,1330607
778,23,1330607
778,4,1330607
778,4,1330607
778,23,1330607
778,23,1330607
778,4,1330607
778,23,1330607
778,4,1330607
778,4,1330607
779,4,1330608
780,4,1330608
781,4,1330609
782,4,1330609
783,0,1330610
783,0,1330610
783,0,1330610
783,0,1330610
783,0,1330610
783,0,1330610
784,3,1330611
784,3,1330611
784,3,1330611
785,3,1330611
786,1,1330611
786,2,1330611
787,3,1330611
788,1,1330611
788,2,1330611
789,3,1330611
790,1,1330611
790,2,1330611
791,3,1330611
792,1,1330611
792,2,1330611
793,3,1330611
794,1,1330612
794,2,1330612
795,3,1330612
796,5,1330683
797,4,1330683
798,4,1330683
799,4,1330683
799,11,1330683
799,12,1330683
799,4,1330683
799,19,1330683
799,3,1330683
799,3,1330683
799,1,1330683
799,1,1330683
799,0,1330683
799,0,1330683
799,0,1330683
799,0,1330683
799,0,1330683
799,0,1330683
799,16,1330683
799,2,1330683
800,8,1330683
800,20,1330683
800,2,1330683
801,0,1330683
801,0,1330683
801,0,1330683
801,0,1330683
801,0,1330683
801,5,1330683
801,57,1330683
801,57,1330683
801,57,1330683
801,57,1330683
801,57,1330683
801,57,1330683
801,57,1330683
801,0,1330683
801,0,1330683
801,0,1330683
801,0,1330683
801,0,1330683
801,57,1330683
801,57,1330683
801,57,1330683
801,0,1330683
801,40,1330683
801,0,1330683
801,40,1330683
801,40,1330683
801,0,1330683
801,0,1330683
801,0,1330683
801,0,1330683
801,0,1330683
801,0,1330683
801,5,1330683
801,40,1330683
801,40,1330683
801,40,1330683
801,31,1330683
801,40,1330683
801,40,1330683
801,40,1330683
801,22,1330683
801,23,1330683
801,24,1330683
801,40,1330683
801,26,1330683
801,27,1330683
801,28,1330683
801,25,1330683
802,40,1330683
802,57,1330683
802,57,1330683
802,57,1330683
802,40,1330683
802,40,1330683
802,40,1330683
802,40,1330683
802,40,1330683
802,40,1330683
802,0,1330683
802,40,1330683
802,40,1330683
802,5,1330683
802,0,1330683
802,0,1330683
802,0,1330683
802,0,1330683
802,0,1330683
802,40,1330683
803,22,1330683
804,12,1330683
804,2,1330683
804,2,1330683
805,4,1330694
806,0,1330697
806,0,1330697
806,0,1330697
806,0,1330697
806,0,1330697
806,0,1330697
807,3,1330697
807,1,1330697
807,2,1330697
808,1,1330697
808,2,1330697
809,3,1330697
810,1,1330697
810,2,1330697
810,3,1330697
811,1,1330697
811,2,1330697
812,3,1330697
813,1,1330699
813,2,1330699
813,3,1330699
814,23,1330701
814,4,1330701
814,4,1330701
814,4,1330701
815,23,1330701
815,23,1330701
815,23,1330701
815,4,1330701
815,4,1330701
815,23,1330701
816,4,1330702
817,4,1330702
818,13,1330707
818,13,1330707
819,4,1330707
819,23,1330707
819,4,1330707
819,13,1330707
819,13,1330707
819,13,1330707
819,4,1330707
819,13,1330707
819,4,1330707
819,4,1330707
819,13,1330707
820,23,1330708
820,23,1330708
821,23,1330708
821,4,1330708
821,4,1330708
821,23,1330708
821,23,1330708
821,23,1330708
821,4,1330708
821,23,1330708
821,23,1330708
821,4,1330708
821,4,1330708
822,4,1330710
823,7,1330711
823,7,1330711
824,4,1330711
825,4,1330711
826,5,1330713
827,6,1330713
827,5,1330713
827,5,1330713
827,6,1330713
827,5,1330713
827,5,1330713
827,5,1330713
827,6,1330713
828,5,1330713
828,5,1330713
829,178,1330714
829,5,1330714
829,5,1330714
829,5,1330714
829,5,1330714
829,5,1330714
829,6,1330714
829,5,1330714
829,5,1330714
829,5,1330714
829,179,1330714
829,6,1330714
829,5,1330714
829,179,1330714
829,5,1330714
829,178,1330714
829,5,1330714
829,5,1330714
829,6,1330714
829,6,1330714
829,5,1330714
829,5,1330714
829,178,1330714
829,179,1330714
830,5,1330769
831,4,1330770
832,4,1330770
832,4,1330770
832,16,1330770
833,2,1330770
833,12,1330770
833,11,1330770
833,19,1330770
833,3,1330770
833,3,1330770
833,1,1330770
833,4,1330770
833,0,1330770
833,0,1330770
833,1,1330770
833,0,1330770
833,0,1330770
833,0,1330770
833,0,1330770
834,0,1330770
834,0,1330770
834,0,1330770
834,0,1330770
834,0,1330770
834,5,1330770
834,40,1330770
834,40,1330770
834,0,1330770
834,22,1330770
834,57,1330770
834,57,1330770
834,57,1330770
834,57,1330770
834,57,1330770
834,57,1330770
834,57,1330770
834,57,1330770
834,57,1330770
834,40,1330770
834,57,1330770
834,40,1330770
834,0,1330770
834,40,1330770
834,2,1330770
834,8,1330770
834,20,1330770
834,0,1330770
834,31,1330770
834,0,1330770
834,0,1330770
834,0,1330770
834,23,1330770
834,5,1330770
834,0,1330770
834,40,1330770
834,40,1330770
834,40,1330770
834,40,1330770
834,28,1330770
834,27,1330770
834,26,1330770
834,25,1330770
834,24,1330770
834,40,1330770
835,57,1330770
835,57,1330770
835,57,1330770
835,40,1330770
835,40,1330770
835,40,1330770
836,22,1330770
837,2,1330770
837,2,1330770
837,12,1330770
838,0,1330783
838,0,1330783
838,0,1330783
838,0,1330783
838,0,1330783
838,0,1330783
839,1,1330783
839,2,1330783
840,3,1330783
841,1,1330783
841,2,1330783
842,3,1330783
843,1,1330783
843,2,1330783
843,3,1330783
844,1,1330783
844,2,1330783
844,3,1330783
845,2,1330785
845,3,1330785
845,1,1330785
846,4,1330790
846,4,1330790
846,4,1330790
846,23,1330790
846,4,1330790
846,23,1330790
846,23,1330790
846,23,1330790
846,23,1330790
847,23,1330790
847,4,1330790
848,4,1330791
848,4,1330791
848,13,1330791
848,4,1330791
848,13,1330791
848,13,1330791
848,13,1330791
848,4,1330791
848,23,1330791
848,4,1330791
848,13,1330791
849,5,1330791
849,5,1330791
849,6,1330791
849,6,1330791
849,5,1330791
849,5,1330791
850,5,1330791
850,5,1330791
850,6,1330791
850,5,1330791
850,5,1330791
851,180,1330791
851,5,1330791
851,5,1330791
851,6,1330791
851,180,1330791
851,5,1330791
851,5,1330791
851,5,1330791
851,6,1330791
851,5,1330791
852,181,1330791
852,6,1330791
852,5,1330791
852,5,1330791
852,5,1330791
852,5,1330791
852,180,1330791
852,5,1330791
852,5,1330791
852,6,1330791
852,181,1330791
852,181,1330791
853,5,1330791
853,5,1330791
854,4,1330792
854,23,1330792
854,4,1330792
854,23,1330792
854,23,1330792
854,23,1330792
854,4,1330792
854,23,1330792
854,23,1330792
855,4,1330809
856,5,1330944
857,4,1330944
858,4,1330944
858,4,1330944
859,12,1330944
859,4,1330944
859,2,1330944
859,11,1330944
859,31,1330944
859,8,1330944
859,20,1330944
859,19,1330944
859,2,1330944
859,3,1330944
859,3,1330944
859,1,1330944
859,0,1330944
859,0,1330944
859,0,1330944
859,16,1330944
859,0,1330944
859,0,1330944
859,1,1330944
859,0,1330944
860,0,1330944
860,40,1330944
860,40,1330944
860,0,1330944
860,0,1330944
860,0,1330944
860,0,1330944
860,0,1330944
860,5,1330944
860,57,1330944
860,57,1330944
860,57,1330944
860,40,1330944
860,57,1330944
860,57,1330944
860,57,1330944
860,57,1330944
860,57,1330944
860,57,1330944
860,40,1330944
860,57,1330944
860,22,1330944
860,28,1330944
860,27,1330944
860,0,1330944
860,0,1330944
860,0,1330944
860,0,1330944
860,0,1330944
860,0,1330944
860,5,1330944
860,40,1330944
860,40,1330944
860,25,1330944
860,40,1330944
860,26,1330944
860,40,1330944
860,40,1330944
860,40,1330944
860,24,1330944
860,23,1330944
861,57,1330944
861,57,1330944
861,57,1330944
861,40,1330944
861,40,1330944
861,40,1330944
862,22,1330944
863,12,1330944
863,2,1330944
863,2,1330944
864,0,1330952
864,0,1330952
864,0,1330952
864,0,1330952
864,0,1330952
864,0,1330952
865,1,1330952
865,3,1330952
865,2,1330952
866,1,1330952
866,2,1330952
867,3,1330952
868,1,1330952
868,2,1330952
869,3,1330952
870,2,1330952
870,1,1330952
871,3,1330952
872,1,1330954
872,2,1330954
872,3,1330954
873,4,1330956
874,5,1330958
874,5,1330958
874,5,1330958
874,6,1330958
874,6,1330958
874,5,1330958
874,6,1330958
874,5,1330958
874,5,1330958
875,5,1330958
875,5,1330958
876,5,1330959
876,5,1330959
876,182,1330959
876,5,1330959
876,6,1330959
876,183,1330959
876,5,1330959
876,5,1330959
876,6,1330959
876,5,1330959
876,183,1330959
876,5,1330959
876,5,1330959
876,182,1330959
876,183,1330959
876,5,1330959
876,6,1330959
876,5,1330959
876,5,1330959
876,182,1330959
876,5,1330959
876,6,1330959
877,5,1330959
877,5,1330959
878,4,1330959
878,4,1330959
878,23,1330959
878,23,1330959
878,23,1330959
878,13,1330959
878,23,1330959
878,4,1330959
878,23,1330959
878,4,1330959
878,4,1330959
878,23,1330959
879,4,1330959
880,5,1330961
881,4,1330962
882,4,1330962
883,8,1330962
883,2,1330962
883,11,1330962
883,2,1330962
883,4,1330962
883,19,1330962
883,3,1330962
883,3,1330962
883,1,1330962
883,12,1330962
883,0,1330962
883,1,1330962
883,16,1330962
883,0,1330962
883,0,1330962
883,4,1330962
883,0,1330962
883,0,1330962
883,0,1330962
884,0,1330962
884,40,1330962
884,0,1330962
884,0,1330962
884,0,1330962
884,0,1330962
884,0,1330962
884,40,1330962
884,5,1330962
884,57,1330962
884,57,1330962
884,57,1330962
884,57,1330962
884,57,1330962
884,57,1330962
884,57,1330962
884,57,1330962
884,57,1330962
884,40,1330962
884,57,1330962
884,40,1330962
884,0,1330962
884,22,1330962
884,20,1330962
884,31,1330962
884,28,1330962
884,27,1330962
884,0,1330962
884,0,1330962
884,0,1330962
884,0,1330962
884,40,1330962
884,0,1330962
884,40,1330962
884,40,1330962
884,40,1330962
884,40,1330962
884,40,1330962
884,26,1330962
884,25,1330962
884,24,1330962
884,23,1330962
884,5,1330962
885,57,1330962
885,57,1330962
885,57,1330962
885,40,1330962
885,40,1330962
885,40,1330962
886,22,1330962
887,2,1330962
887,2,1330962
887,12,1330962
888,5,1330974
888,6,1330974
888,5,1330974
888,5,1330974
888,6,1330974
888,5,1330974
889,5,1330974
889,5,1330974
889,6,1330974
889,5,1330974
889,5,1330974
890,5,1330974
890,6,1330974
890,5,1330974
891,23,1330976
891,23,1330976
892,23,1330976
892,4,1330976
892,23,1330976
892,4,1330976
892,23,1330976
892,23,1330976
892,4,1330976
892,23,1330976
892,4,1330976
892,4,1330976
892,23,1330976
893,23,1330977
893,31,1330977
893,4,1330977
893,13,1330977
893,4,1330977
893,31,1330977
893,31,1330977
893,31,1330977
893,31,1330977
894,29,1330977
894,4,1330977
894,23,1330977
894,4,1330977
894,29,1330977
894,29,1330977
894,29,1330977
894,29,1330977
894,29,1330977
894,29,1330977
895,29,1330977
895,4,1330977
895,23,1330977
895,4,1330977
895,29,1330977
895,29,1330977
895,29,1330977
895,29,1330977
896,27,1330978
896,27,1330978
897,4,1330979
898,5,1331028
899,4,1331028
900,4,1331028
900,4,1331028
901,4,1331028
901,19,1331028
901,12,1331028
901,3,1331028
901,11,1331028
901,20,1331028
901,8,1331028
901,2,1331028
901,3,1331028
901,2,1331028
901,1,1331028
901,16,1331028
901,0,1331028
901,0,1331028
901,1,1331028
901,0,1331028
901,0,1331028
901,0,1331028
901,0,1331028
902,22,1331028
902,23,1331028
902,40,1331028
902,40,1331028
902,40,1331028
902,40,1331028
902,40,1331028
902,5,1331028
902,0,1331028
902,24,1331028
902,0,1331028
902,0,1331028
902,28,1331028
902,27,1331028
902,26,1331028
902,31,1331028
902,0,1331028
902,0,1331028
902,0,1331028
902,25,1331028
903,5,1331028
903,57,1331028
903,57,1331028
903,57,1331028
903,57,1331028
903,57,1331028
903,57,1331028
903,57,1331028
903,57,1331028
903,0,1331028
903,57,1331028
903,0,1331028
903,0,1331028
903,40,1331028
903,40,1331028
903,40,1331028
903,40,1331028
903,57,1331028
903,0,1331028
903,0,1331028
903,0,1331028
903,40,1331028
904,40,1331028
904,40,1331028
904,40,1331028
904,57,1331028
904,57,1331028
904,57,1331028
905,22,1331028
906,2,1331028
906,2,1331028
906,12,1331028
907,4,1331031
908,4,1331034
908,4,1331034
908,23,1331034
908,23,1331034
908,23,1331034
908,4,1331034
908,4,1331034
908,23,1331034
909,23,1331034
909,4,1331034
909,23,1331034
910,0,1331039
910,0,1331039
910,0,1331039
910,0,1331039
910,0,1331039
910,0,1331039
911,3,1331039
911,1,1331039
911,2,1331039
912,2,1331039
912,1,1331039
913,3,1331039
914,1,1331039
914,2,1331039
914,3,1331039
915,1,1331039
915,2,1331039
916,3,1331039
917,4,1331041
918,19,1331041
918,19,1331041
918,19,1331041
918,19,1331041
919,19,1331041
919,19,1331041
919,19,1331041
919,9,1331041
920,19,1331041
920,19,1331041
920,4,1331041
920,4,1331041
921,5,1331041
922,0,1331041
922,0,1331041
922,0,1331041
922,0,1331041
922,0,1331041
922,0,1331041
922,4,1331041
923,4,1331041
924,18,1331041
924,19,1331041
924,11,1331041
924,36,1331041
924,25,1331041
924,22,1331041
924,12,1331041
924,0,1331041
924,0,1331041
924,0,1331041
924,4,1331041
924,0,1331041
924,0,1331041
924,0,1331041
925,1,1331042
925,2,1331042
925,3,1331042
926,27,1331046
926,27,1331046
927,4,1331048
928,4,1331049
929,4,1331050
930,4,1331050
931,5,1331115
932,4,1331115
933,0,1331115
933,0,1331115
933,0,1331115
933,0,1331115
933,1,1331115
933,0,1331115
933,16,1331115
933,4,1331115
933,4,1331115
933,0,1331115
934,2,1331115
934,11,1331115
934,19,1331115
934,12,1331115
934,4,1331115
934,3,1331115
934,1,1331115
934,3,1331115
935,25,1331115
935,26,1331115
935,27,1331115
935,40,1331115
935,40,1331115
935,40,1331115
935,40,1331115
935,40,1331115
935,28,1331115
935,5,1331115
935,0,1331115
935,0,1331115
935,0,1331115
935,0,1331115
935,0,1331115
935,31,1331115
935,20,1331115
935,8,1331115
935,2,1331115
935,0,1331115
936,57,1331115
936,57,1331115
936,57,1331115
936,57,1331115
936,57,1331115
936,57,1331115
936,57,1331115
936,57,1331115
936,5,1331115
936,57,1331115
936,57,1331115
936,0,1331115
936,0,1331115
936,0,1331115
936,0,1331115
936,0,1331115
936,40,1331115
936,40,1331115
936,40,1331115
936,40,1331115
936,40,1331115
936,22,1331115
936,23,1331115
936,24,1331115
936,0,1331115
937,57,1331115
937,57,1331115
937,57,1331115
937,40,1331115
937,40,1331115
937,40,1331115
938,22,1331115
939,2,1331115
939,2,1331115
939,12,1331115
940,29,1331115
940,29,1331115
940,23,1331115
940,23,1331115
941,4,1331117
941,12,1331117
941,11,1331117
941,4,1331117
941,10,1331117
941,4,1331117
941,8,1331117
941,4,1331117
941,9,1331117
941,4,1331117
941,4,1331117
941,4,1331117
941,7,1331117
941,2,1331117
941,13,1331117
941,4,1331117
941,19,1331117
941,4,1331117
941,3,1331117
941,4,1331117
941,14,1331117
941,15,1331117
941,1,1331117
941,4,1331117
941,16,1331117
941,4,1331117
941,17,1331117
941,18,1331117
941,4,1331117
941,4,1331117
941,4,1331117
941,20,1331117
941,4,1331117
941,21,1331117
941,4,1331117
941,22,1331117
941,4,1331117
941,4,1331117
941,24,1331117
941,4,1331117
941,25,1331117
941,4,1331117
941,26,1331117
941,4,1331117
941,27,1331117
941,4,1331117
941,28,1331117
941,4,1331117
941,29,1331117
941,23,1331117
941,30,1331117
941,4,1331117
941,31,1331117
941,4,1331117
941,32,1331117
941,4,1331117
941,33,1331117
941,4,1331117
941,34,1331117
941,4,1331117
941,35,1331117
941,4,1331117
941,36,1331117
941,4,1331117
941,4,1331117
942,38,1331117
942,37,1331117
942,39,1331117
942,41,1331117
942,5,1331117
942,40,1331117
942,5,1331117
942,37,1331117
942,42,1331117
942,41,1331117
942,43,1331117
942,45,1331117
942,41,1331117
942,46,1331117
942,41,1331117
942,41,1331117
942,47,1331117
942,48,1331117
942,45,1331117
942,49,1331117
942,45,1331117
942,50,1331117
942,43,1331117
942,44,1331117
942,51,1331117
942,43,1331117
942,52,1331117
942,54,1331117
942,5,1331117
942,6,1331117
942,5,1331117
942,55,1331117
942,5,1331117
942,56,1331117
942,5,1331117
942,5,1331117
942,57,1331117
942,43,1331117
942,43,1331117
942,45,1331117
942,58,1331117
942,59,1331117
942,60,1331117
942,61,1331117
942,62,1331117
942,63,1331117
942,64,1331117
942,64,1331117
942,65,1331117
942,66,1331117
942,64,1331117
942,64,1331117
942,53,1331117
942,5,1331117
942,81,1331117
942,68,1331117
942,67,1331117
942,69,1331117
942,67,1331117
942,70,1331117
942,67,1331117
942,71,1331117
942,67,1331117
942,72,1331117
942,67,1331117
942,73,1331117
942,67,1331117
942,67,1331117
942,67,1331117
942,74,1331117
942,75,1331117
942,67,1331117
942,76,1331117
942,67,1331117
942,78,1331117
942,67,1331117
942,79,1331117
942,67,1331117
942,77,1331117
942,80,1331117
942,45,1331117
942,82,1331117
942,83,1331117
942,45,1331117
942,5,1331117
942,84,1331117
942,85,1331117
942,85,1331117
942,86,1331117
942,87,1331117
942,88,1331117
942,87,1331117
942,5,1331117
942,89,1331117
942,67,1331117
942,90,1331117
942,92,1331117
942,5,1331117
942,93,1331117
942,5,1331117
942,0,1331117
942,5,1331117
942,94,1331117
942,5,1331117
942,5,1331117
942,95,1331117
942,67,1331117
942,91,1331117
942,96,1331117
942,67,1331117
942,98,1331117
942,99,1331117
942,100,1331117
942,101,1331117
942,102,1331117
942,101,1331117
942,103,1331117
942,101,1331117
942,104,1331117
942,5,1331117
942,105,1331117
942,5,1331117
942,106,1331117
942,107,1331117
942,108,1331117
942,5,1331117
942,109,1331117
942,5,1331117
942,111,1331117
942,5,1331117
942,112,1331117
942,5,1331117
942,113,1331117
942,5,1331117
942,114,1331117
942,5,1331117
942,5,1331117
942,99,1331117
942,99,1331117
942,110,1331117
942,5,1331117
942,116,1331117
942,117,1331117
942,116,1331117
942,5,1331117
942,118,1331117
942,119,1331117
942,120,1331117
942,121,1331117
942,5,1331117
942,122,1331117
942,5,1331117
942,101,1331117
942,101,1331117
942,123,1331117
942,99,1331117
942,124,1331117
942,99,1331117
942,125,1331117
942,99,1331117
942,126,1331117
942,99,1331117
942,127,1331117
942,128,1331117
942,129,1331117
942,115,1331117
942,130,1331117
942,131,1331117
942,132,1331117
942,133,1331117
942,132,1331117
942,132,1331117
942,77,1331117
942,134,1331117
942,144,1331117
942,135,1331117
942,77,1331117
942,5,1331117
942,132,1331117
942,77,1331117
942,77,1331117
942,77,1331117
942,137,1331117
942,110,1331117
942,138,1331117
942,139,1331117
942,138,1331117
942,140,1331117
942,77,1331117
942,77,1331117
942,141,1331117
942,142,1331117
942,143,1331117
942,136,1331117
942,145,1331117
942,132,1331117
942,146,1331117
942,5,1331117
942,147,1331117
942,5,1331117
942,148,1331117
942,5,1331117
942,149,1331117
942,5,1331117
942,150,1331117
942,5,1331117
942,151,1331117
942,5,1331117
942,97,1331117
942,5,1331117
942,5,1331117
942,155,1331117
942,5,1331117
942,154,1331117
942,5,1331117
942,153,1331117
942,5,1331117
942,152,1331117
942,5,1331117
942,5,1331117
943,2,1331117
943,12,1331117
943,4,1331117
943,10,1331117
943,10,1331117
943,4,1331117
943,11,1331117
943,11,1331117
943,4,1331117
943,12,1331117
943,4,1331117
943,4,1331117
943,13,1331117
943,4,1331117
943,19,1331117
943,19,1331117
943,3,1331117
943,3,1331117
943,3,1331117
943,4,1331117
943,3,1331117
943,3,1331117
943,4,1331117
943,13,1331117
943,4,1331117
943,2,1331117
943,2,1331117
943,31,1331117
943,31,1331117
943,4,1331117
943,2,1331117
943,21,1331117
943,4,1331117
943,20,1331117
943,20,1331117
943,4,1331117
943,7,1331117
943,7,1331117
943,21,1331117
943,8,1331117
943,4,1331117
943,2,1331117
943,9,1331117
943,9,1331117
943,4,1331117
943,4,1331117
943,9,1331117
943,9,1331117
943,4,1331117
943,8,1331117
943,9,1331117
944,4,1331117
944,17,1331117
944,17,1331117
944,4,1331117
944,16,1331117
944,16,1331117
944,1,1331117
944,15,1331117
944,4,1331117
944,1,1331117
944,1,1331117
944,1,1331117
944,14,1331117
944,14,1331117
944,1,1331117
945,4,1331117
945,18,1331117
945,4,1331117
945,18,1331117
946,115,1331117
946,115,1331117
946,116,1331117
946,117,1331117
946,117,1331117
946,116,1331117
947,101,1331117
947,128,1331117
947,128,1331117
947,101,1331117
947,128,1331117
947,128,1331117
947,128,1331117
947,121,1331117
947,121,1331117
947,120,1331117
947,119,1331117
947,119,1331117
947,5,1331117
948,123,1331118
948,123,1331118
948,99,1331118
949,100,1331118
949,100,1331118
949,100,1331118
949,101,1331118
949,101,1331118
949,100,1331118
949,101,1331118
949,100,1331118
949,102,1331118
949,102,1331118
949,102,1331118
949,101,1331118
949,102,1331118
949,102,1331118
949,100,1331118
949,99,1331118
949,127,1331118
949,106,1331118
949,106,1331118
949,124,1331118
949,124,1331118
949,99,1331118
949,125,1331118
949,99,1331118
949,126,1331118
949,125,1331118
949,99,1331118
949,127,1331118
949,99,1331118
949,122,1331118
949,122,1331118
949,99,1331118
949,126,1331118
950,5,1331118
950,5,1331118
950,107,1331118
950,107,1331118
950,5,1331118
950,105,1331118
950,105,1331118
950,104,1331118
950,104,1331118
950,101,1331118
950,103,1331118
950,103,1331118
950,101,1331118
950,103,1331118
950,103,1331118
950,103,1331118
951,129,1331118
951,5,1331118
951,130,1331118
951,130,1331118
951,5,1331118
951,146,1331118
951,146,1331118
951,147,1331118
951,147,1331118
951,129,1331118
951,5,1331118
951,148,1331118
951,148,1331118
951,5,1331118
951,5,1331118
951,5,1331118
951,112,1331118
951,114,1331118
951,114,1331118
951,108,1331118
951,108,1331118
951,5,1331118
951,109,1331118
951,5,1331118
951,111,1331118
951,109,1331118
951,5,1331118
951,112,1331118
951,5,1331118
951,113,1331118
951,113,1331118
951,5,1331118
951,111,1331118
952,155,1331118
952,145,1331118
952,5,1331118
952,145,1331118
952,145,1331118
952,145,1331118
952,132,1331118
952,145,1331118
952,143,1331118
952,145,1331118
952,143,1331118
952,143,1331118
952,143,1331118
952,132,1331118
952,143,1331118
952,143,1331118
952,155,1331118
952,132,1331118
952,5,1331118
952,132,1331118
952,154,1331118
952,154,1331118
952,149,1331118
952,149,1331118
952,5,1331118
952,150,1331118
952,150,1331118
952,5,1331118
952,151,1331118
952,5,1331118
952,151,1331118
952,97,1331118
952,5,1331118
952,152,1331118
952,152,1331118
952,5,1331118
952,153,1331118
952,153,1331118
952,5,1331118
952,97,1331118
953,131,1331118
953,132,1331118
953,132,1331118
953,131,1331118
953,131,1331118
953,131,1331118
953,131,1331118
954,132,1331118
954,133,1331118
954,132,1331118
954,133,1331118
954,133,1331118
954,133,1331118
954,133,1331118
955,96,1331118
955,141,1331118
955,110,1331118
955,98,1331118
955,141,1331118
955,98,1331118
955,54,1331118
955,96,1331118
955,5,1331118
955,54,1331118
955,54,1331118
955,54,1331118
955,54,1331118
955,54,1331118
955,5,1331118
955,77,1331118
955,77,1331118
955,140,1331118
955,110,1331118
955,138,1331118
955,140,1331118
955,134,1331118
955,134,1331118
955,135,1331118
955,135,1331118
955,77,1331118
955,136,1331118
955,136,1331118
955,144,1331118
955,142,1331118
955,142,1331118
955,77,1331118
955,137,1331118
955,137,1331118
955,138,1331118
955,139,1331118
955,139,1331118
955,77,1331118
956,5,1331118
956,55,1331118
956,55,1331118
956,5,1331118
956,55,1331118
956,6,1331118
956,55,1331118
956,5,1331118
956,6,1331118
956,55,1331118
957,63,1331118
957,63,1331118
957,64,1331118
957,66,1331118
957,66,1331118
957,43,1331118
957,64,1331118
957,57,1331118
957,56,1331118
957,5,1331118
957,56,1331118
957,5,1331118
957,56,1331118
957,56,1331118
957,56,1331118
957,57,1331118
958,41,1331118
958,46,1331118
958,46,1331118
958,41,1331118
958,46,1331118
958,46,1331118
958,47,1331118
958,41,1331118
958,44,1331118
958,46,1331118
958,47,1331118
958,47,1331118
958,45,1331118
958,45,1331118
958,47,1331118
958,45,1331118
958,48,1331118
958,48,1331118
958,45,1331118
958,49,1331118
958,49,1331118
958,44,1331118
958,47,1331118
958,37,1331118
958,42,1331118
958,38,1331118
958,38,1331118
958,52,1331118
958,52,1331118
958,43,1331118
958,51,1331118
958,51,1331118
958,43,1331118
958,42,1331118
958,43,1331118
958,42,1331118
958,42,1331118
958,42,1331118
958,40,1331118
958,37,1331118
958,43,1331118
958,38,1331118
958,38,1331118
958,37,1331118
958,38,1331118
958,39,1331118
958,41,1331118
958,40,1331118
958,39,1331118
959,84,1331118
959,87,1331118
959,88,1331118
959,88,1331118
959,87,1331118
959,86,1331118
959,86,1331118
959,85,1331118
959,84,1331118
959,81,1331118
959,81,1331118
959,45,1331118
959,53,1331118
959,53,1331118
959,45,1331118
959,50,1331118
959,50,1331118
959,45,1331118
960,5,1331118
960,91,1331118
960,91,1331118
960,5,1331118
960,91,1331118
960,91,1331118
960,90,1331118
960,89,1331118
960,89,1331118
960,91,1331118
961,93,1331118
961,94,1331118
961,94,1331118
961,5,1331118
961,0,1331118
961,0,1331118
961,5,1331118
961,93,1331118
961,5,1331118
961,5,1331118
961,93,1331118
961,93,1331118
961,5,1331118
961,92,1331118
961,92,1331118
961,5,1331118
961,92,1331118
961,92,1331118
961,92,1331118
961,93,1331118
962,75,1331118
962,75,1331118
962,67,1331118
962,74,1331118
962,67,1331118
962,80,1331118
962,80,1331118
962,67,1331118
962,67,1331118
962,76,1331118
962,67,1331118
962,67,1331118
962,78,1331118
962,78,1331118
962,73,1331118
962,79,1331118
962,79,1331118
962,79,1331118
962,67,1331118
962,79,1331118
962,79,1331118
962,67,1331118
962,76,1331118
962,73,1331118
962,74,1331118
962,72,1331118
962,67,1331118
962,95,1331118
962,67,1331118
962,83,1331118
962,83,1331118
962,67,1331118
962,82,1331118
962,82,1331118
962,67,1331118
962,68,1331118
962,68,1331118
962,95,1331118
962,69,1331118
962,69,1331118
962,67,1331118
962,70,1331118
962,70,1331118
962,67,1331118
962,71,1331118
962,71,1331118
962,67,1331118
962,72,1331118
962,67,1331118
963,4,1331118
963,35,1331118
963,35,1331118
963,30,1331118
963,36,1331118
963,36,1331118
963,4,1331118
963,4,1331118
963,4,1331118
963,34,1331118
963,32,1331118
963,33,1331118
963,33,1331118
963,4,1331118
963,32,1331118
963,32,1331118
963,4,1331118
963,32,1331118
963,32,1331118
963,30,1331118
963,4,1331118
963,4,1331118
963,34,1331118
963,29,1331118
963,22,1331118
963,22,1331118
963,4,1331118
963,23,1331118
963,23,1331118
963,4,1331118
963,24,1331118
963,24,1331118
963,4,1331118
963,25,1331118
963,29,1331118
963,4,1331118
963,26,1331118
963,26,1331118
963,4,1331118
963,27,1331118
963,27,1331118
963,4,1331118
963,28,1331118
963,28,1331118
963,4,1331118
963,25,1331118
964,4,1331120
964,23,1331120
964,23,1331120
964,23,1331120
964,23,1331120
964,4,1331120
964,4,1331120
964,4,1331120
965,4,1331120
965,23,1331120
966,23,1331122
966,23,1331122
966,4,1331122
966,23,1331122
966,23,1331122
966,4,1331122
966,4,1331122
966,23,1331122
967,0,1331125
967,0,1331125
967,0,1331125
967,0,1331125
967,0,1331125
967,0,1331125
968,3,1331125
968,1,1331125
968,2,1331125
969,1,1331125
969,2,1331125
970,3,1331125
971,1,1331125
971,2,1331125
972,3,1331125
973,1,1331125
973,2,1331125
973,3,1331125
974,13,1331125
974,13,1331125
974,4,1331125
974,4,1331125
974,13,1331125
974,13,1331125
974,4,1331125
974,13,1331125
974,4,1331125
974,4,1331125
975,13,1331125
975,4,1331125
975,4,1331125
975,13,1331125
975,13,1331125
975,4,1331125
975,13,1331125
975,13,1331125
976,31,1331127
976,31,1331127
977,3,1331128
977,1,1331128
977,2,1331128
978,28,1331142
978,28,1331142
979,29,1331142
979,29,1331142
979,29,1331142
979,29,1331142
979,4,1331142
979,4,1331142
979,29,1331142
980,27,1331142
980,4,1331142
980,4,1331142
980,27,1331142
980,27,1331142
980,27,1331142
980,27,1331142
981,4,1331142
981,27,1331142
981,27,1331142
981,4,1331142
981,27,1331142
981,27,1331142
981,27,1331142
982,27,1331142
982,4,1331142
982,27,1331142
982,4,1331142
982,27,1331142
982,27,1331142
982,27,1331142
983,4,1331142
983,31,1331142
983,31,1331142
983,31,1331142
983,31,1331142
983,4,1331142
983,31,1331142
984,4,1331143
984,31,1331143
984,31,1331143
984,4,1331143
984,31,1331143
984,31,1331143
984,31,1331143
985,31,1331143
985,4,1331143
985,4,1331143
985,31,1331143
985,31,1331143
985,31,1331143
985,31,1331143
986,31,1331143
986,31,1331143
986,31,1331143
986,4,1331143
986,4,1331143
986,31,1331143
986,31,1331143
987,4,1331143
987,27,1331143
987,4,1331143
987,27,1331143
987,27,1331143
987,27,1331143
987,27,1331143
988,4,1331144
988,31,1331144
988,4,1331144
988,21,1331144
988,21,1331144
988,21,1331144
988,21,1331144
988,21,1331144
989,31,1331144
989,31,1331144
989,31,1331144
989,31,1331144
989,4,1331144
989,4,1331144
989,31,1331144
990,31,1331144
990,4,1331144
990,4,1331144
990,31,1331144
990,31,1331144
990,31,1331144
990,31,1331144
991,31,1331144
991,4,1331144
991,31,1331144
991,4,1331144
991,31,1331144
991,31,1331144
991,31,1331144
992,29,1331144
992,29,1331144
992,29,1331144
992,29,1331144
992,29,1331144
992,4,1331144
992,4,1331144
993,31,1331144
993,31,1331144
993,31,1331144
994,31,1331144
994,4,1331144
994,4,1331144
994,31,1331144
995,21,1331144
995,21,1331144
995,21,1331144
995,21,1331144
995,4,1331144
995,31,1331144
995,4,1331144
995,21,1331144
996,4,1331144
996,31,1331144
996,27,1331144
996,21,1331144
996,4,1331144
996,27,1331144
996,27,1331144
996,27,1331144
996,27,1331144
997,27,1331144
997,27,1331144
997,27,1331144
997,27,1331144
997,4,1331144
997,4,1331144
997,27,1331144
998,21,1331145
998,31,1331145
998,4,1331145
998,4,1331145
998,21,1331145
998,21,1331145
998,21,1331145
998,21,1331145
999,4,1331145
999,4,1331145
999,31,1331145
999,31,1331145
999,31,1331145
999,31,1331145
999,31,1331145
1000,31,1331145
1000,31,1331145
1000,31,1331145
1000,31,1331145
1000,4,1331145
1000,4,1331145
1000,31,1331145
1001,4,1331145
1001,4,1331145
1001,31,1331145
1001,31,1331145
1001,31,1331145
1001,31,1331145
1001,31,1331145
1002,31,1331145
1002,31,1331145
1002,31,1331145
1002,31,1331145
1002,4,1331145
1002,4,1331145
1002,31,1331145
1003,21,1331145
1003,4,1331145
1003,4,1331145
1003,21,1331145
1003,21,1331145
1003,21,1331145
1003,21,1331145
1004,27,1331145
1004,31,1331145
1004,4,1331145
1004,31,1331145
1004,21,1331145
1004,31,1331145
1004,31,1331145
1004,31,1331145
1004,31,1331145
1004,4,1331145
1005,31,1331145
1005,31,1331145
1005,31,1331145
1005,31,1331145
1005,4,1331145
1005,31,1331145
1005,21,1331145
1005,27,1331145
1005,4,1331145
1005,31,1331145
1006,32,1331147
1006,32,1331147
1007,12,1331147
1008,29,1331148
1008,29,1331148
1008,29,1331148
1008,29,1331148
1008,4,1331148
1008,31,1331148
1009,4,1331148
1009,29,1331148
1009,21,1331148
1009,27,1331148
1010,4,1331150
1010,29,1331150
1010,29,1331150
1010,29,1331150
1010,29,1331150
1010,4,1331150
1010,31,1331150
1010,21,1331150
1010,29,1331150
1011,4,1331152
1012,5,1331202
1013,1,1331204
1013,2,1331204
1013,3,1331204
1014,4,1331204
1015,4,1331204
1016,2,1331204
1016,8,1331204
1016,20,1331204
1016,4,1331204
1016,31,1331204
1016,28,1331204
1016,25,1331204
1016,26,1331204
1016,11,1331204
1016,24,1331204
1016,23,1331204
1016,22,1331204
1016,27,1331204
1016,2,1331204
1016,19,1331204
1016,3,1331204
1016,4,1331204
1016,16,1331204
1016,0,1331204
1016,0,1331204
1016,0,1331204
1016,12,1331204
1016,0,1331204
1016,0,1331204
1016,1,1331204
1016,1,1331204
1016,3,1331204
1016,0,1331204
1017,0,1331204
1017,0,1331204
1017,0,1331204
1017,0,1331204
1017,0,1331204
1017,57,1331204
1017,57,1331204
1017,57,1331204
1017,0,1331204
1017,57,1331204
1017,57,1331204
1017,57,1331204
1017,57,1331204
1017,57,1331204
1017,57,1331204
1017,40,1331204
1017,57,1331204
1017,40,1331204
1017,40,1331204
1017,0,1331204
1017,0,1331204
1017,0,1331204
1017,0,1331204
1017,0,1331204
1017,0,1331204
1017,5,1331204
1017,5,1331204
1017,40,1331204
1017,40,1331204
1017,40,1331204
1017,40,1331204
1017,40,1331204
1017,40,1331204
1017,40,1331204
1018,22,1331204
1019,4,1331204
1020,2,1331204
1020,12,1331204
1020,2,1331204
1021,57,1331204
1021,40,1331204
1021,40,1331204
1021,40,1331204
1021,57,1331204
1021,57,1331204
1022,4,1331210
1022,23,1331210
1022,23,1331210
1022,23,1331210
1022,23,1331210
1022,4,1331210
1022,4,1331210
1022,4,1331210
1023,4,1331210
1023,23,1331210
1024,13,1331214
1024,13,1331214
1025,13,1331214
1025,4,1331214
1025,4,1331214
1025,13,1331214
1025,13,1331214
1025,4,1331214
1025,13,1331214
1025,4,1331214
1025,4,1331214
1025,13,1331214
1026,0,1331217
1026,0,1331217
1026,0,1331217
1026,0,1331217
1026,0,1331217
1026,0,1331217
1027,1,1331217
1027,2,1331217
1027,3,1331217
1028,1,1331217
1028,2,1331217
1029,3,1331217
1030,1,1331217
1030,2,1331217
1031,3,1331217
1032,1,1331217
1032,2,1331217
1032,3,1331217
1033,5,1331218
1033,6,1331218
1033,5,1331218
1033,5,1331218
1034,5,1331218
1034,5,1331218
1034,6,1331218
1034,5,1331218
1034,5,1331218
1034,6,1331218
1034,5,1331218
1035,5,1331218
1035,5,1331218
1035,184,1331218
1035,5,1331218
1035,5,1331218
1035,6,1331218
1035,5,1331218
1035,184,1331218
1035,6,1331218
1035,5,1331218
1036,185,1331218
1036,185,1331218
1036,6,1331218
1036,5,1331218
1036,5,1331218
1036,184,1331218
1036,5,1331218
1036,5,1331218
1036,185,1331218
1036,6,1331218
1036,5,1331218
1036,5,1331218
1037,3,1331218
1037,2,1331218
1037,1,1331218
1038,5,1331221
1038,5,1331221
1039,5,1331223
1039,6,1331223
1039,5,1331223
1039,5,1331223
1040,5,1331223
1040,6,1331223
1040,5,1331223
1040,5,1331223
1040,6,1331223
1040,5,1331223
1040,5,1331223
1041,5,1331223
1041,186,1331223
1041,5,1331223
1041,5,1331223
1041,6,1331223
1041,187,1331223
1041,6,1331223
1041,5,1331223
1041,5,1331223
1041,5,1331223
1041,187,1331223
1041,186,1331223
1041,5,1331223
1041,5,1331223
1041,186,1331223
1041,5,1331223
1041,5,1331223
1041,6,1331223
1041,6,1331223
1041,5,1331223
1041,5,1331223
1041,187,1331223
1042,5,1331223
1042,5,1331223
1043,4,1331236
1044,12,1331237
1045,5,1331290
1046,4,1331290
1047,4,1331290
1047,4,1331290
1047,16,1331290
1047,0,1331290
1047,0,1331290
1047,0,1331290
1047,0,1331290
1047,0,1331290
1047,0,1331290
1047,1,1331290
1047,1,1331290
1047,3,1331290
1047,3,1331290
1047,19,1331290
1047,4,1331290
1047,12,1331290
1048,2,1331290
1048,11,1331290
1049,40,1331290
1049,22,1331290
1049,23,1331290
1049,24,1331290
1049,25,1331290
1049,26,1331290
1049,27,1331290
1049,40,1331290
1049,40,1331290
1049,40,1331290
1049,28,1331290
1049,40,1331290
1049,0,1331290
1049,0,1331290
1049,0,1331290
1049,0,1331290
1049,0,1331290
1049,0,1331290
1049,31,1331290
1049,20,1331290
1049,8,1331290
1049,2,1331290
1049,5,1331290
1050,57,1331290
1050,57,1331290
1050,57,1331290
1050,57,1331290
1050,57,1331290
1050,57,1331290
1050,57,1331290
1050,57,1331290
1050,57,1331290
1050,57,1331290
1050,5,1331290
1050,0,1331290
1050,0,1331290
1050,0,1331290
1050,0,1331290
1050,0,1331290
1050,0,1331290
1050,40,1331290
1050,40,1331290
1050,40,1331290
1050,40,1331290
1050,40,1331290
1051,57,1331290
1051,57,1331290
1051,57,1331290
1051,40,1331290
1051,40,1331290
1051,40,1331290
1052,22,1331290
1053,2,1331290
1053,2,1331290
1053,12,1331290
1054,4,1331290
1055,4,1331297
1056,0,1331303
1056,0,1331303
1056,0,1331303
1056,0,1331303
1056,0,1331303
1056,0,1331303
1057,3,1331303
1057,3,1331303
1057,3,1331303
1058,3,1331303
1059,1,1331303
1059,2,1331303
1059,3,1331303
1060,1,1331303
1060,2,1331303
1061,3,1331303
1062,1,1331303
1062,2,1331303
1063,3,1331303
1064,1,1331303
1064,2,1331303
1064,3,1331303
1065,2,1331305
1065,3,1331305
1065,1,1331305
1066,15,1331317
1066,15,1331317
1066,19,1331317
1066,19,1331317
1066,19,1331317
1066,19,1331317
1066,19,1331317
1066,19,1331317
1067,4,1331317
1067,4,1331317
1067,19,1331317
1067,4,1331317
1067,19,1331317
1068,3,1331317
1068,3,1331317
1068,3,1331317
1068,3,1331317
1069,29,1331317
1069,29,1331317
1069,29,1331317
1069,29,1331317
1069,4,1331317
1069,4,1331317
1069,29,1331317
1070,4,1331322
1070,4,1331322
1070,29,1331322
1070,29,1331322
1070,29,1331322
1070,29,1331322
1071,29,1331322
1072,29,1331322
1072,29,1331322
1072,4,1331322
1072,4,1331322
1072,29,1331322
1072,29,1331322
1072,29,1331322
1072,29,1331322
1073,26,1331323
1073,26,1331323
1074,23,1331323
1074,23,1331323
1075,4,1331323
1075,23,1331323
1075,4,1331323
1075,29,1331323
1075,23,1331323
1075,23,1331323
1075,23,1331323
1075,4,1331323
1075,23,1331323
1075,4,1331323
1075,4,1331323
1076,29,1331323
1076,4,1331323
1076,4,1331323
1076,29,1331323
1076,29,1331323
1076,29,1331323
1076,29,1331323
1077,31,1331323
1077,31,1331323
1078,31,1331323
1078,4,1331323
1078,29,1331323
1078,4,1331323
1078,31,1331323
1078,31,1331323
1078,31,1331323
1078,31,1331323
1079,5,1331324
1080,6,1331324
1080,6,1331324
1080,5,1331324
1080,5,1331324
1080,6,1331324
1080,5,1331324
1080,5,1331324
1080,5,1331324
1081,5,1331324
1081,5,1331324
1082,188,1331324
1082,5,1331324
1082,5,1331324
1082,6,1331324
1082,189,1331324
1082,5,1331324
1082,188,1331324
1082,5,1331324
1082,5,1331324
1082,6,1331324
1082,189,1331324
1082,5,1331324
1082,5,1331324
1082,5,1331324
1082,188,1331324
1082,5,1331324
1082,5,1331324
1082,6,1331324
1082,6,1331324
1082,5,1331324
1082,5,1331324
1082,189,1331324
1083,5,1331324
1083,5,1331324
1084,19,1331325
1085,5,1331374
1086,4,1331374
1087,4,1331374
1087,4,1331374
1088,16,1331374
1089,1,1331374
1089,1,1331374
1089,0,1331374
1089,0,1331374
1089,0,1331374
1089,0,1331374
1089,0,1331374
1089,0,1331374
1090,3,1331374
1090,3,1331374
1090,19,1331374
1090,12,1331374
1091,2,1331374
1092,25,1331374
1092,4,1331374
1092,27,1331374
1092,28,1331374
1092,26,1331374
1092,20,1331374
1092,8,1331374
1092,2,1331374
1092,31,1331374
1093,11,1331374
1094,24,1331374
1094,23,1331374
1094,22,1331374
1095,40,1331374
1095,40,1331374
1095,40,1331374
1095,40,1331374
1095,40,1331374
1095,40,1331374
1095,40,1331374
1095,40,1331374
1095,40,1331374
1095,5,1331374
1095,0,1331374
1095,0,1331374
1095,0,1331374
1095,0,1331374
1095,0,1331374
1095,40,1331374
1095,0,1331374
1096,57,1331374
1096,57,1331374
1096,57,1331374
1096,57,1331374
1096,57,1331374
1096,57,1331374
1096,57,1331374
1096,57,1331374
1096,57,1331374
1096,57,1331374
1096,5,1331374
1096,0,1331374
1096,0,1331374
1096,0,1331374
1096,0,1331374
1096,0,1331374
1096,0,1331374
1097,40,1331374
1097,40,1331374
1097,40,1331374
1097,57,1331374
1097,57,1331374
1097,57,1331374
1098,22,1331374
1099,12,1331374
1099,2,1331374
1099,2,1331374
1100,11,1331376
1100,4,1331376
1100,4,1331376
1100,11,1331376
1100,4,1331376
1100,11,1331376
1100,11,1331376
1101,0,1331389
1101,0,1331389
1101,0,1331389
1101,0,1331389
1101,0,1331389
1101,0,1331389
1102,2,1331390
1102,3,1331390
1102,1,1331390
1103,1,1331390
1103,2,1331390
1104,3,1331390
1105,1,1331390
1105,2,1331390
1106,3,1331390
1107,2,1331390
1107,1,1331390
1107,3,1331390
1108,1,1331391
1108,2,1331391
1109,3,1331391
1110,6,1331397
1110,5,1331397
1110,5,1331397
1110,6,1331397
1110,5,1331397
1110,5,1331397
1110,5,1331397
1110,5,1331397
1110,6,1331397
1111,5,1331397
1111,5,1331397
1112,5,1331397
1112,5,1331397
1112,6,1331397
1112,190,1331397
1112,5,1331397
1112,5,1331397
1112,191,1331397
1112,5,1331397
1112,5,1331397
1112,6,1331397
1112,190,1331397
1112,190,1331397
1112,5,1331397
1112,191,1331397
1112,5,1331397
1112,5,1331397
1112,6,1331397
1112,6,1331397
1112,5,1331397
1112,5,1331397
1112,191,1331397
1112,5,1331397
1113,5,1331397
1113,5,1331397
1114,6,1331404
1114,5,1331404
1114,5,1331404
1114,6,1331404
1114,5,1331404
1114,5,1331404
1114,6,1331404
1114,5,1331404
1114,5,1331404
1115,5,1331404
1115,5,1331404
1116,5,1331405
1116,5,1331405
1116,6,1331405
1116,192,1331405
1116,5,1331405
1116,5,1331405
1116,193,1331405
1116,5,1331405
1116,5,1331405
1116,6,1331405
1116,192,1331405
1116,5,1331405
1116,192,1331405
1116,5,1331405
1116,5,1331405
1116,6,1331405
1116,193,1331405
1116,5,1331405
1116,5,1331405
1116,193,1331405
1116,5,1331405
1116,6,1331405
1117,5,1331405
1117,5,1331405
1118,23,1331408
1118,4,1331408
1118,4,1331408
1118,23,1331408
1118,23,1331408
1118,23,1331408
1118,23,1331408
1118,4,1331408
1118,4,1331408
1118,23,1331408
1118,23,1331408
1118,4,1331408
1119,26,1331409
1119,4,1331409
1119,4,1331409
1119,26,1331409
1119,26,1331409
1119,26,1331409
1119,4,1331409
1119,26,1331409
1119,4,1331409
1119,4,1331409
1120,5,1331412
1121,5,1331412
1121,6,1331412
1121,5,1331412
1121,5,1331412
1121,5,1331412
1121,6,1331412
1121,5,1331412
1121,6,1331412
1121,5,1331412
1122,5,1331412
1123,194,1331412
1123,5,1331412
1123,5,1331412
1124,194,1331412
1124,5,1331412
1124,5,1331412
1124,5,1331412
1124,195,1331412
1124,6,1331412
1124,5,1331412
1124,5,1331412
1124,5,1331412
1124,5,1331412
1124,195,1331412
1124,195,1331412
1124,5,1331412
1124,194,1331412
1124,5,1331412
1124,5,1331412
1124,6,1331412
1124,6,1331412
1124,6,1331412
1125,5,1331412
1125,5,1331412
1126,5,1331548
1127,4,1331548
1128,4,1331548
1128,4,1331548
1129,16,1331548
1129,0,1331548
1129,0,1331548
1129,0,1331548
1129,0,1331548
1129,0,1331548
1129,0,1331548
1129,1,1331548
1129,1,1331548
1130,25,1331548
1130,26,1331548
1130,27,1331548
1130,28,1331548
1130,31,1331548
1130,20,1331548
1130,2,1331548
1130,2,1331548
1130,3,1331548
1130,3,1331548
1130,8,1331548
1130,12,1331548
1130,19,1331548
1131,24,1331548
1131,23,1331548
1131,4,1331548
1131,11,1331548
1131,22,1331548
1132,40,1331548
1132,5,1331548
1132,40,1331548
1132,40,1331548
1132,40,1331548
1132,40,1331548
1132,0,1331548
1132,0,1331548
1132,0,1331548
1132,0,1331548
1132,0,1331548
1132,0,1331548
1133,57,1331548
1133,57,1331548
1133,57,1331548
1133,57,1331548
1133,57,1331548
1133,57,1331548
1133,57,1331548
1133,57,1331548
1133,57,1331548
1133,57,1331548
1133,5,1331548
1133,0,1331548
1133,0,1331548
1133,0,1331548
1133,0,1331548
1133,0,1331548
1133,40,1331548
1133,40,1331548
1133,40,1331548
1133,40,1331548
1133,40,1331548
1133,0,1331548
1134,57,1331548
1134,57,1331548
1134,57,1331548
1134,40,1331548
1134,40,1331548
1134,40,1331548
1135,22,1331548
1136,2,1331548
1136,2,1331548
1136,12,1331548
1137,0,1331550
1137,0,1331550
1137,0,1331550
1137,0,1331550
1137,0,1331550
1137,0,1331550
1138,1,1331550
1138,2,1331550
1139,3,1331550
1140,1,1331550
1140,2,1331550
1141,3,1331550
1142,1,1331550
1142,2,1331550
1143,3,1331550
1144,1,1331550
1144,2,1331550
1144,3,1331550
1145,4,1331551
1146,1,1331552
1146,2,1331552
1146,3,1331552
1147,4,1331554
1148,5,1331555
1148,6,1331555
1148,5,1331555
1148,5,1331555
1148,6,1331555
1148,5,1331555
1149,5,1331555
1149,5,1331555
1149,6,1331555
1149,5,1331555
1149,5,1331555
1150,5,1331555
1150,5,1331555
1150,6,1331555
1150,5,1331555
1150,5,1331555
1150,6,1331555
1150,5,1331555
1150,5,1331555
1150,5,1331555
1150,6,1331555
1150,5,1331555
1151,5,1331555
1152,5,1331555
1152,5,1331555
1152,5,1331555
1152,5,1331555
1152,196,1331555
1152,6,1331555
1152,5,1331555
1152,5,1331555
1152,196,1331555
1152,6,1331555
1153,6,1331555
1153,197,1331555
1153,5,1331555
1153,5,1331555
1153,196,1331555
1153,5,1331555
1153,6,1331555
1153,197,1331555
1153,197,1331555
1153,5,1331555
1153,5,1331555
1153,5,1331555
1154,5,1331555
1155,5,1331555
1156,5,1331575
1157,6,1331575
1157,5,1331575
1157,5,1331575
1157,6,1331575
1157,5,1331575
1157,5,1331575
1157,5,1331575
1157,6,1331575
1157,5,1331575
1158,5,1331575
1159,5,1331576
1159,6,1331576
1159,5,1331576
1160,5,1331634
1161,4,1331635
1162,4,1331635
1162,4,1331635
1162,16,1331635
1162,0,1331635
1162,0,1331635
1162,0,1331635
1162,0,1331635
1162,0,1331635
1162,0,1331635
1162,1,1331635
1163,2,1331635
1163,12,1331635
1163,11,1331635
1163,19,1331635
1163,3,1331635
1163,3,1331635
1163,1,1331635
1163,4,1331635
1164,40,1331635
1164,40,1331635
1164,40,1331635
1164,0,1331635
1164,0,1331635
1164,0,1331635
1164,0,1331635
1164,0,1331635
1164,0,1331635
1164,5,1331635
1164,22,1331635
1164,57,1331635
1164,57,1331635
1164,57,1331635
1164,57,1331635
1164,57,1331635
1164,57,1331635
1164,57,1331635
1164,57,1331635
1164,40,1331635
1164,57,1331635
1164,40,1331635
1164,57,1331635
1164,24,1331635
1164,2,1331635
1164,8,1331635
1164,20,1331635
1164,31,1331635
1164,0,1331635
1164,0,1331635
1164,0,1331635
1164,0,1331635
1164,0,1331635
1164,0,1331635
1164,23,1331635
1164,40,1331635
1164,40,1331635
1164,40,1331635
1164,40,1331635
1164,40,1331635
1164,28,1331635
1164,27,1331635
1164,5,1331635
1164,26,1331635
1164,25,1331635
1165,22,1331635
1166,2,1331635
1166,12,1331635
1166,2,1331635
1167,40,1331635
1167,40,1331635
1167,40,1331635
1167,57,1331635
1167,57,1331635
1167,57,1331635
1168,0,1331637
1168,0,1331637
1168,0,1331637
1168,0,1331637
1168,0,1331637
1168,0,1331637
1169,2,1331637
1169,1,1331637
1170,3,1331637
1171,1,1331637
1171,2,1331637
1172,3,1331637
1173,2,1331637
1173,1,1331637
1174,3,1331637
1175,1,1331637
1175,2,1331637
1175,3,1331637
1176,1,1331638
1176,2,1331638
1177,3,1331638
1178,5,1331649
1179,5,1331649
1179,5,1331649
1179,6,1331649
1179,6,1331649
1179,5,1331649
1179,5,1331649
1179,6,1331649
1179,5,1331649
1180,5,1331649
1180,5,1331649
1181,5,1331650
1181,6,1331650
1181,5,1331650
1182,29,1331658
1182,4,1331658
1182,4,1331658
1182,29,1331658
1182,29,1331658
1182,29,1331658
1182,29,1331658
1183,29,1331658
1183,4,1331658
1183,4,1331658
1183,29,1331658
1183,29,1331658
1183,29,1331658
1183,29,1331658
1184,5,1331658
1184,4,1331658
1184,4,1331658
1185,3,1331658
1185,1,1331658
1185,1,1331658
1185,0,1331658
1185,0,1331658
1185,0,1331658
1185,0,1331658
1185,0,1331658
1185,16,1331658
1185,0,1331658
1186,11,1331658
1186,4,1331658
1186,12,1331658
1186,3,1331658
1186,19,1331658
1187,2,1331658
1188,0,1331658
1188,57,1331658
1188,0,1331658
1188,0,1331658
1188,0,1331658
1188,0,1331658
1188,0,1331658
1188,5,1331658
1188,27,1331658
1188,57,1331658
1188,57,1331658
1188,57,1331658
1188,57,1331658
1188,57,1331658
1188,57,1331658
1188,57,1331658
1188,57,1331658
1188,40,1331658
1188,57,1331658
1188,40,1331658
1188,28,1331658
1188,40,1331658
1188,2,1331658
1188,40,1331658
1188,0,1331658
1188,0,1331658
1188,0,1331658
1188,0,1331658
1188,0,1331658
1188,0,1331658
1188,8,1331658
1188,20,1331658
1188,40,1331658
1188,40,1331658
1188,40,1331658
1188,40,1331658
1188,40,1331658
1188,31,1331658
1188,40,1331658
1188,5,1331658
1189,22,1331658
1189,23,1331658
1189,24,1331658
1189,26,1331658
1189,25,1331658
1190,29,1331658
1190,29,1331658
1190,29,1331658
1191,29,1331658
1191,4,1331658
1192,4,1331658
1192,29,1331658
1193,57,1331658
1193,57,1331658
1193,57,1331658
1193,40,1331658
1193,40,1331658
1193,40,1331658
1194,22,1331658
1195,2,1331658
1195,2,1331658
1195,12,1331658
1196,12,1331664
1197,29,1331670
1197,29,1331670
1197,29,1331670
1197,29,1331670
1197,4,1331670
1197,4,1331670
1197,29,1331670
1198,5,1331718
1199,4,1331718
1200,4,1331718
1200,4,1331718
1201,16,1331718
1201,0,1331718
1201,0,1331718
1201,0,1331718
1201,0,1331718
1201,0,1331718
1201,0,1331718
1201,1,1331718
1201,1,1331718
1201,3,1331718
1202,2,1331718
1202,12,1331718
1202,11,1331718
1202,4,1331718
1202,3,1331718
1202,19,1331718
1203,2,1331718
1203,8,1331718
1203,20,1331718
1203,31,1331718
1204,0,1331718
1204,0,1331718
1204,0,1331718
1204,0,1331718
1204,5,1331718
1204,57,1331718
1204,57,1331718
1204,57,1331718
1204,57,1331718
1204,57,1331718
1204,57,1331718
1204,57,1331718
1204,57,1331718
1204,57,1331718
1204,24,1331718
1204,23,1331718
1204,22,1331718
1204,0,1331718
1204,57,1331718
1204,40,1331718
1204,0,1331718
1204,40,1331718
1204,0,1331718
1204,0,1331718
1204,0,1331718
1204,0,1331718
1204,0,1331718
1204,5,1331718
1204,28,1331718
1204,40,1331718
1204,40,1331718
1204,0,1331718
1204,40,1331718
1204,40,1331718
1204,27,1331718
1204,26,1331718
1204,25,1331718
1204,40,1331718
1204,40,1331718
1204,40,1331718
1204,40,1331718
1205,57,1331718
1205,57,1331718
1205,57,1331718
1205,40,1331718
1205,40,1331718
1205,40,1331718
1206,22,1331718
1207,2,1331718
1207,2,1331718
1207,12,1331718
1208,4,1331719
1209,4,1331719
1210,4,1331719
1211,4,1331719
1212,4,1331719
1213,7,1331723
1213,4,1331723
1213,8,1331723
1213,4,1331723
1213,9,1331723
1213,4,1331723
1213,4,1331723
1213,10,1331723
1213,4,1331723
1213,11,1331723
1213,4,1331723
1213,12,1331723
1213,4,1331723
1213,13,1331723
1213,4,1331723
1213,4,1331723
1213,4,1331723
1213,3,1331723
1213,4,1331723
1213,4,1331723
1213,14,1331723
1213,15,1331723
1213,1,1331723
1213,4,1331723
1213,16,1331723
1213,4,1331723
1213,17,1331723
1213,4,1331723
1213,18,1331723
1213,4,1331723
1213,19,1331723
1213,20,1331723
1213,2,1331723
1213,21,1331723
1213,4,1331723
1213,22,1331723
1213,4,1331723
1213,23,1331723
1213,24,1331723
1213,4,1331723
1213,25,1331723
1213,4,1331723
1213,26,1331723
1213,4,1331723
1213,27,1331723
1213,4,1331723
1213,28,1331723
1213,4,1331723
1213,29,1331723
1213,4,1331723
1213,30,1331723
1213,4,1331723
1213,31,1331723
1213,4,1331723
1213,4,1331723
1213,4,1331723
1213,33,1331723
1213,32,1331723
1213,34,1331723
1213,4,1331723
1213,35,1331723
1213,4,1331723
1213,36,1331723
1213,4,1331723
1213,4,1331723
1214,43,1331723
1214,37,1331723
1214,38,1331723
1214,37,1331723
1214,39,1331723
1214,40,1331723
1214,41,1331723
1214,5,1331723
1214,5,1331723
1214,41,1331723
1214,44,1331723
1214,48,1331723
1214,46,1331723
1214,41,1331723
1214,41,1331723
1214,47,1331723
1214,45,1331723
1214,45,1331723
1214,49,1331723
1214,45,1331723
1214,50,1331723
1214,42,1331723
1214,45,1331723
1214,41,1331723
1214,43,1331723
1214,43,1331723
1214,43,1331723
1214,54,1331723
1214,5,1331723
1214,6,1331723
1214,5,1331723
1214,55,1331723
1214,5,1331723
1214,56,1331723
1214,5,1331723
1214,5,1331723
1214,57,1331723
1214,43,1331723
1214,53,1331723
1214,64,1331723
1214,58,1331723
1214,59,1331723
1214,60,1331723
1214,61,1331723
1214,62,1331723
1214,63,1331723
1214,64,1331723
1214,64,1331723
1214,65,1331723
1214,66,1331723
1214,64,1331723
1214,52,1331723
1214,51,1331723
1214,45,1331723
1214,92,1331723
1214,45,1331723
1214,67,1331723
1214,69,1331723
1214,67,1331723
1214,70,1331723
1214,67,1331723
1214,71,1331723
1214,67,1331723
1214,72,1331723
1214,67,1331723
1214,73,1331723
1214,67,1331723
1214,68,1331723
1214,80,1331723
1214,74,1331723
1214,67,1331723
1214,75,1331723
1214,67,1331723
1214,76,1331723
1214,67,1331723
1214,78,1331723
1214,67,1331723
1214,79,1331723
1214,67,1331723
1214,77,1331723
1214,67,1331723
1214,81,1331723
1214,67,1331723
1214,67,1331723
1214,5,1331723
1214,84,1331723
1214,85,1331723
1214,85,1331723
1214,86,1331723
1214,87,1331723
1214,88,1331723
1214,87,1331723
1214,5,1331723
1214,89,1331723
1214,90,1331723
1214,82,1331723
1214,91,1331723
1214,5,1331723
1214,93,1331723
1214,5,1331723
1214,0,1331723
1214,5,1331723
1214,94,1331723
1214,5,1331723
1214,5,1331723
1214,95,1331723
1214,67,1331723
1214,83,1331723
1214,5,1331723
1214,96,1331723
1214,154,1331723
1214,98,1331723
1214,99,1331723
1214,100,1331723
1214,101,1331723
1214,101,1331723
1214,103,1331723
1214,101,1331723
1214,104,1331723
1214,5,1331723
1214,105,1331723
1214,5,1331723
1214,107,1331723
1214,5,1331723
1214,108,1331723
1214,5,1331723
1214,109,1331723
1214,5,1331723
1214,111,1331723
1214,5,1331723
1214,112,1331723
1214,5,1331723
1214,113,1331723
1214,5,1331723
1214,114,1331723
1214,106,1331723
1214,99,1331723
1214,122,1331723
1214,99,1331723
1214,5,1331723
1214,115,1331723
1214,116,1331723
1214,117,1331723
1214,116,1331723
1214,5,1331723
1214,118,1331723
1214,119,1331723
1214,120,1331723
1214,121,1331723
1214,5,1331723
1214,5,1331723
1214,5,1331723
1214,101,1331723
1214,101,1331723
1214,123,1331723
1214,99,1331723
1214,124,1331723
1214,99,1331723
1214,125,1331723
1214,99,1331723
1214,126,1331723
1214,99,1331723
1214,127,1331723
1214,128,1331723
1214,129,1331723
1214,102,1331723
1214,130,1331723
1214,131,1331723
1214,132,1331723
1214,133,1331723
1214,132,1331723
1214,132,1331723
1214,77,1331723
1214,134,1331723
1214,144,1331723
1214,135,1331723
1214,77,1331723
1214,136,1331723
1214,132,1331723
1214,77,1331723
1214,77,1331723
1214,77,1331723
1214,137,1331723
1214,138,1331723
1214,139,1331723
1214,138,1331723
1214,5,1331723
1214,77,1331723
1214,77,1331723
1214,141,1331723
1214,110,1331723
1214,142,1331723
1214,143,1331723
1214,140,1331723
1214,145,1331723
1214,132,1331723
1214,5,1331723
1214,146,1331723
1214,147,1331723
1214,5,1331723
1214,148,1331723
1214,5,1331723
1214,149,1331723
1214,5,1331723
1214,150,1331723
1214,5,1331723
1214,151,1331723
1214,5,1331723
1214,97,1331723
1214,5,1331723
1214,5,1331723
1214,5,1331723
1214,110,1331723
1214,155,1331723
1214,153,1331723
1214,5,1331723
1214,152,1331723
1214,5,1331723
1214,5,1331723
1214,5,1331723
1215,4,1331724
1215,2,1331724
1215,4,1331724
1215,2,1331724
1215,4,1331724
1215,9,1331724
1215,9,1331724
1215,4,1331724
1215,9,1331724
1215,9,1331724
1215,7,1331724
1215,8,1331724
1215,4,1331724
1215,7,1331724
1215,4,1331724
1215,20,1331724
1215,20,1331724
1215,4,1331724
1215,2,1331724
1215,21,1331724
1215,8,1331724
1215,2,1331724
1215,4,1331724
1215,10,1331724
1215,21,1331724
1215,4,1331724
1215,3,1331724
1215,3,1331724
1215,4,1331724
1215,3,1331724
1215,3,1331724
1215,4,1331724
1215,19,1331724
1215,4,1331724
1215,19,1331724
1215,13,1331724
1215,4,1331724
1215,12,1331724
1215,12,1331724
1215,4,1331724
1215,11,1331724
1215,11,1331724
1215,4,1331724
1215,10,1331724
1215,13,1331724
1215,4,1331724
1215,27,1331724
1215,31,1331724
1215,4,1331724
1215,28,1331724
1215,4,1331724
1215,27,1331724
1215,4,1331724
1215,26,1331724
1215,26,1331724
1215,4,1331724
1215,25,1331724
1215,29,1331724
1215,25,1331724
1215,24,1331724
1215,24,1331724
1215,4,1331724
1215,23,1331724
1215,23,1331724
1215,4,1331724
1215,22,1331724
1215,22,1331724
1215,31,1331724
1215,4,1331724
1215,29,1331724
1215,28,1331724
1215,30,1331724
1215,4,1331724
1215,32,1331724
1215,32,1331724
1215,4,1331724
1215,32,1331724
1215,32,1331724
1215,4,1331724
1215,4,1331724
1215,33,1331724
1215,4,1331724
1215,34,1331724
1215,33,1331724
1215,4,1331724
1215,30,1331724
1215,34,1331724
1215,36,1331724
1215,4,1331724
1215,4,1331724
1215,35,1331724
1215,35,1331724
1215,36,1331724
1216,4,1331724
1216,16,1331724
1216,18,1331724
1216,18,1331724
1216,4,1331724
1216,17,1331724
1216,17,1331724
1216,4,1331724
1216,16,1331724
1216,14,1331724
1216,1,1331724
1216,14,1331724
1216,15,1331724
1216,1,1331724
1216,4,1331724
1216,4,1331724
1216,1,1331724
1216,1,1331724
1217,115,1331724
1217,116,1331724
1217,117,1331724
1217,117,1331724
1217,116,1331724
1217,115,1331724
1218,101,1331724
1218,128,1331724
1218,128,1331724
1218,128,1331724
1218,101,1331724
1218,128,1331724
1218,5,1331724
1218,121,1331724
1218,120,1331724
1218,119,1331724
1218,119,1331724
1218,121,1331724
1219,122,1331724
1219,99,1331724
1219,106,1331724
1219,99,1331724
1219,100,1331724
1219,100,1331724
1219,101,1331724
1219,100,1331724
1219,101,1331724
1219,100,1331724
1219,122,1331724
1219,100,1331724
1219,99,1331724
1219,106,1331724
1219,127,1331724
1219,123,1331724
1219,123,1331724
1219,124,1331724
1219,124,1331724
1219,99,1331724
1219,125,1331724
1219,99,1331724
1219,99,1331724
1219,127,1331724
1219,126,1331724
1219,126,1331724
1219,99,1331724
1219,125,1331724
1220,97,1331724
1220,154,1331724
1220,5,1331724
1220,153,1331724
1220,153,1331724
1220,152,1331724
1220,152,1331724
1220,5,1331724
1220,97,1331724
1220,5,1331724
1220,149,1331724
1220,151,1331724
1220,5,1331724
1220,150,1331724
1220,150,1331724
1220,5,1331724
1220,154,1331724
1220,149,1331724
1220,5,1331724
1220,148,1331724
1220,148,1331724
1220,151,1331724
1220,5,1331724
1220,145,1331724
1220,155,1331724
1220,132,1331724
1220,131,1331724
1220,131,1331724
1220,132,1331724
1220,131,1331724
1220,131,1331724
1220,143,1331724
1220,132,1331724
1220,143,1331724
1220,143,1331724
1220,132,1331724
1220,143,1331724
1220,143,1331724
1220,145,1331724
1220,132,1331724
1220,145,1331724
1220,5,1331724
1220,132,1331724
1220,145,1331724
1220,145,1331724
1220,5,1331724
1220,155,1331724
1220,147,1331724
1220,5,1331724
1220,5,1331724
1220,5,1331724
1220,107,1331724
1220,107,1331724
1220,5,1331724
1220,105,1331724
1220,105,1331724
1220,5,1331724
1220,104,1331724
1220,104,1331724
1220,101,1331724
1220,108,1331724
1220,103,1331724
1220,101,1331724
1220,103,1331724
1220,103,1331724
1220,101,1331724
1220,102,1331724
1220,102,1331724
1220,101,1331724
1220,102,1331724
1220,102,1331724
1220,147,1331724
1220,103,1331724
1220,5,1331724
1220,108,1331724
1220,109,1331724
1220,146,1331724
1220,146,1331724
1220,5,1331724
1220,130,1331724
1220,130,1331724
1220,5,1331724
1220,129,1331724
1220,129,1331724
1220,5,1331724
1220,109,1331724
1220,114,1331724
1220,114,1331724
1220,113,1331724
1220,5,1331724
1220,5,1331724
1220,111,1331724
1220,5,1331724
1220,111,1331724
1220,112,1331724
1220,5,1331724
1220,113,1331724
1220,112,1331724
1221,77,1331724
1221,136,1331724
1221,136,1331724
1221,135,1331724
1221,77,1331724
1221,135,1331724
1221,144,1331724
1221,132,1331724
1221,134,1331724
1221,132,1331724
1221,133,1331724
1221,133,1331724
1221,133,1331724
1221,133,1331724
1221,134,1331724
1222,43,1331724
1222,51,1331724
1222,51,1331724
1222,43,1331724
1222,52,1331724
1222,52,1331724
1222,64,1331724
1222,64,1331724
1222,66,1331724
1222,42,1331724
1222,63,1331724
1222,63,1331724
1222,43,1331724
1222,57,1331724
1222,57,1331724
1222,5,1331724
1222,66,1331724
1222,42,1331724
1222,43,1331724
1222,42,1331724
1222,56,1331724
1222,44,1331724
1222,44,1331724
1222,37,1331724
1222,41,1331724
1222,38,1331724
1222,38,1331724
1222,37,1331724
1222,38,1331724
1222,38,1331724
1222,37,1331724
1222,39,1331724
1222,39,1331724
1222,41,1331724
1222,40,1331724
1222,40,1331724
1222,42,1331724
1222,43,1331724
1222,56,1331724
1222,137,1331724
1222,56,1331724
1222,98,1331724
1222,98,1331724
1222,110,1331724
1222,141,1331724
1222,141,1331724
1222,77,1331724
1222,140,1331724
1222,110,1331724
1222,140,1331724
1222,139,1331724
1222,138,1331724
1222,137,1331724
1222,77,1331724
1222,142,1331724
1222,142,1331724
1222,5,1331724
1222,138,1331724
1222,96,1331724
1222,139,1331724
1222,77,1331724
1222,56,1331724
1222,96,1331724
1222,5,1331724
1222,55,1331724
1222,5,1331724
1222,55,1331724
1222,55,1331724
1222,5,1331724
1222,55,1331724
1222,6,1331724
1222,54,1331724
1222,5,1331724
1222,54,1331724
1222,54,1331724
1222,5,1331724
1222,54,1331724
1222,6,1331724
1222,54,1331724
1223,67,1331724
1223,68,1331724
1223,68,1331724
1223,67,1331724
1223,67,1331724
1223,69,1331724
1223,70,1331724
1223,70,1331724
1223,82,1331724
1223,67,1331724
1223,69,1331724
1223,82,1331724
1223,5,1331724
1223,83,1331724
1223,83,1331724
1223,67,1331724
1223,95,1331724
1223,95,1331724
1223,67,1331724
1223,94,1331724
1223,94,1331724
1223,5,1331724
1223,0,1331724
1223,71,1331724
1223,67,1331724
1223,71,1331724
1223,78,1331724
1223,72,1331724
1223,0,1331724
1223,79,1331724
1223,79,1331724
1223,67,1331724
1223,79,1331724
1223,79,1331724
1223,67,1331724
1223,78,1331724
1223,67,1331724
1223,76,1331724
1223,76,1331724
1223,67,1331724
1223,75,1331724
1223,75,1331724
1223,67,1331724
1223,74,1331724
1223,74,1331724
1223,67,1331724
1223,80,1331724
1223,80,1331724
1223,67,1331724
1223,73,1331724
1223,73,1331724
1223,67,1331724
1223,72,1331724
1223,67,1331724
1223,5,1331724
1223,5,1331724
1223,93,1331724
1223,45,1331724
1223,53,1331724
1223,53,1331724
1223,45,1331724
1223,50,1331724
1223,50,1331724
1223,45,1331724
1223,49,1331724
1223,49,1331724
1223,45,1331724
1223,48,1331724
1223,81,1331724
1223,48,1331724
1223,47,1331724
1223,47,1331724
1223,45,1331724
1223,47,1331724
1223,47,1331724
1223,41,1331724
1223,46,1331724
1223,46,1331724
1223,41,1331724
1223,46,1331724
1223,46,1331724
1223,45,1331724
1223,81,1331724
1223,93,1331724
1223,84,1331724
1223,45,1331724
1223,5,1331724
1223,93,1331724
1223,93,1331724
1223,5,1331724
1223,92,1331724
1223,92,1331724
1223,92,1331724
1223,5,1331724
1223,91,1331724
1223,91,1331724
1223,5,1331724
1223,92,1331724
1223,91,1331724
1223,90,1331724
1223,89,1331724
1223,89,1331724
1223,87,1331724
1223,88,1331724
1223,88,1331724
1223,87,1331724
1223,86,1331724
1223,86,1331724
1223,85,1331724
1223,84,1331724
1223,91,1331724
1224,0,1331724
1224,0,1331724
1224,0,1331724
1224,0,1331724
1224,0,1331724
1224,0,1331724
1225,1,1331724
1225,2,1331724
1225,3,1331724
1226,1,1331724
1226,2,1331724
1227,3,1331724
1228,1,1331724
1228,2,1331724
1229,3,1331724
1230,1,1331724
1230,2,1331724
1231,3,1331724
1232,1,1331725
1232,2,1331725
1232,3,1331725
1233,4,1331726
1233,23,1331726
1233,23,1331726
1233,23,1331726
1233,23,1331726
1233,4,1331726
1233,4,1331726
1233,4,1331726
1234,4,1331726
1234,23,1331726
1235,13,1331727
1235,4,1331727
1235,4,1331727
1235,13,1331727
1235,13,1331727
1235,4,1331727
1235,13,1331727
1235,4,1331727
1235,4,1331727
1235,13,1331727
1236,23,1331729
1236,4,1331729
1236,23,1331729
1236,23,1331729
1236,4,1331729
1236,4,1331729
1236,23,1331729
1236,23,1331729
1236,23,1331729
1236,23,1331729
1237,34,1331732
1237,34,1331732
1238,4,1331757
1239,5,1331808
1240,4,1331808
1241,4,1331808
1241,19,1331808
1241,3,1331808
1241,1,1331808
1241,1,1331808
1241,0,1331808
1241,0,1331808
1241,3,1331808
1241,0,1331808
1241,0,1331808
1241,0,1331808
1241,16,1331808
1241,0,1331808
1241,4,1331808
1241,4,1331808
1242,12,1331808
1242,2,1331808
1242,11,1331808
1243,23,1331808
1243,40,1331808
1243,0,1331808
1243,0,1331808
1243,0,1331808
1243,0,1331808
1243,0,1331808
1243,0,1331808
1243,5,1331808
1243,57,1331808
1243,57,1331808
1243,57,1331808
1243,57,1331808
1243,57,1331808
1243,40,1331808
1243,57,1331808
1243,57,1331808
1243,57,1331808
1243,57,1331808
1243,22,1331808
1243,57,1331808
1243,40,1331808
1243,0,1331808
1243,40,1331808
1243,2,1331808
1243,8,1331808
1243,20,1331808
1243,31,1331808
1243,0,1331808
1243,0,1331808
1243,0,1331808
1243,40,1331808
1243,0,1331808
1243,5,1331808
1243,0,1331808
1243,40,1331808
1243,24,1331808
1243,40,1331808
1243,26,1331808
1243,27,1331808
1243,25,1331808
1243,40,1331808
1243,40,1331808
1243,40,1331808
1243,28,1331808
1244,40,1331808
1244,40,1331808
1244,40,1331808
1244,57,1331808
1244,57,1331808
1244,57,1331808
1245,22,1331808
1246,2,1331808
1246,12,1331808
1246,2,1331808
1247,0,1331820
1247,0,1331820
1247,0,1331820
1247,0,1331820
1247,0,1331820
1247,0,1331820
1248,2,1331822
1248,2,1331822
1248,3,1331822
1248,3,1331822
1248,2,1331822
1248,1,1331822
1248,1,1331822
1248,3,1331822
1248,1,1331822
1249,2,1331822
1249,1,1331822
1249,3,1331822
1250,1,1331822
1250,2,1331822
1251,3,1331822
1252,1,1331822
1252,2,1331822
1253,3,1331822
1254,1,1331822
1254,2,1331822
1255,3,1331822
1256,2,1331822
1256,1,1331822
1257,3,1331822
1258,2,1331825
1258,1,1331825
1259,3,1331825
1260,29,1331827
1260,29,1331827
1261,4,1331827
1261,29,1331827
1261,29,1331827
1261,29,1331827
1261,29,1331827
1261,4,1331827
1261,29,1331827
1262,7,1331828
1262,7,1331828
1263,4,1331828
1263,4,1331828
1263,23,1331828
1263,4,1331828
1263,23,1331828
1263,4,1331828
1263,23,1331828
1263,23,1331828
1263,4,1331828
1263,23,1331828
1264,4,1331828
1264,27,1331828
1264,27,1331828
1264,27,1331828
1264,27,1331828
1264,4,1331828
1264,27,1331828
1265,29,1331828
1265,4,1331828
1265,4,1331828
1265,29,1331828
1265,29,1331828
1265,29,1331828
1265,29,1331828
1266,23,1331829
1266,23,1331829
1267,4,1331829
1267,4,1331829
1267,23,1331829
1267,23,1331829
1267,23,1331829
1267,4,1331829
1267,23,1331829
1267,23,1331829
1268,29,1331829
1268,29,1331829
1268,29,1331829
1268,29,1331829
1268,4,1331829
1268,4,1331829
1268,29,1331829
1269,4,1331829
1269,4,1331829
1269,23,1331829
1269,23,1331829
1269,23,1331829
1269,23,1331829
1269,4,1331829
1269,23,1331829
1269,23,1331829
1270,31,1331829
1270,4,1331829
1270,4,1331829
1270,31,1331829
1270,31,1331829
1270,31,1331829
1270,31,1331829
1270,31,1331829
1270,31,1331829
1271,23,1331829
1271,4,1331829
1271,4,1331829
1271,23,1331829
1271,23,1331829
1271,23,1331829
1271,23,1331829
1271,23,1331829
1271,4,1331829
1272,29,1331829
1272,29,1331829
1272,29,1331829
1272,29,1331829
1272,29,1331829
1272,4,1331829
1272,4,1331829
1273,23,1331830
1273,23,1331830
1273,4,1331830
1273,23,1331830
1273,4,1331830
1273,23,1331830
1273,4,1331830
1273,23,1331830
1273,23,1331830
1274,31,1331830
1274,31,1331830
1274,31,1331830
1274,31,1331830
1274,4,1331830
1274,4,1331830
1274,31,1331830
1275,29,1331830
1275,4,1331830
1275,23,1331830
1275,4,1331830
1275,29,1331830
1275,29,1331830
1275,29,1331830
1275,29,1331830
1276,23,1331830
1276,4,1331830
1276,23,1331830
1276,23,1331830
1276,23,1331830
1276,4,1331830
1276,4,1331830
1276,23,1331830
1277,31,1331830
1277,4,1331830
1277,31,1331830
1277,4,1331830
1277,31,1331830
1277,31,1331830
1277,31,1331830
1278,23,1331830
1278,4,1331830
1278,23,1331830
1278,23,1331830
1278,23,1331830
1278,4,1331830
1278,29,1331830
1278,23,1331830
1278,4,1331830
1278,23,1331830
1279,29,1331830
1279,4,1331830
1279,4,1331830
1279,29,1331830
1279,29,1331830
1279,29,1331830
1279,29,1331830
1280,23,1331830
1280,4,1331830
1280,23,1331830
1280,23,1331830
1280,23,1331830
1280,4,1331830
1280,23,1331830
1280,29,1331830
1280,4,1331830
1280,23,1331830
1281,4,1331830
1281,4,1331830
1281,31,1331830
1281,31,1331830
1281,31,1331830
1281,31,1331830
1281,31,1331830
1282,23,1331830
1282,4,1331830
1282,23,1331830
1282,23,1331830
1282,23,1331830
1282,4,1331830
1282,4,1331830
1282,23,1331830
1283,31,1331830
1283,4,1331830
1283,31,1331830
1283,4,1331830
1283,31,1331830
1283,31,1331830
1283,31,1331830
1284,23,1331830
1284,4,1331830
1284,23,1331830
1284,23,1331830
1284,23,1331830
1284,4,1331830
1284,23,1331830
1284,4,1331830
1284,23,1331830
1285,4,1331830
1285,29,1331830
1285,4,1331830
1285,29,1331830
1285,29,1331830
1285,29,1331830
1285,29,1331830
1286,29,1331831
1286,29,1331831
1286,29,1331831
1286,29,1331831
1286,4,1331831
1286,23,1331831
1286,4,1331831
1286,29,1331831
1287,23,1331831
1287,4,1331831
1287,23,1331831
1287,29,1331831
1287,4,1331831
1287,23,1331831
1287,23,1331831
1287,4,1331831
1287,23,1331831
1287,23,1331831
1288,29,1331831
1288,29,1331831
1288,29,1331831
1288,29,1331831
1288,4,1331831
1288,4,1331831
1289,29,1331831
1290,5,1331831
1290,5,1331831
1290,5,1331831
1290,6,1331831
1291,6,1331831
1291,5,1331831
1291,5,1331831
1291,5,1331831
1291,6,1331831
1291,5,1331831
1291,5,1331831
1292,5,1331832
1292,5,1331832
1292,198,1331832
1293,5,1331832
1293,5,1331832
1293,6,1331832
1293,199,1331832
1293,5,1331832
1293,5,1331832
1293,198,1331832
1293,5,1331832
1293,6,1331832
1293,198,1331832
1293,199,1331832
1293,5,1331832
1293,5,1331832
1293,5,1331832
1293,5,1331832
1293,6,1331832
1293,6,1331832
1293,199,1331832
1293,5,1331832
1294,5,1331832
1294,5,1331832
1295,31,1331833
1295,31,1331833
1295,31,1331833
1295,31,1331833
1295,4,1331833
1295,23,1331833
1295,29,1331833
1295,4,1331833
1295,31,1331833
1296,29,1331833
1296,4,1331833
1296,29,1331833
1296,23,1331833
1296,4,1331833
1296,29,1331833
1296,29,1331833
1296,29,1331833
1296,29,1331833
1296,29,1331833
1296,29,1331833
1297,31,1331834
1297,31,1331834
1297,31,1331834
1297,31,1331834
1297,4,1331834
1297,4,1331834
1297,31,1331834
1298,4,1331834
1298,29,1331834
1298,4,1331834
1298,23,1331834
1298,31,1331834
1298,31,1331834
1298,31,1331834
1298,31,1331834
1299,31,1331834
1300,31,1331834
1300,31,1331834
1300,31,1331834
1300,31,1331834
1300,4,1331834
1300,4,1331834
1300,31,1331834
1301,29,1331837
1301,23,1331837
1301,4,1331837
1301,4,1331837
1301,29,1331837
1301,29,1331837
1301,29,1331837
1301,29,1331837
1302,23,1331837
1302,4,1331837
1302,23,1331837
1302,4,1331837
1302,23,1331837
1302,4,1331837
1302,23,1331837
1302,23,1331837
1303,29,1331837
1303,29,1331837
1303,29,1331837
1304,29,1331837
1304,4,1331837
1304,4,1331837
1304,29,1331837
1305,4,1331837
1305,29,1331837
1305,4,1331837
1305,29,1331837
1305,29,1331837
1305,29,1331837
1305,29,1331837
1306,29,1331837
1306,29,1331837
1306,29,1331837
1306,29,1331837
1306,4,1331837
1306,29,1331837
1306,23,1331837
1306,4,1331837
1306,29,1331837
1307,29,1331837
1307,4,1331837
1307,4,1331837
1307,29,1331837
1307,29,1331837
1307,29,1331837
1307,29,1331837
1308,31,1331837
1308,31,1331837
1308,31,1331837
1308,31,1331837
1308,4,1331837
1308,29,1331837
1308,4,1331837
1308,31,1331837
1309,23,1331837
1309,23,1331837
1309,4,1331837
1309,4,1331837
1309,23,1331837
1309,23,1331837
1309,4,1331837
1309,23,1331837
1309,23,1331837
1309,23,1331837
1310,31,1331837
1310,31,1331837
1310,31,1331837
1310,31,1331837
1310,4,1331837
1310,4,1331837
1310,31,1331837
1311,31,1331838
1311,4,1331838
1311,31,1331838
1311,29,1331838
1311,31,1331838
1311,31,1331838
1311,31,1331838
1311,4,1331838
1312,29,1331839
1312,29,1331839
1312,29,1331839
1312,29,1331839
1312,4,1331839
1312,31,1331839
1312,29,1331839
1312,4,1331839
1312,29,1331839
1313,4,1331839
1313,31,1331839
1313,4,1331839
1313,31,1331839
1313,31,1331839
1313,31,1331839
1313,31,1331839
1314,29,1331843
1314,29,1331843
1314,29,1331843
1314,29,1331843
1314,4,1331843
1314,29,1331843
1314,31,1331843
1314,4,1331843
1314,29,1331843
1315,31,1331843
1315,4,1331843
1315,4,1331843
1315,31,1331843
1315,31,1331843
1315,31,1331843
1315,31,1331843
1316,4,1331843
1317,5,1331892
1318,4,1331892
1319,4,1331892
1319,4,1331892
1319,16,1331892
1320,3,1331892
1320,12,1331892
1320,19,1331892
1320,11,1331892
1320,3,1331892
1320,4,1331892
1320,1,1331892
1320,0,1331892
1320,0,1331892
1320,0,1331892
1320,0,1331892
1320,0,1331892
1320,1,1331892
1320,0,1331892
1321,2,1331892
1321,2,1331892
1321,8,1331892
1322,40,1331892
1322,40,1331892
1322,40,1331892
1322,40,1331892
1322,22,1331892
1322,24,1331892
1322,23,1331892
1322,40,1331892
1322,25,1331892
1322,5,1331892
1322,26,1331892
1322,0,1331892
1322,0,1331892
1322,0,1331892
1322,0,1331892
1322,0,1331892
1322,27,1331892
1322,28,1331892
1322,31,1331892
1322,20,1331892
1322,0,1331892
1323,57,1331892
1323,57,1331892
1323,57,1331892
1323,57,1331892
1323,57,1331892
1323,57,1331892
1323,57,1331892
1323,57,1331892
1323,57,1331892
1323,57,1331892
1323,5,1331892
1323,40,1331892
1323,0,1331892
1323,0,1331892
1323,40,1331892
1323,40,1331892
1323,40,1331892
1323,40,1331892
1323,0,1331892
1323,0,1331892
1323,0,1331892
1323,0,1331892
1324,57,1331892
1324,40,1331892
1324,40,1331892
1324,40,1331892
1324,57,1331892
1324,57,1331892
1325,22,1331892
1326,2,1331892
1326,2,1331892
1326,12,1331892
1327,4,1331895
1328,4,1331895
1329,0,1331906
1329,0,1331906
1329,0,1331906
1329,0,1331906
1329,0,1331906
1329,0,1331906
1330,1,1331909
1330,2,1331909
1330,3,1331909
1331,1,1331909
1331,2,1331909
1332,3,1331909
1333,1,1331909
1333,2,1331909
1334,3,1331909
1335,1,1331909
1335,2,1331909
1335,3,1331909
1336,1,1331911
1336,2,1331911
1336,3,1331911
1337,4,1331916
1337,31,1331916
1337,29,1331916
1337,4,1331916
1337,29,1331916
1337,29,1331916
1337,29,1331916
1337,29,1331916
1337,29,1331916
1338,31,1331916
1338,31,1331916
1339,31,1331916
1339,31,1331916
1339,31,1331916
1339,31,1331916
1339,4,1331916
1340,4,1331916
1340,31,1331916
1341,4,1331929
1342,5,1331980
1343,4,1331980
1344,4,1331980
1344,4,1331980
1345,1,1331980
1345,16,1331980
1345,0,1331980
1345,0,1331980
1345,0,1331980
1345,0,1331980
1345,0,1331980
1345,0,1331980
1345,1,1331980
1345,3,1331980
1345,4,1331980
1345,3,1331980
1345,19,1331980
1345,11,1331980
1345,12,1331980
1346,2,1331980
1347,8,1331980
1347,20,1331980
1347,2,1331980
1348,23,1331980
1348,24,1331980
1348,25,1331980
1348,26,1331980
1348,28,1331980
1348,40,1331980
1348,40,1331980
1348,40,1331980
1348,40,1331980
1348,27,1331980
1348,31,1331980
1348,5,1331980
1348,0,1331980
1348,0,1331980
1348,0,1331980
1348,0,1331980
1348,0,1331980
1348,0,1331980
1348,40,1331980
1349,57,1331980
1349,57,1331980
1349,57,1331980
1349,57,1331980
1349,57,1331980
1349,57,1331980
1349,57,1331980
1349,57,1331980
1349,57,1331980
1349,57,1331980
1349,5,1331980
1349,0,1331980
1349,0,1331980
1349,0,1331980
1349,0,1331980
1349,0,1331980
1349,0,1331980
1349,40,1331980
1349,40,1331980
1349,40,1331980
1349,40,1331980
1349,40,1331980
1349,22,1331980
1350,57,1331980
1350,57,1331980
1350,57,1331980
1350,40,1331980
1350,40,1331980
1350,40,1331980
1351,22,1331980
1352,2,1331980
1352,2,1331980
1352,12,1331980
1353,4,1331982
1354,0,1331993
1354,0,1331993
1354,0,1331993
1354,0,1331993
1354,0,1331993
1354,0,1331993
1355,2,1331995
1355,1,1331995
1355,3,1331995
1356,2,1331995
1356,1,1331995
1357,3,1331995
1358,2,1331995
1358,1,1331995
1359,3,1331995
1360,1,1331995
1360,2,1331995
1361,3,1331995
1362,1,1331997
1362,2,1331997
1362,3,1331997
1363,4,1332017
1364,4,1332019
1365,4,1332019
1366,4,1332150
1367,4,1332150
1368,4,1332150
1368,16,1332150
1369,12,1332150
1369,19,1332150
1369,3,1332150
1369,11,1332150
1369,3,1332150
1369,1,1332150
1369,4,1332150
1369,0,1332150
1369,0,1332150
1369,0,1332150
1369,0,1332150
1369,0,1332150
1369,0,1332150
1369,1,1332150
1370,5,1332150
1371,8,1332150
1371,2,1332150
1371,2,1332150
1372,40,1332150
1372,23,1332150
1372,24,1332150
1372,25,1332150
1372,26,1332150
1372,27,1332150
1372,28,1332150
1372,31,1332150
1372,40,1332150
1372,22,1332150
1372,40,1332150
1372,40,1332150
1372,20,1332150
1372,5,1332150
1372,0,1332150
1372,0,1332150
1372,0,1332150
1372,0,1332150
1372,0,1332150
1372,0,1332150
1372,40,1332150
1373,40,1332150
1373,40,1332150
1373,40,1332150
1373,40,1332150
1373,40,1332150
1374,57,1332150
1374,57,1332150
1374,57,1332150
1374,0,1332150
1374,57,1332150
1374,57,1332150
1374,57,1332150
1374,57,1332150
1374,57,1332150
1374,0,1332150
1374,57,1332150
1374,5,1332150
1374,57,1332150
1374,0,1332150
1374,0,1332150
1374,0,1332150
1374,0,1332150
1375,22,1332150
1376,57,1332150
1376,57,1332150
1376,57,1332150
1376,40,1332150
1376,40,1332150
1376,40,1332150
1377,2,1332150
1377,2,1332150
1377,12,1332150
1378,1,1332151
1378,2,1332151
1378,3,1332151
1379,0,1332152
1379,0,1332152
1379,0,1332152
1379,0,1332152
1379,0,1332152
1379,0,1332152
1380,1,1332152
1380,2,1332152
1381,3,1332152
1382,1,1332152
1382,2,1332152
1383,3,1332152
1384,1,1332152
1384,2,1332152
1385,3,1332152
1386,3,1332152
1386,1,1332152
1386,2,1332152
1387,1,1332154
1387,2,1332154
1387,3,1332154
1388,0,1332158
1388,5,1332158
1388,5,1332158
1388,91,1332158
1388,5,1332158
1388,5,1332158
1388,5,1332158
1388,85,1332158
1388,43,1332158
1388,84,1332158
1388,41,1332158
1388,41,1332158
1388,40,1332158
1388,43,1332158
1388,57,1332158
1388,5,1332158
1388,85,1332158
1389,43,1332158
1389,42,1332158
1389,87,1332158
1389,87,1332158
1389,87,1332158
1389,87,1332158
1389,45,1332158
1389,156,1332158
1389,43,1332158
1389,45,1332158
1389,45,1332158
1389,45,1332158
1389,44,1332158
1389,85,1332158
1389,43,1332158
1389,64,1332158
1389,64,1332158
1389,64,1332158
1389,64,1332158
1389,52,1332158
1389,43,1332158
1389,43,1332158
1389,51,1332158
1389,79,1332158
1389,6,1332158
1389,67,1332158
1389,67,1332158
1389,67,1332158
1389,90,1332158
1389,37,1332158
1389,43,1332158
1389,37,1332158
1389,156,1332158
1389,37,1332158
1389,5,1332158
1389,90,1332158
1389,67,1332158
1389,43,1332158
1389,85,1332158
1389,41,1332158
1389,132,1332158
1389,101,1332158
1389,118,1332158
1389,116,1332158
1389,116,1332158
1389,118,1332158
1389,120,1332158
1389,120,1332158
1389,120,1332158
1389,120,1332158
1389,101,1332158
1389,41,1332158
1389,41,1332158
1389,41,1332158
1389,41,1332158
1389,46,1332158
1389,77,1332158
1389,37,1332158
1389,77,1332158
1389,77,1332158
1389,132,1332158
1389,99,1332158
1389,99,1332158
1389,99,1332158
1389,99,1332158
1389,77,1332158
1389,5,1332158
1390,5,1332158
1390,55,1332158
1390,5,1332158
1390,5,1332158
1390,92,1332158
1390,5,1332158
1390,92,1332158
1391,55,1332158
1391,6,1332158
1391,5,1332158
1391,5,1332158
1392,5,1332158
1392,5,1332158
1392,6,1332158
1392,5,1332158
1392,5,1332158
1392,5,1332158
1392,0,1332158
1393,85,1332158
1393,85,1332158
1393,84,1332158
1393,41,1332158
1393,41,1332158
1393,40,1332158
1393,43,1332158
1393,43,1332158
1393,5,1332158
1393,5,1332158
1393,6,1332158
1393,5,1332158
1393,5,1332158
1393,5,1332158
1393,5,1332158
1393,6,1332158
1393,57,1332158
1394,5,1332158
1394,5,1332158
1394,0,1332158
1394,5,1332158
1395,5,1332158
1396,6,1332158
1396,200,1332158
1396,5,1332158
1396,5,1332158
1396,201,1332158
1396,5,1332158
1396,200,1332158
1396,6,1332158
1396,6,1332158
1396,5,1332158
1396,5,1332158
1396,201,1332158
1396,5,1332158
1397,5,1332159
1397,5,1332159
1397,5,1332159
1397,201,1332159
1397,5,1332159
1397,5,1332159
1397,200,1332159
1397,6,1332159
1397,5,1332159
1398,0,1332159
1398,85,1332159
1398,5,1332159
1398,5,1332159
1398,84,1332159
1398,85,1332159
1398,41,1332159
1398,5,1332159
1398,57,1332159
1398,43,1332159
1398,41,1332159
1398,43,1332159
1398,40,1332159
1399,91,1332159
1399,5,1332159
1399,5,1332159
1399,6,1332159
1400,5,1332159
1400,5,1332159
1401,31,1332174
1401,4,1332174
1401,4,1332174
1401,29,1332174
1401,31,1332174
1401,31,1332174
1401,31,1332174
1401,31,1332174
1402,5,1332174
1403,4,1332174
1404,4,1332174
1404,4,1332174
1405,1,1332174
1405,12,1332174
1405,11,1332174
1405,19,1332174
1405,3,1332174
1405,3,1332174
1405,4,1332174
1405,1,1332174
1405,0,1332174
1405,0,1332174
1405,0,1332174
1405,0,1332174
1405,0,1332174
1405,16,1332174
1405,0,1332174
1406,40,1332174
1406,40,1332174
1406,40,1332174
1406,40,1332174
1406,27,1332174
1406,28,1332174
1406,26,1332174
1406,25,1332174
1406,40,1332174
1406,31,1332174
1406,0,1332174
1406,0,1332174
1406,0,1332174
1406,0,1332174
1406,0,1332174
1406,0,1332174
1406,20,1332174
1406,8,1332174
1406,2,1332174
1406,2,1332174
1406,5,1332174
1407,57,1332174
1407,57,1332174
1407,57,1332174
1407,57,1332174
1407,40,1332174
1407,57,1332174
1407,57,1332174
1407,57,1332174
1407,57,1332174
1407,57,1332174
1407,57,1332174
1407,40,1332174
1407,0,1332174
1407,0,1332174
1407,0,1332174
1407,0,1332174
1407,0,1332174
1407,0,1332174
1407,5,1332174
1407,40,1332174
1407,40,1332174
1407,40,1332174
1408,24,1332174
1408,23,1332174
1408,22,1332174
1409,57,1332174
1409,57,1332174
1409,57,1332174
1409,40,1332174
1409,40,1332174
1409,40,1332174
1410,31,1332174
1410,31,1332174
1411,31,1332174
1411,31,1332174
1411,31,1332174
1411,31,1332174
1411,4,1332174
1412,31,1332174
1412,31,1332174
1412,4,1332174
1412,31,1332174
1412,31,1332174
1413,29,1332174
1413,29,1332174
1414,4,1332174
1414,4,1332174
1414,31,1332174
1414,31,1332174
1415,22,1332174
1416,23,1332174
1416,23,1332174
1417,2,1332174
1417,2,1332174
1417,12,1332174
1418,4,1332174
1418,31,1332174
1418,4,1332174
1418,31,1332174
1418,31,1332174
1418,31,1332174
1418,31,1332174
1419,29,1332176
1419,29,1332176
1419,29,1332176
1419,29,1332176
1419,4,1332176
1419,31,1332176
1419,4,1332176
1419,29,1332176
1420,27,1332177
1420,4,1332177
1420,4,1332177
1420,27,1332177
1420,27,1332177
1420,27,1332177
1420,27,1332177
1421,31,1332177
1421,31,1332177
1421,31,1332177
1421,31,1332177
1421,4,1332177
1421,29,1332177
1421,4,1332177
1421,31,1332177
1422,4,1332177
1422,4,1332177
1422,31,1332177
1422,31,1332177
1422,31,1332177
1422,31,1332177
1423,31,1332177
1424,29,1332177
1424,29,1332177
1424,29,1332177
1424,29,1332177
1424,4,1332177
1424,29,1332177
1424,4,1332177
1424,29,1332177
1425,4,1332178
1425,4,1332178
1425,31,1332178
1425,31,1332178
1425,31,1332178
1425,31,1332178
1425,31,1332178
1426,4,1332178
1426,4,1332178
1426,23,1332178
1426,4,1332178
1426,23,1332178
1426,23,1332178
1426,23,1332178
1426,4,1332178
1426,4,1332178
1426,23,1332178
1427,4,1332179
1427,31,1332179
1427,31,1332179
1427,31,1332179
1427,31,1332179
1428,4,1332179
1428,31,1332179
1429,4,1332181
1429,23,1332181
1429,4,1332181
1429,23,1332181
1429,23,1332181
1429,23,1332181
1429,4,1332181
1429,23,1332181
1430,4,1332181
1430,29,1332181
1430,4,1332181
1430,29,1332181
1430,29,1332181
1430,29,1332181
1430,29,1332181
1431,23,1332181
1431,4,1332181
1431,23,1332181
1431,23,1332181
1431,23,1332181
1431,4,1332181
1432,4,1332181
1432,23,1332181
1433,29,1332181
1433,4,1332181
1433,4,1332181
1433,29,1332181
1433,29,1332181
1433,29,1332181
1433,29,1332181
1434,31,1332181
1434,31,1332181
1434,31,1332181
1434,31,1332181
1434,4,1332181
1434,4,1332181
1434,31,1332181
1435,85,1332181
1435,85,1332181
1435,84,1332181
1435,41,1332181
1435,41,1332181
1435,5,1332181
1435,43,1332181
1435,43,1332181
1435,57,1332181
1435,40,1332181
1436,37,1332181
1436,37,1332181
1436,41,1332181
1436,41,1332181
1436,41,1332181
1436,41,1332181
1436,46,1332181
1436,77,1332181
1436,77,1332181
1436,77,1332181
1436,132,1332181
1436,99,1332181
1436,99,1332181
1436,99,1332181
1436,37,1332181
1436,77,1332181
1436,37,1332181
1436,5,1332181
1436,45,1332181
1436,99,1332181
1436,5,1332181
1436,6,1332181
1436,67,1332181
1436,67,1332181
1436,67,1332181
1436,79,1332181
1436,44,1332181
1436,87,1332181
1436,87,1332181
1436,87,1332181
1436,85,1332181
1436,156,1332181
1436,45,1332181
1436,45,1332181
1436,45,1332181
1436,87,1332181
1436,101,1332181
1436,43,1332181
1436,120,1332181
1436,43,1332181
1436,42,1332181
1436,156,1332181
1436,85,1332181
1436,90,1332181
1436,43,1332181
1436,120,1332181
1436,90,1332181
1436,5,1332181
1436,5,1332181
1436,91,1332181
1436,5,1332181
1436,5,1332181
1436,5,1332181
1436,0,1332181
1436,43,1332181
1436,41,1332181
1436,67,1332181
1436,132,1332181
1436,118,1332181
1436,116,1332181
1436,51,1332181
1436,43,1332181
1436,43,1332181
1436,52,1332181
1436,120,1332181
1436,64,1332181
1436,64,1332181
1436,64,1332181
1436,116,1332181
1436,43,1332181
1436,118,1332181
1436,101,1332181
1436,64,1332181
1436,120,1332181
1437,5,1332181
1438,132,1332181
1438,77,1332181
1438,144,1332181
1438,138,1332181
1438,110,1332181
1438,5,1332181
1438,132,1332181
1439,118,1332181
1439,5,1332181
1439,120,1332181
1439,118,1332181
1440,118,1332181
1440,120,1332181
1440,5,1332181
1440,118,1332181
1441,31,1332181
1441,4,1332181
1441,4,1332181
1441,31,1332181
1441,31,1332181
1441,31,1332181
1441,31,1332181
1442,23,1332183
1442,4,1332183
1442,23,1332183
1442,23,1332183
1442,23,1332183
1442,4,1332183
1442,4,1332183
1442,23,1332183
1443,4,1332185
1443,4,1332185
1443,27,1332185
1443,27,1332185
1443,27,1332185
1443,27,1332185
1444,27,1332185
1445,29,1332185
1445,29,1332185
1446,29,1332185
1446,29,1332185
1446,29,1332185
1446,29,1332185
1446,4,1332185
1446,4,1332185
1446,29,1332185
1447,4,1332185
1447,27,1332185
1447,4,1332185
1447,27,1332185
1447,27,1332185
1447,27,1332185
1447,27,1332185
1448,21,1332185
1448,21,1332185
1448,21,1332185
1448,21,1332185
1448,4,1332185
1448,4,1332185
1448,21,1332185
1449,23,1332185
1449,4,1332185
1449,4,1332185
1449,23,1332185
1449,23,1332185
1449,4,1332185
1449,23,1332185
1449,23,1332185
1450,29,1332187
1450,29,1332187
1450,29,1332187
1450,29,1332187
1450,29,1332187
1450,4,1332187
1450,4,1332187
1451,4,1332187
1451,23,1332187
1451,4,1332187
1451,23,1332187
1451,23,1332187
1451,23,1332187
1451,4,1332187
1451,23,1332187
1452,29,1332188
1452,29,1332188
1452,29,1332188
1453,29,1332188
1453,4,1332188
1453,4,1332188
1453,29,1332188
1454,23,1332188
1454,4,1332188
1454,4,1332188
1454,23,1332188
1454,23,1332188
1454,4,1332188
1454,23,1332188
1454,23,1332188
1455,29,1332188
1455,29,1332188
1455,29,1332188
1455,29,1332188
1455,4,1332188
1455,4,1332188
1455,29,1332188
1456,11,1332188
1457,4,1332188
1457,11,1332188
1457,11,1332188
1457,11,1332188
1457,4,1332188
1457,4,1332188
1458,31,1332188
1458,31,1332188
1458,31,1332188
1458,31,1332188
1458,31,1332188
1459,4,1332188
1459,31,1332188
1459,31,1332188
1459,4,1332188
1460,11,1332188
1460,11,1332188
1460,4,1332188
1460,11,1332188
1460,11,1332188
1461,5,1332237
1462,4,1332237
1463,4,1332237
1463,4,1332237
1464,3,1332237
1464,3,1332237
1464,1,1332237
1464,4,1332237
1464,12,1332237
1464,19,1332237
1464,1,1332237
1464,11,1332237
1464,0,1332237
1464,0,1332237
1464,0,1332237
1464,0,1332237
1464,0,1332237
1464,16,1332237
1464,0,1332237
1464,2,1332237
1465,25,1332237
1465,31,1332237
1465,40,1332237
1465,5,1332237
1465,27,1332237
1465,26,1332237
1465,28,1332237
1465,0,1332237
1465,0,1332237
1465,0,1332237
1465,0,1332237
1465,0,1332237
1465,20,1332237
1465,8,1332237
1465,2,1332237
1465,0,1332237
1466,0,1332237
1466,0,1332237
1466,5,1332237
1466,57,1332237
1466,57,1332237
1466,57,1332237
1466,57,1332237
1466,57,1332237
1466,0,1332237
1466,57,1332237
1466,57,1332237
1466,57,1332237
1466,57,1332237
1466,0,1332237
1466,57,1332237
1466,0,1332237
1466,40,1332237
1466,40,1332237
1466,40,1332237
1466,40,1332237
1466,24,1332237
1466,22,1332237
1466,23,1332237
1466,40,1332237
1466,40,1332237
1466,40,1332237
1466,40,1332237
1466,40,1332237
1466,0,1332237
1467,57,1332237
1467,57,1332237
1467,57,1332237
1467,40,1332237
1467,40,1332237
1467,40,1332237
1468,22,1332237
1469,2,1332237
1469,2,1332237
1469,12,1332237
1470,0,1332239
1470,0,1332239
1470,0,1332239
1470,0,1332239
1470,0,1332239
1470,0,1332239
1471,3,1332239
1471,2,1332239
1471,2,1332239
1471,3,1332239
1471,2,1332239
1471,1,1332239
1471,1,1332239
1471,1,1332239
1471,3,1332239
1472,1,1332239
1472,3,1332239
1472,2,1332239
1473,1,1332239
1473,2,1332239
1474,3,1332239
1475,1,1332239
1475,2,1332239
1476,3,1332239
1477,2,1332239
1477,1,1332239
1478,3,1332239
1479,1,1332239
1479,2,1332239
1480,3,1332239
1481,1,1332240
1481,2,1332240
1482,3,1332240
1483,5,1332264
1484,6,1332264
1484,5,1332264
1484,5,1332264
1485,6,1332264
1485,5,1332264
1485,5,1332264
1485,5,1332264
1485,5,1332264
1485,6,1332264
1485,5,1332264
1486,6,1332265
1486,5,1332265
1486,5,1332265
1487,4,1332269
1487,4,1332269
1487,23,1332269
1487,4,1332269
1487,23,1332269
1487,23,1332269
1488,23,1332269
1488,4,1332269
1488,4,1332269
1488,23,1332269
1489,31,1332270
1489,31,1332270
1490,31,1332270
1490,31,1332270
1490,31,1332270
1490,31,1332270
1490,4,1332270
1490,4,1332270
1490,31,1332270
1491,31,1332270
1491,31,1332270
1491,31,1332270
1491,31,1332270
1491,4,1332270
1491,4,1332270
1491,31,1332270
1492,4,1332271
1492,29,1332271
1492,29,1332271
1492,4,1332271
1492,29,1332271
1492,29,1332271
1492,29,1332271
1493,31,1332271
1493,31,1332271
1493,31,1332271
1493,31,1332271
1493,4,1332271
1493,4,1332271
1493,31,1332271
1494,29,1332271
1494,4,1332271
1494,4,1332271
1494,29,1332271
1494,29,1332271
1494,29,1332271
1494,29,1332271
1494,29,1332271
1494,29,1332271
1495,23,1332271
1495,23,1332271
1495,23,1332271
1495,23,1332271
1495,4,1332271
1495,23,1332271
1496,23,1332271
1496,4,1332271
1496,4,1332271
1496,23,1332271
1497,4,1332271
1497,29,1332271
1497,4,1332271
1497,29,1332271
1497,29,1332271
1497,29,1332271
1497,29,1332271
1498,31,1332272
1499,31,1332272
1499,31,1332272
1499,31,1332272
1499,4,1332272
1499,4,1332272
1499,31,1332272
1500,31,1332272
1500,4,1332272
1500,4,1332272
1500,31,1332272
1500,31,1332272
1500,31,1332272
1500,31,1332272
1501,29,1332273
1501,29,1332273
1501,29,1332273
1501,29,1332273
1501,4,1332273
1501,4,1332273
1501,29,1332273
1502,4,1332273
1502,4,1332273
1502,31,1332273
1502,31,1332273
1502,31,1332273
1502,31,1332273
1502,31,1332273
1503,29,1332274
1503,29,1332274
1503,29,1332274
1503,29,1332274
1503,4,1332274
1503,4,1332274
1503,29,1332274
1504,4,1332274
1504,4,1332274
1504,23,1332274
1504,23,1332274
1504,23,1332274
1504,4,1332274
1504,23,1332274
1504,23,1332274
1505,4,1332274
1505,4,1332274
1505,29,1332274
1505,29,1332274
1505,29,1332274
1505,29,1332274
1505,29,1332274
1506,31,1332274
1506,31,1332274
1506,31,1332274
1506,31,1332274
1506,4,1332274
1506,4,1332274
1506,31,1332274
1507,4,1332274
1507,29,1332274
1507,4,1332274
1507,29,1332274
1507,29,1332274
1507,29,1332274
1507,29,1332274
1508,31,1332274
1508,31,1332274
1508,31,1332274
1508,31,1332274
1508,4,1332274
1508,4,1332274
1508,31,1332274
1509,29,1332274
1509,4,1332274
1509,29,1332274
1509,4,1332274
1509,29,1332274
1509,29,1332274
1509,29,1332274
1510,31,1332274
1510,31,1332274
1510,31,1332274
1510,31,1332274
1510,4,1332274
1510,4,1332274
1510,31,1332274
1511,15,1332274
1511,15,1332274
1512,4,1332274
1512,11,1332274
1512,11,1332274
1512,11,1332274
1512,4,1332274
1512,4,1332274
1512,11,1332274
1512,11,1332274
1513,4,1332276
1514,4,1332276
1515,5,1332327
1516,4,1332327
1517,19,1332327
1517,3,1332327
1517,3,1332327
1517,1,1332327
1517,1,1332327
1517,0,1332327
1517,0,1332327
1517,0,1332327
1517,0,1332327
1517,0,1332327
1517,16,1332327
1517,4,1332327
1517,4,1332327
1517,0,1332327
1518,2,1332327
1518,8,1332327
1518,11,1332327
1518,4,1332327
1518,12,1332327
1518,2,1332327
1519,23,1332327
1519,22,1332327
1519,40,1332327
1519,40,1332327
1519,40,1332327
1519,40,1332327
1519,40,1332327
1519,0,1332327
1519,0,1332327
1519,0,1332327
1519,0,1332327
1519,0,1332327
1519,5,1332327
1519,40,1332327
1519,0,1332327
1519,40,1332327
1519,25,1332327
1519,40,1332327
1519,31,1332327
1519,28,1332327
1519,27,1332327
1519,26,1332327
1519,40,1332327
1519,0,1332327
1519,20,1332327
1519,0,1332327
1519,0,1332327
1519,0,1332327
1519,0,1332327
1519,5,1332327
1519,24,1332327
1519,40,1332327
1519,0,1332327
1520,57,1332327
1520,57,1332327
1520,57,1332327
1520,57,1332327
1520,57,1332327
1520,57,1332327
1520,57,1332327
1520,57,1332327
1520,57,1332327
1520,57,1332327
1521,57,1332327
1521,57,1332327
1521,57,1332327
1521,40,1332327
1521,40,1332327
1521,40,1332327
1522,22,1332327
1523,2,1332327
1523,2,1332327
1523,12,1332327
1524,0,1332330
1524,0,1332330
1524,0,1332330
1524,0,1332330
1524,0,1332330
1524,0,1332330
1525,1,1332330
1525,2,1332330
1525,3,1332330
1526,1,1332330
1526,2,1332330
1527,3,1332330
1528,1,1332330
1528,2,1332330
1528,3,1332330
1529,1,1332330
1529,2,1332330
1530,3,1332330
1531,4,1332330
1531,4,1332330
1531,8,1332330
1531,4,1332330
1531,9,1332330
1531,4,1332330
1531,2,1332330
1531,4,1332330
1531,10,1332330
1531,4,1332330
1531,11,1332330
1531,4,1332330
1531,12,1332330
1531,4,1332330
1531,13,1332330
1531,4,1332330
1531,19,1332330
1531,4,1332330
1531,3,1332330
1531,4,1332330
1531,4,1332330
1531,14,1332330
1531,15,1332330
1531,1,1332330
1531,4,1332330
1531,16,1332330
1531,4,1332330
1531,17,1332330
1531,4,1332330
1531,18,1332330
1531,7,1332330
1531,4,1332330
1531,32,1332330
1531,4,1332330
1531,20,1332330
1531,22,1332330
1531,4,1332330
1531,23,1332330
1531,4,1332330
1531,24,1332330
1531,4,1332330
1531,4,1332330
1531,26,1332330
1531,4,1332330
1531,27,1332330
1531,4,1332330
1531,28,1332330
1531,4,1332330
1531,29,1332330
1531,25,1332330
1531,30,1332330
1531,4,1332330
1531,31,1332330
1531,4,1332330
1531,4,1332330
1531,33,1332330
1531,21,1332330
1531,4,1332330
1531,34,1332330
1531,4,1332330
1531,35,1332330
1531,4,1332330
1531,36,1332330
1531,4,1332330
1531,4,1332330
1532,55,1332330
1532,5,1332330
1532,5,1332330
1532,6,1332330
1532,56,1332330
1532,54,1332330
1532,5,1332330
1532,5,1332330
1532,59,1332330
1532,57,1332330
1532,43,1332330
1532,43,1332330
1532,64,1332330
1532,58,1332330
1532,60,1332330
1532,61,1332330
1532,77,1332330
1532,5,1332330
1532,96,1332330
1532,136,1332330
1532,87,1332330
1532,77,1332330
1532,134,1332330
1532,144,1332330
1532,135,1332330
1532,77,1332330
1532,62,1332330
1532,77,1332330
1532,142,1332330
1532,77,1332330
1532,77,1332330
1532,137,1332330
1532,138,1332330
1532,139,1332330
1532,138,1332330
1532,140,1332330
1532,77,1332330
1532,77,1332330
1532,141,1332330
1532,110,1332330
1532,110,1332330
1532,63,1332330
1532,41,1332330
1532,64,1332330
1532,47,1332330
1532,45,1332330
1532,48,1332330
1532,45,1332330
1532,49,1332330
1532,45,1332330
1532,50,1332330
1532,45,1332330
1532,41,1332330
1532,53,1332330
1532,81,1332330
1532,45,1332330
1532,5,1332330
1532,84,1332330
1532,85,1332330
1532,85,1332330
1532,86,1332330
1532,132,1332330
1532,45,1332330
1532,64,1332330
1532,41,1332330
1532,41,1332330
1532,65,1332330
1532,66,1332330
1532,64,1332330
1532,52,1332330
1532,43,1332330
1532,51,1332330
1532,43,1332330
1532,42,1332330
1532,46,1332330
1532,43,1332330
1532,5,1332330
1532,40,1332330
1532,41,1332330
1532,39,1332330
1532,37,1332330
1532,38,1332330
1532,37,1332330
1532,44,1332330
1532,5,1332330
1532,132,1332330
1532,98,1332330
1532,132,1332330
1532,126,1332330
1532,99,1332330
1532,127,1332330
1532,99,1332330
1532,122,1332330
1532,99,1332330
1532,106,1332330
1532,99,1332330
1532,99,1332330
1532,100,1332330
1532,101,1332330
1532,103,1332330
1532,101,1332330
1532,104,1332330
1532,5,1332330
1532,105,1332330
1532,5,1332330
1532,107,1332330
1532,101,1332330
1532,5,1332330
1532,125,1332330
1532,124,1332330
1532,133,1332330
1532,5,1332330
1532,115,1332330
1532,116,1332330
1532,117,1332330
1532,116,1332330
1532,5,1332330
1532,118,1332330
1532,99,1332330
1532,119,1332330
1532,121,1332330
1532,5,1332330
1532,5,1332330
1532,128,1332330
1532,101,1332330
1532,101,1332330
1532,123,1332330
1532,99,1332330
1532,120,1332330
1532,108,1332330
1532,102,1332330
1532,109,1332330
1532,5,1332330
1532,151,1332330
1532,5,1332330
1532,97,1332330
1532,5,1332330
1532,152,1332330
1532,5,1332330
1532,153,1332330
1532,5,1332330
1532,154,1332330
1532,5,1332330
1532,155,1332330
1532,5,1332330
1532,5,1332330
1532,145,1332330
1532,132,1332330
1532,143,1332330
1532,132,1332330
1532,131,1332330
1532,150,1332330
1532,5,1332330
1532,5,1332330
1532,5,1332330
1532,149,1332330
1532,5,1332330
1532,111,1332330
1532,5,1332330
1532,112,1332330
1532,5,1332330
1532,5,1332330
1532,114,1332330
1532,5,1332330
1532,113,1332330
1532,129,1332330
1532,5,1332330
1532,147,1332330
1532,5,1332330
1532,146,1332330
1532,148,1332330
1532,130,1332330
1532,5,1332330
1532,5,1332330
1533,67,1332330
1533,67,1332330
1533,70,1332330
1533,67,1332330
1533,71,1332330
1533,67,1332330
1533,72,1332330
1533,67,1332330
1533,73,1332330
1533,80,1332330
1533,67,1332330
1533,74,1332330
1533,67,1332330
1533,75,1332330
1533,67,1332330
1533,76,1332330
1533,78,1332330
1533,67,1332330
1533,79,1332330
1533,69,1332330
1533,67,1332330
1533,67,1332330
1533,67,1332330
1533,67,1332330
1533,68,1332330
1533,88,1332330
1533,87,1332330
1533,5,1332330
1533,89,1332330
1533,91,1332330
1533,5,1332330
1533,92,1332330
1533,5,1332330
1533,93,1332330
1533,90,1332330
1533,0,1332330
1533,5,1332330
1533,94,1332330
1533,5,1332330
1533,5,1332330
1533,95,1332330
1533,67,1332330
1533,83,1332330
1533,67,1332330
1533,5,1332330
1533,82,1332330
1534,32,1332331
1534,32,1332331
1534,32,1332331
1534,4,1332331
1534,33,1332331
1534,4,1332331
1534,4,1332331
1534,34,1332331
1534,34,1332331
1534,35,1332331
1534,4,1332331
1534,33,1332331
1534,32,1332331
1534,4,1332331
1534,4,1332331
1534,31,1332331
1534,31,1332331
1534,4,1332331
1534,21,1332331
1534,4,1332331
1534,20,1332331
1534,20,1332331
1534,35,1332331
1534,7,1332331
1534,7,1332331
1534,4,1332331
1534,32,1332331
1534,4,1332331
1534,21,1332331
1534,36,1332331
1534,22,1332331
1534,22,1332331
1534,4,1332331
1534,23,1332331
1534,4,1332331
1534,24,1332331
1534,24,1332331
1534,4,1332331
1534,25,1332331
1534,25,1332331
1534,4,1332331
1534,26,1332331
1534,26,1332331
1534,23,1332331
1534,27,1332331
1534,4,1332331
1534,4,1332331
1534,30,1332331
1534,30,1332331
1534,4,1332331
1534,29,1332331
1534,36,1332331
1534,4,1332331
1534,28,1332331
1534,28,1332331
1534,4,1332331
1534,27,1332331
1534,29,1332331
1535,11,1332331
1535,11,1332331
1535,4,1332331
1535,12,1332331
1535,12,1332331
1535,4,1332331
1535,13,1332331
1535,13,1332331
1535,4,1332331
1535,4,1332331
1535,19,1332331
1535,3,1332331
1535,3,1332331
1535,3,1332331
1535,3,1332331
1535,3,1332331
1535,4,1332331
1535,19,1332331
1535,4,1332331
1535,10,1332331
1535,10,1332331
1535,4,1332331
1535,8,1332331
1535,4,1332331
1535,9,1332331
1535,9,1332331
1535,9,1332331
1535,4,1332331
1535,9,1332331
1535,8,1332331
1535,4,1332331
1535,2,1332331
1535,2,1332331
1535,2,1332331
1535,4,1332331
1535,2,1332331
1535,4,1332331
1535,2,1332331
1535,9,1332331
1536,123,1332331
1536,99,1332331
1536,123,1332331
1537,102,1332331
1537,103,1332331
1537,102,1332331
1537,102,1332331
1537,101,1332331
1537,102,1332331
1537,102,1332331
1537,101,1332331
1537,103,1332331
1537,103,1332331
1537,101,1332331
1537,107,1332331
1537,5,1332331
1537,101,1332331
1537,104,1332331
1537,104,1332331
1537,5,1332331
1537,105,1332331
1537,105,1332331
1537,5,1332331
1537,107,1332331
1537,100,1332331
1537,103,1332331
1537,101,1332331
1537,103,1332331
1537,100,1332331
1537,100,1332331
1537,124,1332331
1537,124,1332331
1537,99,1332331
1537,125,1332331
1537,99,1332331
1537,126,1332331
1537,126,1332331
1537,99,1332331
1537,127,1332331
1537,127,1332331
1537,125,1332331
1537,122,1332331
1537,99,1332331
1537,101,1332331
1537,100,1332331
1537,100,1332331
1537,99,1332331
1537,100,1332331
1537,106,1332331
1537,106,1332331
1537,99,1332331
1537,122,1332331
1538,5,1332331
1538,5,1332331
1538,97,1332331
1538,97,1332331
1538,152,1332331
1538,151,1332331
1538,5,1332331
1538,5,1332331
1538,150,1332331
1538,150,1332331
1538,149,1332331
1538,5,1332331
1538,151,1332331
1538,153,1332331
1538,132,1332331
1538,5,1332331
1538,154,1332331
1538,154,1332331
1538,5,1332331
1538,155,1332331
1538,155,1332331
1538,5,1332331
1538,145,1332331
1538,145,1332331
1538,145,1332331
1538,149,1332331
1538,145,1332331
1538,145,1332331
1538,132,1332331
1538,153,1332331
1538,5,1332331
1538,152,1332331
1538,148,1332331
1538,108,1332331
1538,108,1332331
1538,5,1332331
1538,109,1332331
1538,109,1332331
1538,5,1332331
1538,111,1332331
1538,111,1332331
1538,5,1332331
1538,112,1332331
1538,112,1332331
1538,5,1332331
1538,148,1332331
1538,113,1332331
1538,5,1332331
1538,113,1332331
1538,114,1332331
1538,5,1332331
1538,147,1332331
1538,147,1332331
1538,5,1332331
1538,114,1332331
1538,146,1332331
1538,5,1332331
1538,146,1332331
1538,130,1332331
1538,5,1332331
1538,129,1332331
1538,129,1332331
1538,5,1332331
1538,130,1332331
1539,132,1332331
1539,131,1332331
1539,131,1332331
1539,132,1332331
1539,131,1332331
1539,131,1332331
1539,143,1332331
1539,131,1332331
1539,143,1332331
1539,143,1332331
1539,132,1332331
1539,143,1332331
1539,143,1332331
1539,143,1332331
1539,145,1332331
1539,132,1332331
1540,77,1332331
1540,136,1332331
1540,77,1332331
1540,135,1332331
1540,135,1332331
1540,144,1332331
1540,134,1332331
1540,136,1332331
1540,132,1332331
1540,133,1332331
1540,133,1332331
1540,132,1332331
1540,133,1332331
1540,133,1332331
1540,133,1332331
1540,134,1332331
1541,54,1332331
1541,5,1332331
1541,54,1332331
1541,5,1332331
1541,54,1332331
1541,54,1332331
1541,5,1332331
1541,54,1332331
1541,55,1332331
1541,6,1332331
1541,5,1332331
1541,55,1332331
1541,55,1332331
1541,5,1332331
1541,55,1332331
1541,55,1332331
1541,77,1332331
1541,6,1332331
1541,96,1332331
1541,54,1332331
1541,110,1332331
1541,142,1332331
1541,142,1332331
1541,77,1332331
1541,137,1332331
1541,138,1332331
1541,139,1332331
1541,139,1332331
1541,138,1332331
1541,137,1332331
1541,140,1332331
1541,140,1332331
1541,98,1332331
1541,98,1332331
1541,110,1332331
1541,96,1332331
1541,141,1332331
1541,77,1332331
1541,141,1332331
1542,45,1332331
1542,45,1332331
1542,48,1332331
1542,48,1332331
1542,45,1332331
1542,47,1332331
1542,47,1332331
1542,49,1332331
1542,46,1332331
1542,47,1332331
1542,41,1332331
1542,46,1332331
1542,46,1332331
1542,41,1332331
1542,46,1332331
1542,46,1332331
1542,49,1332331
1542,47,1332331
1542,45,1332331
1542,45,1332331
1542,50,1332331
1542,90,1332331
1542,89,1332331
1542,89,1332331
1542,87,1332331
1542,88,1332331
1542,88,1332331
1542,87,1332331
1542,86,1332331
1542,86,1332331
1542,85,1332331
1542,84,1332331
1542,84,1332331
1542,41,1332331
1542,81,1332331
1542,81,1332331
1542,45,1332331
1542,53,1332331
1542,53,1332331
1542,45,1332331
1542,50,1332331
1542,44,1332331
1542,47,1332331
1542,37,1332331
1542,52,1332331
1542,52,1332331
1542,64,1332331
1542,66,1332331
1542,66,1332331
1542,64,1332331
1542,63,1332331
1542,63,1332331
1542,43,1332331
1542,43,1332331
1542,57,1332331
1542,5,1332331
1542,56,1332331
1542,56,1332331
1542,5,1332331
1542,56,1332331
1542,56,1332331
1542,44,1332331
1542,57,1332331
1542,51,1332331
1542,56,1332331
1542,43,1332331
1542,51,1332331
1542,38,1332331
1542,37,1332331
1542,38,1332331
1542,38,1332331
1542,38,1332331
1542,37,1332331
1542,39,1332331
1542,39,1332331
1542,38,1332331
1542,40,1332331
1542,40,1332331
1542,43,1332331
1542,42,1332331
1542,42,1332331
1542,43,1332331
1542,42,1332331
1542,42,1332331
1542,42,1332331
1542,41,1332331
1543,82,1332331
1543,67,1332331
1543,69,1332331
1543,68,1332331
1543,67,1332331
1543,69,1332331
1543,68,1332331
1543,82,1332331
1543,67,1332331
1543,83,1332331
1543,83,1332331
1543,95,1332331
1543,95,1332331
1543,5,1332331
1543,94,1332331
1543,94,1332331
1543,67,1332331
1543,67,1332331
1543,70,1332331
1543,67,1332331
1543,67,1332331
1543,5,1332331
1543,67,1332331
1543,75,1332331
1543,75,1332331
1543,67,1332331
1543,74,1332331
1543,74,1332331
1543,67,1332331
1543,70,1332331
1543,80,1332331
1543,73,1332331
1543,73,1332331
1543,67,1332331
1543,72,1332331
1543,72,1332331
1543,67,1332331
1543,71,1332331
1543,71,1332331
1543,80,1332331
1543,0,1332331
1543,91,1332331
1543,5,1332331
1543,1,1332331
1543,5,1332331
1543,92,1332331
1543,92,1332331
1543,15,1332331
1543,14,1332331
1543,14,1332331
1543,5,1332331
1543,92,1332331
1543,92,1332331
1543,5,1332331
1543,91,1332331
1543,91,1332331
1543,5,1332331
1543,0,1332331
1543,91,1332331
1543,91,1332331
1543,1,1332331
1543,1,1332331
1543,92,1332331
1543,1,1332331
1543,4,1332331
1543,93,1332331
1543,93,1332331
1543,5,1332331
1543,93,1332331
1543,93,1332331
1543,93,1332331
1543,18,1332331
1543,18,1332331
1543,4,1332331
1543,4,1332331
1543,17,1332331
1543,17,1332331
1543,4,1332331
1543,16,1332331
1543,16,1332331
1543,4,1332331
1543,1,1332331
1544,79,1332331
1544,79,1332331
1544,79,1332331
1544,67,1332331
1544,67,1332331
1544,79,1332331
1544,76,1332331
1544,67,1332331
1544,78,1332331
1544,78,1332331
1544,67,1332331
1544,76,1332331
1544,79,1332331
1545,5,1332331
1545,101,1332331
1545,128,1332331
1545,128,1332331
1545,101,1332331
1545,128,1332331
1545,128,1332331
1545,128,1332331
1545,121,1332331
1545,119,1332331
1545,120,1332331
1545,121,1332331
1545,119,1332331
1545,116,1332331
1545,117,1332331
1545,117,1332331
1545,116,1332331
1545,115,1332331
1545,115,1332331
1546,1,1332332
1546,2,1332332
1546,3,1332332
1547,5,1332342
1547,5,1332342
1547,6,1332342
1547,6,1332342
1547,5,1332342
1547,5,1332342
1548,5,1332342
1548,5,1332342
1548,6,1332342
1548,5,1332342
1548,5,1332342
1549,5,1332342
1549,5,1332342
1549,202,1332342
1549,5,1332342
1549,6,1332342
1549,5,1332342
1549,203,1332342
1549,5,1332342
1549,6,1332342
1549,5,1332342
1549,203,1332342
1549,5,1332342
1549,5,1332342
1549,5,1332342
1549,202,1332342
1549,5,1332342
1549,6,1332342
1549,6,1332342
1549,5,1332342
1549,5,1332342
1549,202,1332342
1549,203,1332342
1550,5,1332342
1550,5,1332342
1551,11,1332352
1551,4,1332352
1551,4,1332352
1551,11,1332352
1551,4,1332352
1551,11,1332352
1551,11,1332352
1552,23,1332358
1552,4,1332358
1552,4,1332358
1552,23,1332358
1552,4,1332358
1552,23,1332358
1552,4,1332358
1552,4,1332358
1552,23,1332358
1553,23,1332358
1554,4,1332415
1555,4,1332415
1556,4,1332415
1556,16,1332415
1557,1,1332415
1557,19,1332415
1557,3,1332415
1557,4,1332415
1557,3,1332415
1557,1,1332415
1557,0,1332415
1557,0,1332415
1557,0,1332415
1557,11,1332415
1557,0,1332415
1557,0,1332415
1557,0,1332415
1557,12,1332415
1558,2,1332415
1559,5,1332415
1560,40,1332415
1560,40,1332415
1560,5,1332415
1560,40,1332415
1560,40,1332415
1560,40,1332415
1560,28,1332415
1560,27,1332415
1560,0,1332415
1560,20,1332415
1560,0,1332415
1560,0,1332415
1560,0,1332415
1560,0,1332415
1560,31,1332415
1560,8,1332415
1560,2,1332415
1560,0,1332415
1561,57,1332415
1561,57,1332415
1561,57,1332415
1561,57,1332415
1561,57,1332415
1561,5,1332415
1561,57,1332415
1561,57,1332415
1561,57,1332415
1561,57,1332415
1561,0,1332415
1561,57,1332415
1561,0,1332415
1561,0,1332415
1561,0,1332415
1561,26,1332415
1561,25,1332415
1561,24,1332415
1561,23,1332415
1561,40,1332415
1561,22,1332415
1561,40,1332415
1561,40,1332415
1561,40,1332415
1561,0,1332415
1561,0,1332415
1561,40,1332415
1562,22,1332415
1563,57,1332415
1563,57,1332415
1563,57,1332415
1563,40,1332415
1563,40,1332415
1563,40,1332415
1564,2,1332415
1564,2,1332415
1564,12,1332415
1565,0,1332417
1565,0,1332417
1565,0,1332417
1565,0,1332417
1565,0,1332417
1565,0,1332417
1566,2,1332417
1566,2,1332417
1566,2,1332417
1566,3,1332417
1566,1,1332417
1566,3,1332417
1566,1,1332417
1566,1,1332417
1566,3,1332417
1567,1,1332417
1567,3,1332417
1567,2,1332417
1568,1,1332417
1568,2,1332417
1568,3,1332417
1569,1,1332417
1569,2,1332417
1570,3,1332417
1571,1,1332417
1571,2,1332417
1571,3,1332417
1572,1,1332417
1572,2,1332417
1572,3,1332417
1573,1,1332419
1573,2,1332419
1574,3,1332419
1575,4,1332426
1575,4,1332426
1575,23,1332426
1575,4,1332426
1576,4,1332426
1576,23,1332426
1576,4,1332426
1576,23,1332426
1576,23,1332426
1576,23,1332426
1577,4,1332426
1577,4,1332426
1577,13,1332426
1577,4,1332426
1577,13,1332426
1577,13,1332426
1577,13,1332426
1577,4,1332426
1577,4,1332426
1577,13,1332426
1578,57,1332446
1578,57,1332446
1578,57,1332446
1578,40,1332446
1578,40,1332446
1578,40,1332446
1579,4,1332446
1580,5,1332498
1581,4,1332498
1582,4,1332498
1582,4,1332498
1583,3,1332498
1583,2,1332498
1583,12,1332498
1583,19,1332498
1583,3,1332498
1583,11,1332498
1583,4,1332498
1583,1,1332498
1583,1,1332498
1583,0,1332498
1583,0,1332498
1583,0,1332498
1583,0,1332498
1583,0,1332498
1583,0,1332498
1583,16,1332498
1584,5,1332498
1584,0,1332498
1584,0,1332498
1584,0,1332498
1584,0,1332498
1584,0,1332498
1584,57,1332498
1584,40,1332498
1584,0,1332498
1584,57,1332498
1584,57,1332498
1584,57,1332498
1584,40,1332498
1584,57,1332498
1584,57,1332498
1584,23,1332498
1584,57,1332498
1584,57,1332498
1584,57,1332498
1584,22,1332498
1584,57,1332498
1584,40,1332498
1584,40,1332498
1584,40,1332498
1584,2,1332498
1584,8,1332498
1584,20,1332498
1584,0,1332498
1584,0,1332498
1584,31,1332498
1584,0,1332498
1584,0,1332498
1584,0,1332498
1584,5,1332498
1584,0,1332498
1584,40,1332498
1584,24,1332498
1584,40,1332498
1584,26,1332498
1584,27,1332498
1584,25,1332498
1584,40,1332498
1584,40,1332498
1584,40,1332498
1584,28,1332498
1585,40,1332498
1585,40,1332498
1585,40,1332498
1585,57,1332498
1585,57,1332498
1585,57,1332498
1586,22,1332498
1587,12,1332498
1587,2,1332498
1587,2,1332498
1588,4,1332499
1589,5,1332502
1590,4,1332502
1591,19,1332502
1591,3,1332502
1591,19,1332502
1591,3,1332502
1591,1,1332502
1591,1,1332502
1591,0,1332502
1591,11,1332502
1591,0,1332502
1591,0,1332502
1591,0,1332502
1591,0,1332502
1591,4,1332502
1591,16,1332502
1591,4,1332502
1591,0,1332502
1592,40,1332502
1592,40,1332502
1592,27,1332502
1592,40,1332502
1592,28,1332502
1592,20,1332502
1592,31,1332502
1592,40,1332502
1592,40,1332502
1592,5,1332502
1592,0,1332502
1592,0,1332502
1592,12,1332502
1592,2,1332502
1592,2,1332502
1592,0,1332502
1592,0,1332502
1592,0,1332502
1592,0,1332502
1592,8,1332502
1593,0,1332502
1593,24,1332502
1593,0,1332502
1593,0,1332502
1593,0,1332502
1593,0,1332502
1593,0,1332502
1593,0,1332502
1593,0,1332502
1593,57,1332502
1593,57,1332502
1593,57,1332502
1593,57,1332502
1593,0,1332502
1593,0,1332502
1593,23,1332502
1593,22,1332502
1593,0,1332502
1593,57,1332502
1593,0,1332502
1593,57,1332502
1593,26,1332502
1593,40,1332502
1593,40,1332502
1593,40,1332502
1593,40,1332502
1593,40,1332502
1593,0,1332502
1593,0,1332502
1593,57,1332502
1593,0,1332502
1593,0,1332502
1593,0,1332502
1593,5,1332502
1593,25,1332502
1593,57,1332502
1593,57,1332502
1593,57,1332502
1593,0,1332502
1594,12,1332502
1594,2,1332502
1594,22,1332502
1594,2,1332502
1595,0,1332502
1595,0,1332502
1595,0,1332502
1595,0,1332502
1595,0,1332502
1595,5,1332502
1595,57,1332502
1595,57,1332502
1595,57,1332502
1595,57,1332502
1595,57,1332502
1595,57,1332502
1595,57,1332502
1595,57,1332502
1595,57,1332502
1595,57,1332502
1595,0,1332502
1595,0,1332502
1595,40,1332502
1595,0,1332502
1595,0,1332502
1595,0,1332502
1595,0,1332502
1595,0,1332502
1595,40,1332502
1595,40,1332502
1595,5,1332502
1595,40,1332502
1595,40,1332502
1595,40,1332502
1595,40,1332502
1595,40,1332502
1595,40,1332502
1595,40,1332502
1596,89,1332503
1597,57,1332503
1597,57,1332503
1597,57,1332503
1597,40,1332503
1597,40,1332503
1597,40,1332503
1598,5,1332503
1599,4,1332503
1600,11,1332503
1600,4,1332503
1600,1,1332503
1600,1,1332503
1600,0,1332503
1600,0,1332503
1600,0,1332503
1600,0,1332503
1600,0,1332503
1600,16,1332503
1600,4,1332503
1600,0,1332503
1601,40,1332503
1601,40,1332503
1601,40,1332503
1601,40,1332503
1601,40,1332503
1601,5,1332503
1601,0,1332503
1601,0,1332503
1601,0,1332503
1601,0,1332503
1601,0,1332503
1601,0,1332503
1601,4,1332503
1602,19,1332503
1602,40,1332503
1602,12,1332503
1602,3,1332503
1602,3,1332503
1603,57,1332503
1603,8,1332503
1603,2,1332503
1603,2,1332503
1603,57,1332503
1603,57,1332503
1603,57,1332503
1603,57,1332503
1603,57,1332503
1603,57,1332503
1603,57,1332503
1603,57,1332503
1603,5,1332503
1603,0,1332503
1603,0,1332503
1603,0,1332503
1603,0,1332503
1603,0,1332503
1603,57,1332503
1603,0,1332503
1603,40,1332503
1603,40,1332503
1603,40,1332503
1603,40,1332503
1604,26,1332503
1604,27,1332503
1604,25,1332503
1604,31,1332503
1604,20,1332503
1604,28,1332503
1605,24,1332503
1605,23,1332503
1605,22,1332503
1606,57,1332503
1606,57,1332503
1606,57,1332503
1606,40,1332503
1606,40,1332503
1606,40,1332503
1607,22,1332503
1608,2,1332503
1608,2,1332503
1608,12,1332503
1609,1,1332505
1610,2,1332505
1611,3,1332505
1612,0,1332505
1612,0,1332505
1612,0,1332505
1612,0,1332505
1612,0,1332505
1612,0,1332505
1613,0,1332505
1613,0,1332505
1613,0,1332505
1613,0,1332505
1613,0,1332505
1613,0,1332505
1614,2,1332505
1614,2,1332505
1614,3,1332505
1614,3,1332505
1614,2,1332505
1614,1,1332505
1614,1,1332505
1614,1,1332505
1614,3,1332505
1615,1,1332505
1615,3,1332505
1615,2,1332505
1616,3,1332505
1616,2,1332505
1616,1,1332505
1617,1,1332505
1617,2,1332505
1618,3,1332505
1619,1,1332505
1619,2,1332505
1620,3,1332505
1621,3,1332505
1621,1,1332505
1621,2,1332505
1622,1,1332507
1622,2,1332507
1622,3,1332507
1623,5,1332520
1623,5,1332520
1623,6,1332520
1623,5,1332520
1623,5,1332520
1623,6,1332520
1623,5,1332520
1623,5,1332520
1624,5,1332520
1624,6,1332520
1624,5,1332520
1625,5,1332520
1625,6,1332520
1625,5,1332520
1626,4,1332526
1626,4,1332526
1626,29,1332526
1626,29,1332526
1626,29,1332526
1626,29,1332526
1626,29,1332526
1627,4,1332526
1627,29,1332526
1627,29,1332526
1627,29,1332526
1627,29,1332526
1627,29,1332526
1627,29,1332526
1627,29,1332526
1627,4,1332526
1628,29,1332526
1628,29,1332526
1628,29,1332526
1628,29,1332526
1628,4,1332526
1628,4,1332526
1628,29,1332526
1629,27,1332526
1629,4,1332526
1629,4,1332526
1629,27,1332526
1629,27,1332526
1629,27,1332526
1629,27,1332526
1630,27,1332526
1630,27,1332526
1630,27,1332526
1630,27,1332526
1630,4,1332526
1630,4,1332526
1630,27,1332526
1631,4,1332527
1631,31,1332527
1631,4,1332527
1631,31,1332527
1631,31,1332527
1631,31,1332527
1631,31,1332527
1632,21,1332527
1632,21,1332527
1632,21,1332527
1632,21,1332527
1632,4,1332527
1632,4,1332527
1632,21,1332527
1633,29,1332527
1633,4,1332527
1633,4,1332527
1633,29,1332527
1633,29,1332527
1633,29,1332527
1633,29,1332527
1634,27,1332527
1634,27,1332527
1635,7,1332527
1635,7,1332527
1635,4,1332527
1635,7,1332527
1635,4,1332527
1635,4,1332527
1635,7,1332527
1635,4,1332527
1635,4,1332527
1635,7,1332527
1636,27,1332527
1636,27,1332527
1636,27,1332527
1636,27,1332527
1636,4,1332527
1636,4,1332527
1636,27,1332527
1637,27,1332527
1637,4,1332527
1637,4,1332527
1637,27,1332527
1637,27,1332527
1637,27,1332527
1637,27,1332527
1638,27,1332528
1638,27,1332528
1638,27,1332528
1638,27,1332528
1638,4,1332528
1638,4,1332528
1638,27,1332528
1639,7,1332531
1639,7,1332531
1640,27,1332531
1640,27,1332531
1641,23,1332531
1641,23,1332531
1642,4,1332531
1642,4,1332531
1642,23,1332531
1642,4,1332531
1642,23,1332531
1642,23,1332531
1642,23,1332531
1642,4,1332531
1642,4,1332531
1642,23,1332531
1643,5,1332584
1644,4,1332584
1644,4,1332584
1645,1,1332584
1645,16,1332584
1645,4,1332584
1645,11,1332584
1645,0,1332584
1645,0,1332584
1645,0,1332584
1645,0,1332584
1645,0,1332584
1645,0,1332584
1645,1,1332584
1646,0,1332584
1646,0,1332584
1646,0,1332584
1646,0,1332584
1646,0,1332584
1646,19,1332584
1646,3,1332584
1646,3,1332584
1646,12,1332584
1647,0,1332584
1647,5,1332584
1647,40,1332584
1647,40,1332584
1647,40,1332584
1647,40,1332584
1647,40,1332584
1648,57,1332584
1648,57,1332584
1648,57,1332584
1648,57,1332584
1648,2,1332584
1648,57,1332584
1648,57,1332584
1648,57,1332584
1648,57,1332584
1648,8,1332584
1648,57,1332584
1648,2,1332584
1648,57,1332584
1648,0,1332584
1648,0,1332584
1648,0,1332584
1648,0,1332584
1648,0,1332584
1648,0,1332584
1648,40,1332584
1648,40,1332584
1648,40,1332584
1648,40,1332584
1648,40,1332584
1648,5,1332584
1649,20,1332584
1650,24,1332584
1650,25,1332584
1650,26,1332584
1650,28,1332584
1650,31,1332584
1650,27,1332584
1651,23,1332584
1651,22,1332584
1652,22,1332584
1653,2,1332584
1653,12,1332584
1653,2,1332584
1654,40,1332585
1654,40,1332585
1654,40,1332585
1654,57,1332585
1654,57,1332585
1654,57,1332585
1655,0,1332591
1655,0,1332591
1655,0,1332591
1655,0,1332591
1655,0,1332591
1655,0,1332591
1656,0,1332592
1656,0,1332592
1656,0,1332592
1656,0,1332592
1656,0,1332592
1656,0,1332592
1657,1,1332592
1657,2,1332592
1657,3,1332592
1658,2,1332592
1658,1,1332592
1659,3,1332592
1660,1,1332592
1660,2,1332592
1661,3,1332592
1662,1,1332592
1662,2,1332592
1662,3,1332592
1663,1,1332594
1663,2,1332594
1663,3,1332594
1664,5,1332604
1665,6,1332604
1665,5,1332604
1665,5,1332604
1665,5,1332604
1665,5,1332604
1665,5,1332604
1665,6,1332604
1665,6,1332604
1666,5,1332604
1666,5,1332604
1667,5,1332604
1667,5,1332604
1667,204,1332604
1668,5,1332604
1668,5,1332604
1668,6,1332604
1668,205,1332604
1668,5,1332604
1668,5,1332604
1668,204,1332604
1668,5,1332604
1668,5,1332604
1668,5,1332604
1668,205,1332604
1668,205,1332604
1668,5,1332604
1668,204,1332604
1668,5,1332604
1668,5,1332604
1668,6,1332604
1668,6,1332604
1668,6,1332604
1669,6,1332604
1669,5,1332604
1669,5,1332604
1669,6,1332604
1669,5,1332604
1669,5,1332604
1669,5,1332604
1669,5,1332604
1669,6,1332604
1670,5,1332604
1670,5,1332604
1671,206,1332604
1671,5,1332604
1671,6,1332604
1671,206,1332604
1671,5,1332604
1671,5,1332604
1671,207,1332604
1671,5,1332604
1671,5,1332604
1671,6,1332604
1671,5,1332604
1671,5,1332604
1671,5,1332604
1671,207,1332604
1671,5,1332604
1671,5,1332604
1671,6,1332604
1671,6,1332604
1671,5,1332604
1671,5,1332604
1671,207,1332604
1671,206,1332604
1672,4,1332621
1673,15,1332685
1673,15,1332685
1673,15,1332685
1673,57,1332685
1673,57,1332685
1673,57,1332685
1673,15,1332685
1674,14,1332685
1675,4,1332685
1675,0,1332685
1675,0,1332685
1675,0,1332685
1675,0,1332685
1675,0,1332685
1675,5,1332685
1675,57,1332685
1675,57,1332685
1675,57,1332685
1675,57,1332685
1675,0,1332685
1675,57,1332685
1675,57,1332685
1675,57,1332685
1675,57,1332685
1675,12,1332685
1675,2,1332685
1675,2,1332685
1675,22,1332685
1675,57,1332685
1675,57,1332685
1675,40,1332685
1675,40,1332685
1675,40,1332685
1675,4,1332685
1675,11,1332685
1675,0,1332685
1675,0,1332685
1675,0,1332685
1675,0,1332685
1675,0,1332685
1675,0,1332685
1675,5,1332685
1675,40,1332685
1675,40,1332685
1675,40,1332685
1675,40,1332685
1675,40,1332685
1675,40,1332685
1675,0,1332685
1675,0,1332685
1675,0,1332685
1675,0,1332685
1675,0,1332685
1675,0,1332685
1675,40,1332685
1676,43,1332685
1676,57,1332685
1676,57,1332685
1676,52,1332685
1676,57,1332685
1676,57,1332685
1676,57,1332685
1676,43,1332685
1677,0,1332686
1677,0,1332686
1677,0,1332686
1677,0,1332686
1677,0,1332686
1677,0,1332686
1677,0,1332686
1677,0,1332686
1677,0,1332686
1677,0,1332686
1677,0,1332686
1677,0,1332686
1678,57,1332686
1678,0,1332686
1678,5,1332686
1678,57,1332686
1678,57,1332686
1678,57,1332686
1678,57,1332686
1678,57,1332686
1678,57,1332686
1678,57,1332686
1678,57,1332686
1678,57,1332686
1678,57,1332686
1678,57,1332686
1678,0,1332686
1678,57,1332686
1678,0,1332686
1678,0,1332686
1678,0,1332686
1678,57,1332686
1678,57,1332686
1678,57,1332686
1678,57,1332686
1678,57,1332686
1678,57,1332686
1678,57,1332686
1678,57,1332686
1678,57,1332686
1678,43,1332686
1678,57,1332686
1678,57,1332686
1678,57,1332686
1678,5,1332686
1678,43,1332686
1678,0,1332686
1678,57,1332686
1679,52,1332686
1679,52,1332686
1679,42,1332686
1679,64,1332686
1679,65,1332686
1679,58,1332686
1679,58,1332686
1679,65,1332686
1679,51,1332686
1679,64,1332686
1679,51,1332686
1679,57,1332686
1679,57,1332686
1679,57,1332686
1679,57,1332686
1679,57,1332686
1679,57,1332686
1679,57,1332686
1679,57,1332686
1679,57,1332686
1679,57,1332686
1679,57,1332686
1679,57,1332686
1680,64,1332686
1680,64,1332686
1680,174,1332686
1680,65,1332686
1680,60,1332686
1680,59,1332686
1680,58,1332686
1680,64,1332686
1680,61,1332686
1681,58,1332686
1681,66,1332686
1681,174,1332686
1681,174,1332686
1681,59,1332686
1681,59,1332686
1681,65,1332686
1681,58,1332686
1681,65,1332686
1681,43,1332686
1681,64,1332686
1681,64,1332686
1681,57,1332686
1681,64,1332686
1681,57,1332686
1681,57,1332686
1681,64,1332686
1681,43,1332686
1682,63,1332686
1682,63,1332686
1683,92,1332686
1683,84,1332686
1683,84,1332686
1683,84,1332686
1683,84,1332686
1683,84,1332686
1683,84,1332686
1683,40,1332686
1683,40,1332686
1683,57,1332686
1683,40,1332686
1683,40,1332686
1683,40,1332686
1683,57,1332686
1683,57,1332686
1683,57,1332686
1683,57,1332686
1683,57,1332686
1683,40,1332686
1683,5,1332686
1683,92,1332686
1683,0,1332686
1683,5,1332686
1683,57,1332686
1683,57,1332686
1683,0,1332686
1683,57,1332686
1683,57,1332686
1683,57,1332686
1683,57,1332686
1683,40,1332686
1683,40,1332686
1683,57,1332686
1683,40,1332686
1683,40,1332686
1683,40,1332686
1683,40,1332686
1683,84,1332686
1683,84,1332686
1683,84,1332686
1683,0,1332686
1683,0,1332686
1683,40,1332686
1684,97,1332686
1684,97,1332686
1685,40,1332686
1685,40,1332686
1685,40,1332686
1685,40,1332686
1685,40,1332686
1685,40,1332686
1685,40,1332686
1685,5,1332686
1685,0,1332686
1685,0,1332686
1685,0,1332686
1685,0,1332686
1685,40,1332686
1685,0,1332686
1685,0,1332686
1685,40,1332686
1685,40,1332686
1685,40,1332686
1685,40,1332686
1685,40,1332686
1685,40,1332686
1685,40,1332686
1685,40,1332686
1685,40,1332686
1685,41,1332686
1686,40,1332686
1686,40,1332686
1686,40,1332686
1686,40,1332686
1686,40,1332686
1686,41,1332686
1686,40,1332686
1686,40,1332686
1686,40,1332686
1686,40,1332686
1686,40,1332686
1686,40,1332686
1686,44,1332686
1686,40,1332686
1686,40,1332686
1686,40,1332686
1686,40,1332686
1686,44,1332686
1686,45,1332686
1686,46,1332686
1686,37,1332686
1686,47,1332686
1686,45,1332686
1686,38,1332686
1686,37,1332686
1686,40,1332686
1686,40,1332686
1686,40,1332686
1686,40,1332686
1686,40,1332686
1686,40,1332686
1686,40,1332686
1686,40,1332686
1686,40,1332686
1686,40,1332686
1686,40,1332686
1686,40,1332686
1686,40,1332686
1686,40,1332686
1686,40,1332686
1686,40,1332686
1686,40,1332686
1686,41,1332686
1686,40,1332686
1686,40,1332686
1686,41,1332686
1686,0,1332686
1686,0,1332686
1686,0,1332686
1686,0,1332686
1686,0,1332686
1686,40,1332686
1686,0,1332686
1686,5,1332686
1686,40,1332686
1686,40,1332686
1687,45,1332686
1687,40,1332686
1687,45,1332686
1687,44,1332686
1687,45,1332686
1688,45,1332686
1688,40,1332686
1688,41,1332686
1688,40,1332686
1688,0,1332686
1688,40,1332686
1688,40,1332686
1688,40,1332686
1688,40,1332686
1688,40,1332686
1688,40,1332686
1688,5,1332686
1688,0,1332686
1688,0,1332686
1688,40,1332686
1688,0,1332686
1688,0,1332686
1688,45,1332686
1688,40,1332686
1688,45,1332686
1688,45,1332686
1688,40,1332686
1688,41,1332686
1688,47,1332686
1688,41,1332686
1688,45,1332686
1688,0,1332686
1688,41,1332686
1689,50,1332686
1689,50,1332686
1690,40,1332686
1690,40,1332686
1690,40,1332686
1690,40,1332686
1690,40,1332686
1690,40,1332686
1690,45,1332686
1690,48,1332686
1690,41,1332686
1690,41,1332686
1690,40,1332686
1690,48,1332686
1690,5,1332686
1690,40,1332686
1690,48,1332686
1690,41,1332686
1690,0,1332686
1690,48,1332686
1690,0,1332686
1690,0,1332686
1690,0,1332686
1690,0,1332686
1690,0,1332686
1691,0,1332686
1691,0,1332686
1691,0,1332686
1691,0,1332686
1691,0,1332686
1691,0,1332686
1691,0,1332686
1691,0,1332686
1691,0,1332686
1691,0,1332686
1691,0,1332686
1691,0,1332686
1691,0,1332686
1691,0,1332686
1691,0,1332686
1691,0,1332686
1691,0,1332686
1691,0,1332686
1691,0,1332686
1691,0,1332686
1691,0,1332686
1691,0,1332686
1691,0,1332686
1691,0,1332686
1691,0,1332686
1691,0,1332686
1691,0,1332686
1691,0,1332686
1691,0,1332686
1691,0,1332686
1691,0,1332686
1691,0,1332686
1691,0,1332686
1691,0,1332686
1691,0,1332686
1691,0,1332686
1691,0,1332686
1691,0,1332686
1691,0,1332686
1691,0,1332686
1691,0,1332686
1691,0,1332686
1692,0,1332686
1692,0,1332686
1692,0,1332686
1692,0,1332686
1692,0,1332686
1692,0,1332686
1692,0,1332686
1692,0,1332686
1692,0,1332686
1692,0,1332686
1692,0,1332686
1692,5,1332686
1692,0,1332686
1692,0,1332686
1692,0,1332686
1692,0,1332686
1692,0,1332686
1692,0,1332686
1692,0,1332686
1692,0,1332686
1692,0,1332686
1692,0,1332686
1692,0,1332686
1692,0,1332686
1692,0,1332686
1692,0,1332686
1692,0,1332686
1692,0,1332686
1692,0,1332686
1692,0,1332686
1692,5,1332686
1692,0,1332686
1692,0,1332686
1693,84,1332686
1693,84,1332686
1693,41,1332686
1693,40,1332686
1693,40,1332686
1693,40,1332686
1693,40,1332686
1693,40,1332686
1693,156,1332686
1693,43,1332686
1693,84,1332686
1693,57,1332686
1693,40,1332686
1693,84,1332686
1693,0,1332686
1693,84,1332686
1693,85,1332686
1693,67,1332686
1693,90,1332686
1693,0,1332686
1693,0,1332686
1693,57,1332686
1693,0,1332686
1693,0,1332686
1693,0,1332686
1693,0,1332686
1693,0,1332686
1693,0,1332686
1693,0,1332686
1693,84,1332686
1693,57,1332686
1693,116,1332686
1693,57,1332686
1693,0,1332686
1693,6,1332686
1693,90,1332686
1693,67,1332686
1693,79,1332686
1693,84,1332686
1693,84,1332686
1693,40,1332686
1693,40,1332686
1693,41,1332686
1693,46,1332686
1693,156,1332686
1693,57,1332686
1693,57,1332686
1693,57,1332686
1693,43,1332686
1693,99,1332686
1693,99,1332686
1693,101,1332686
1693,120,1332686
1693,120,1332686
1693,118,1332686
1693,116,1332686
1693,77,1332686
1693,77,1332686
1693,132,1332686
1693,118,1332686
1693,101,1332686
1693,91,1332686
1693,132,1332686
1693,42,1332686
1693,0,1332686
1693,57,1332686
1693,0,1332686
1693,0,1332686
1693,0,1332686
1693,84,1332686
1693,84,1332686
1693,84,1332686
1693,40,1332686
1693,40,1332686
1693,40,1332686
1693,40,1332686
1693,40,1332686
1693,40,1332686
1693,40,1332686
1693,57,1332686
1693,57,1332686
1693,0,1332686
1693,57,1332686
1693,57,1332686
1693,57,1332686
1693,5,1332686
1693,0,1332686
1693,0,1332686
1693,0,1332686
1693,0,1332686
1693,0,1332686
1693,0,1332686
1693,0,1332686
1693,0,1332686
1693,0,1332686
1693,0,1332686
1693,0,1332686
1693,57,1332686
1693,0,1332686
1693,57,1332686
1693,0,1332686
1693,0,1332686
1693,5,1332686
1693,0,1332686
1693,0,1332686
1693,0,1332686
1693,0,1332686
1693,0,1332686
1693,0,1332686
1693,0,1332686
1693,0,1332686
1693,0,1332686
1693,0,1332686
1693,0,1332686
1693,0,1332686
1693,0,1332686
1693,0,1332686
1693,5,1332686
1693,0,1332686
1693,0,1332686
1693,0,1332686
1693,0,1332686
1693,0,1332686
1693,0,1332686
1693,0,1332686
1693,0,1332686
1693,0,1332686
1693,0,1332686
1693,5,1332686
1693,0,1332686
1693,0,1332686
1693,0,1332686
1693,0,1332686
1693,0,1332686
1694,85,1332686
1694,87,1332686
1694,84,1332686
1694,84,1332686
1695,91,1332686
1696,6,1332686
1697,0,1332686
1697,0,1332686
1697,0,1332686
1697,0,1332686
1697,0,1332686
1697,0,1332686
1697,0,1332686
1697,0,1332686
1697,0,1332686
1697,0,1332686
1697,0,1332686
1697,0,1332686
1697,0,1332686
1697,0,1332686
1697,0,1332686
1697,0,1332686
1697,0,1332686
1697,0,1332686
1697,0,1332686
1697,0,1332686
1697,0,1332686
1697,0,1332686
1697,0,1332686
1697,0,1332686
1698,0,1332686
1698,0,1332686
1698,0,1332686
1698,0,1332686
1698,0,1332686
1698,0,1332686
1698,0,1332686
1699,0,1332686
1699,0,1332686
1699,0,1332686
1699,0,1332686
1699,0,1332686
1699,0,1332686
1700,0,1332686
1700,0,1332686
1700,0,1332686
1700,0,1332686
1700,0,1332686
1700,0,1332686
1700,0,1332686
1700,0,1332686
1700,0,1332686
1700,0,1332686
1700,0,1332686
1700,0,1332686
1700,0,1332686
1700,0,1332686
1700,0,1332686
1700,0,1332686
1700,0,1332686
1700,0,1332686
1700,5,1332686
1700,0,1332686
1700,109,1332686
1700,109,1332686
1700,84,1332686
1700,107,1332686
1700,107,1332686
1700,108,1332686
1700,108,1332686
1700,57,1332686
1700,57,1332686
1700,57,1332686
1700,57,1332686
1700,57,1332686
1700,57,1332686
1700,40,1332686
1700,40,1332686
1700,40,1332686
1700,40,1332686
1700,40,1332686
1700,40,1332686
1700,84,1332686
1700,84,1332686
1700,84,1332686
1700,84,1332686
1700,84,1332686
1700,0,1332686
1700,0,1332686
1700,0,1332686
1700,0,1332686
1700,0,1332686
1700,0,1332686
1700,0,1332686
1700,0,1332686
1700,0,1332686
1700,0,1332686
1700,0,1332686
1700,0,1332686
1700,0,1332686
1700,0,1332686
1700,0,1332686
1700,0,1332686
1700,5,1332686
1700,0,1332686
1700,0,1332686
1700,0,1332686
1700,0,1332686
1700,0,1332686
1700,0,1332686
1700,0,1332686
1700,0,1332686
1700,0,1332686
1700,0,1332686
1700,0,1332686
1700,5,1332686
1700,0,1332686
1700,0,1332686
1700,0,1332686
1700,84,1332686
1700,84,1332686
1700,84,1332686
1700,0,1332686
1700,40,1332686
1700,40,1332686
1700,40,1332686
1700,40,1332686
1700,40,1332686
1700,40,1332686
1700,57,1332686
1700,57,1332686
1700,57,1332686
1700,0,1332686
1700,57,1332686
1700,57,1332686
1700,57,1332686
1700,40,1332686
1700,57,1332686
1701,104,1332686
1701,105,1332686
1701,104,1332686
1701,105,1332686
1702,55,1332686
1702,55,1332686
1702,55,1332686
1702,55,1332686
1703,155,1332686
1703,155,1332686
1703,149,1332686
1703,149,1332686
1703,149,1332686
1703,149,1332686
1703,148,1332686
1703,148,1332686
1703,148,1332686
1703,148,1332686
1703,94,1332686
1703,94,1332686
1703,94,1332686
1703,94,1332686
1703,94,1332686
1703,149,1332686
1703,147,1332686
1703,147,1332686
1703,147,1332686
1703,147,1332686
1703,146,1332686
1703,146,1332686
1703,146,1332686
1703,146,1332686
1703,146,1332686
1703,92,1332686
1703,92,1332686
1703,92,1332686
1703,92,1332686
1703,155,1332686
1703,147,1332686
1703,150,1332686
1703,148,1332686
1703,150,1332686
1703,155,1332686
1703,155,1332686
1703,154,1332686
1703,154,1332686
1703,154,1332686
1703,154,1332686
1703,154,1332686
1703,153,1332686
1703,150,1332686
1703,153,1332686
1703,153,1332686
1703,153,1332686
1703,152,1332686
1703,152,1332686
1703,152,1332686
1703,153,1332686
1703,152,1332686
1703,152,1332686
1703,150,1332686
1703,151,1332686
1703,151,1332686
1703,151,1332686
1703,151,1332686
1703,150,1332686
1703,97,1332686
1703,97,1332686
1703,97,1332686
1703,97,1332686
1703,97,1332686
1703,151,1332686
1704,113,1332686
1704,113,1332686
1704,113,1332686
1704,112,1332686
1704,112,1332686
1704,112,1332686
1704,111,1332686
1704,112,1332686
1704,111,1332686
1704,111,1332686
1704,111,1332686
1704,111,1332686
1704,112,1332686
1704,113,1332686
1704,130,1332686
1704,114,1332686
1704,113,1332686
1704,130,1332686
1704,130,1332686
1704,130,1332686
1704,129,1332686
1704,129,1332686
1704,130,1332686
1704,129,1332686
1704,129,1332686
1704,114,1332686
1704,114,1332686
1704,114,1332686
1704,114,1332686
1704,129,1332686
1705,116,1332686
1705,101,1332686
1705,116,1332686
1705,120,1332686
1705,120,1332686
1705,118,1332686
1705,118,1332686
1705,57,1332686
1705,132,1332686
1705,57,1332686
1705,57,1332686
1705,57,1332686
1705,57,1332686
1705,99,1332686
1705,57,1332686
1705,101,1332686
1705,99,1332686
1705,57,1332686
1705,77,1332686
1705,43,1332686
1705,90,1332686
1705,67,1332686
1705,79,1332686
1705,84,1332686
1705,84,1332686
1705,40,1332686
1705,40,1332686
1705,41,1332686
1705,46,1332686
1705,156,1332686
1705,57,1332686
1705,43,1332686
1705,42,1332686
1705,77,1332686
1705,132,1332686
1705,156,1332686
1705,84,1332686
1705,40,1332686
1705,0,1332686
1705,0,1332686
1705,0,1332686
1705,0,1332686
1705,0,1332686
1705,5,1332686
1705,0,1332686
1705,0,1332686
1705,0,1332686
1705,0,1332686
1705,0,1332686
1705,0,1332686
1705,0,1332686
1705,40,1332686
1705,0,1332686
1705,0,1332686
1705,0,1332686
1705,0,1332686
1705,0,1332686
1705,40,1332686
1705,40,1332686
1705,40,1332686
1705,40,1332686
1705,0,1332686
1705,84,1332686
1705,84,1332686
1705,84,1332686
1705,41,1332686
1705,84,1332686
1705,85,1332686
1705,67,1332686
1705,90,1332686
1705,91,1332686
1705,0,1332686
1705,84,1332686
1705,0,1332686
1706,6,1332686
1706,6,1332686
1707,56,1332686
1707,56,1332686
1708,0,1332686
1708,0,1332686
1708,0,1332686
1708,0,1332686
1708,0,1332686
1708,0,1332686
1708,0,1332686
1708,153,1332686
1708,5,1332686
1708,153,1332686
1708,0,1332686
1708,153,1332686
1709,56,1332686
1709,56,1332686
1710,5,1332686
1710,5,1332686
1710,5,1332686
1710,5,1332686
1710,0,1332686
1710,0,1332686
1710,5,1332686
1711,156,1332686
1712,56,1332686
1712,5,1332686
1712,56,1332686
1712,56,1332686
1712,5,1332686
1713,5,1332686
1714,67,1332686
1714,67,1332686
1715,40,1332686
1715,67,1332686
1715,67,1332686
1715,0,1332686
1715,40,1332686
1715,40,1332686
1715,67,1332686
1715,67,1332686
1715,79,1332686
1716,67,1332686
1716,0,1332686
1716,95,1332686
1716,5,1332686
1716,0,1332686
1716,0,1332686
1716,0,1332686
1716,0,1332686
1716,67,1332686
1716,0,1332686
1716,0,1332686
1717,132,1332686
1717,57,1332686
1717,57,1332686
1717,57,1332686
1717,57,1332686
1717,57,1332686
1717,57,1332686
1717,43,1332686
1717,156,1332686
1717,40,1332686
1717,40,1332686
1717,40,1332686
1717,40,1332686
1717,40,1332686
1717,41,1332686
1717,84,1332686
1717,84,1332686
1717,84,1332686
1717,84,1332686
1717,84,1332686
1717,84,1332686
1717,101,1332686
1717,40,1332686
1717,118,1332686
1717,40,1332686
1717,118,1332686
1717,90,1332686
1717,67,1332686
1717,79,1332686
1717,84,1332686
1717,84,1332686
1717,85,1332686
1717,40,1332686
1717,41,1332686
1717,46,1332686
1717,156,1332686
1717,57,1332686
1717,57,1332686
1717,43,1332686
1717,42,1332686
1717,77,1332686
1717,77,1332686
1717,132,1332686
1717,99,1332686
1717,99,1332686
1717,101,1332686
1717,116,1332686
1717,120,1332686
1717,120,1332686
1717,116,1332686
1717,67,1332686
1717,0,1332686
1717,91,1332686
1717,0,1332686
1717,84,1332686
1717,84,1332686
1717,40,1332686
1717,40,1332686
1717,40,1332686
1717,40,1332686
1717,40,1332686
1717,40,1332686
1717,90,1332686
1717,0,1332686
1717,57,1332686
1717,57,1332686
1717,57,1332686
1717,57,1332686
1717,57,1332686
1717,57,1332686
1717,0,1332686
1717,5,1332686
1717,0,1332686
1717,0,1332686
1717,0,1332686
1717,57,1332686
1717,0,1332686
1717,40,1332686
1717,0,1332686
1717,0,1332686
1717,67,1332686
1717,0,1332686
1717,0,1332686
1717,0,1332686
1717,0,1332686
1717,0,1332686
1717,0,1332686
1717,0,1332686
1717,0,1332686
1717,0,1332686
1717,0,1332686
1717,84,1332686
1717,0,1332686
1717,0,1332686
1717,0,1332686
1717,0,1332686
1717,0,1332686
1717,0,1332686
1717,0,1332686
1717,5,1332686
1717,0,1332686
1717,0,1332686
1717,0,1332686
1717,0,1332686
1718,103,1332686
1718,103,1332686
1718,101,1332686
1718,101,1332686
1718,0,1332686
1718,101,1332686
1718,101,1332686
1719,128,1332686
1719,128,1332686
1719,128,1332686
1719,128,1332686
1719,102,1332686
1719,102,1332686
1719,102,1332686
1719,103,1332686
1719,103,1332686
1719,103,1332686
1719,103,1332686
1719,128,1332686
1719,128,1332686
1719,102,1332686
1719,102,1332686
1719,102,1332686
1720,101,1332686
1720,0,1332686
1720,132,1332686
1720,57,1332686
1720,57,1332686
1720,57,1332686
1720,57,1332686
1720,57,1332686
1720,57,1332686
1720,43,1332686
1720,156,1332686
1720,40,1332686
1720,118,1332686
1720,40,1332686
1720,40,1332686
1720,40,1332686
1720,40,1332686
1720,41,1332686
1720,84,1332686
1720,84,1332686
1720,84,1332686
1720,84,1332686
1720,84,1332686
1720,84,1332686
1720,40,1332686
1720,85,1332686
1720,116,1332686
1720,99,1332686
1720,0,1332686
1720,90,1332686
1720,67,1332686
1720,79,1332686
1720,84,1332686
1720,84,1332686
1720,40,1332686
1720,40,1332686
1720,41,1332686
1720,46,1332686
1720,99,1332686
1720,156,1332686
1720,57,1332686
1720,43,1332686
1720,42,1332686
1720,77,1332686
1720,77,1332686
1720,132,1332686
1720,120,1332686
1720,120,1332686
1720,118,1332686
1720,116,1332686
1720,57,1332686
1720,67,1332686
1720,101,1332686
1720,91,1332686
1720,0,1332686
1720,0,1332686
1720,0,1332686
1720,84,1332686
1720,84,1332686
1720,84,1332686
1720,40,1332686
1720,40,1332686
1720,40,1332686
1720,40,1332686
1720,0,1332686
1720,40,1332686
1720,40,1332686
1720,57,1332686
1720,57,1332686
1720,57,1332686
1720,57,1332686
1720,57,1332686
1720,57,1332686
1720,57,1332686
1720,0,1332686
1720,5,1332686
1720,40,1332686
1720,0,1332686
1720,0,1332686
1720,0,1332686
1720,101,1332686
1720,0,1332686
1720,0,1332686
1720,0,1332686
1720,0,1332686
1720,0,1332686
1720,0,1332686
1720,0,1332686
1720,0,1332686
1720,0,1332686
1720,0,1332686
1720,0,1332686
1720,90,1332686
1720,0,1332686
1720,0,1332686
1720,0,1332686
1720,0,1332686
1720,0,1332686
1720,0,1332686
1720,0,1332686
1720,5,1332686
1720,0,1332686
1720,0,1332686
1720,0,1332686
1721,156,1332686
1721,156,1332686
1721,0,1332686
1721,156,1332686
1721,156,1332686
1722,84,1332686
1722,132,1332686
1722,57,1332686
1722,57,1332686
1722,57,1332686
1722,57,1332686
1722,57,1332686
1722,57,1332686
1722,43,1332686
1722,156,1332686
1722,90,1332686
1722,40,1332686
1722,101,1332686
1722,40,1332686
1722,40,1332686
1722,40,1332686
1722,41,1332686
1722,84,1332686
1722,84,1332686
1722,84,1332686
1722,84,1332686
1722,84,1332686
1722,85,1332686
1722,40,1332686
1722,118,1332686
1722,116,1332686
1722,67,1332686
1722,67,1332686
1722,79,1332686
1722,84,1332686
1722,84,1332686
1722,40,1332686
1722,40,1332686
1722,41,1332686
1722,46,1332686
1722,156,1332686
1722,57,1332686
1722,57,1332686
1722,43,1332686
1722,42,1332686
1722,77,1332686
1722,77,1332686
1722,132,1332686
1722,99,1332686
1722,99,1332686
1722,101,1332686
1722,120,1332686
1722,120,1332686
1722,118,1332686
1722,116,1332686
1722,90,1332686
1722,40,1332686
1722,156,1332686
1722,0,1332686
1722,84,1332686
1722,84,1332686
1722,84,1332686
1722,40,1332686
1722,40,1332686
1722,40,1332686
1722,40,1332686
1722,40,1332686
1722,40,1332686
1722,40,1332686
1722,57,1332686
1722,57,1332686
1722,57,1332686
1722,57,1332686
1722,57,1332686
1722,57,1332686
1722,0,1332686
1722,5,1332686
1722,0,1332686
1722,0,1332686
1722,0,1332686
1722,91,1332686
1722,0,1332686
1722,0,1332686
1722,57,1332686
1722,0,1332686
1722,0,1332686
1722,0,1332686
1722,0,1332686
1722,0,1332686
1722,0,1332686
1722,0,1332686
1722,0,1332686
1722,0,1332686
1722,0,1332686
1722,0,1332686
1722,0,1332686
1722,0,1332686
1722,0,1332686
1722,0,1332686
1722,0,1332686
1722,0,1332686
1722,0,1332686
1722,0,1332686
1722,0,1332686
1722,5,1332686
1722,0,1332686
1722,0,1332686
1722,0,1332686
1722,0,1332686
1723,90,1332686
1723,90,1332686
1724,120,1332686
1724,118,1332686
1724,118,1332686
1725,108,1332686
1725,108,1332686
1726,0,1332686
1726,5,1332686
1726,57,1332686
1726,57,1332686
1726,57,1332686
1726,57,1332686
1726,57,1332686
1726,57,1332686
1726,0,1332686
1726,57,1332686
1726,57,1332686
1726,57,1332686
1726,57,1332686
1726,43,1332686
1726,57,1332686
1726,57,1332686
1726,57,1332686
1726,43,1332686
1726,57,1332686
1726,52,1332686
1726,0,1332686
1726,0,1332686
1726,0,1332686
1726,0,1332686
1726,0,1332686
1726,57,1332686
1726,0,1332686
1726,57,1332686
1726,0,1332686
1726,0,1332686
1726,43,1332686
1726,64,1332686
1726,58,1332686
1726,59,1332686
1726,60,1332686
1726,61,1332686
1726,62,1332686
1726,173,1332686
1726,65,1332686
1726,174,1332686
1726,57,1332686
1726,57,1332686
1726,57,1332686
1726,57,1332686
1726,57,1332686
1726,57,1332686
1726,57,1332686
1726,57,1332686
1726,57,1332686
1726,57,1332686
1726,57,1332686
1726,43,1332686
1726,0,1332686
1726,0,1332686
1726,57,1332686
1727,0,1332686
1727,0,1332686
1727,0,1332686
1727,0,1332686
1727,0,1332686
1727,0,1332686
1728,57,1332686
1728,57,1332686
1728,57,1332686
1728,57,1332686
1728,57,1332686
1728,65,1332686
1728,57,1332686
1728,57,1332686
1728,57,1332686
1728,57,1332686
1728,57,1332686
1728,57,1332686
1728,57,1332686
1728,57,1332686
1728,57,1332686
1728,51,1332686
1728,42,1332686
1728,52,1332686
1728,64,1332686
1728,64,1332686
1728,58,1332686
1728,58,1332686
1728,65,1332686
1728,57,1332686
1728,57,1332686
1728,43,1332686
1728,57,1332686
1728,57,1332686
1728,57,1332686
1728,57,1332686
1728,57,1332686
1728,57,1332686
1728,57,1332686
1728,57,1332686
1728,57,1332686
1728,57,1332686
1728,57,1332686
1728,57,1332686
1728,0,1332686
1728,57,1332686
1728,43,1332686
1728,5,1332686
1728,0,1332686
1728,0,1332686
1728,0,1332686
1728,57,1332686
1728,0,1332686
1728,0,1332686
1728,57,1332686
1728,57,1332686
1728,0,1332686
1729,52,1332686
1730,57,1332686
1730,40,1332686
1730,40,1332686
1730,40,1332686
1730,40,1332686
1730,40,1332686
1730,57,1332686
1730,57,1332686
1730,0,1332686
1730,57,1332686
1730,57,1332686
1730,57,1332686
1730,0,1332686
1730,5,1332686
1730,0,1332686
1730,0,1332686
1730,84,1332686
1730,57,1332686
1730,84,1332686
1730,40,1332686
1730,40,1332686
1731,67,1332686
1731,132,1332686
1731,57,1332686
1731,57,1332686
1731,57,1332686
1731,57,1332686
1731,57,1332686
1731,57,1332686
1731,43,1332686
1731,156,1332686
1731,40,1332686
1731,40,1332686
1731,40,1332686
1731,40,1332686
1731,40,1332686
1731,40,1332686
1731,41,1332686
1731,84,1332686
1731,84,1332686
1731,84,1332686
1731,84,1332686
1731,84,1332686
1731,84,1332686
1731,85,1332686
1731,101,1332686
1731,118,1332686
1731,116,1332686
1731,116,1332686
1731,90,1332686
1731,67,1332686
1731,79,1332686
1731,84,1332686
1731,84,1332686
1731,40,1332686
1731,40,1332686
1731,41,1332686
1731,46,1332686
1731,156,1332686
1731,57,1332686
1731,57,1332686
1731,43,1332686
1731,42,1332686
1731,77,1332686
1731,77,1332686
1731,132,1332686
1731,99,1332686
1731,99,1332686
1731,101,1332686
1731,120,1332686
1731,120,1332686
1731,118,1332686
1731,90,1332686
1731,91,1332686
1731,57,1332686
1731,0,1332686
1731,0,1332686
1731,0,1332686
1731,0,1332686
1731,0,1332686
1731,0,1332686
1731,0,1332686
1731,0,1332686
1731,0,1332686
1731,0,1332686
1731,0,1332686
1731,0,1332686
1731,0,1332686
1731,0,1332686
1731,0,1332686
1731,0,1332686
1731,0,1332686
1731,5,1332686
1731,0,1332686
1731,0,1332686
1731,0,1332686
1731,0,1332686
1731,0,1332686
1731,0,1332686
1731,57,1332686
1731,0,1332686
1731,0,1332686
1731,57,1332686
1731,57,1332686
1731,57,1332686
1731,84,1332686
1731,57,1332686
1731,57,1332686
1731,57,1332686
1731,5,1332686
1731,0,1332686
1731,0,1332686
1731,0,1332686
1731,0,1332686
1731,0,1332686
1731,0,1332686
1731,43,1332686
1731,57,1332686
1731,57,1332686
1731,57,1332686
1731,57,1332686
1731,57,1332686
1731,57,1332686
1731,57,1332686
1731,57,1332686
1731,57,1332686
1731,0,1332686
1731,0,1332686
1732,102,1332686
1732,102,1332686
1732,128,1332686
1732,102,1332686
1732,128,1332686
1732,128,1332686
1732,102,1332686
1732,128,1332686
1732,103,1332686
1732,101,1332686
1732,103,1332686
1732,103,1332686
1732,101,1332686
1732,101,1332686
1732,0,1332686
1732,101,1332686
1732,103,1332686
1733,123,1332686
1733,123,1332686
1733,123,1332686
1733,123,1332686
1733,123,1332686
1733,123,1332686
1733,122,1332686
1733,99,1332686
1733,99,1332686
1733,99,1332686
1733,99,1332686
1734,128,1332686
1734,128,1332686
1734,128,1332686
1734,102,1332686
1734,102,1332686
1734,102,1332686
1734,102,1332686
1734,103,1332686
1734,128,1332686
1734,103,1332686
1734,103,1332686
1734,99,1332686
1734,101,1332686
1734,101,1332686
1734,0,1332686
1734,101,1332686
1734,103,1332686
1735,0,1332686
1735,0,1332686
1735,0,1332686
1735,0,1332686
1735,0,1332686
1735,0,1332686
1735,0,1332686
1735,0,1332686
1735,0,1332686
1735,0,1332686
1735,0,1332686
1735,0,1332686
1735,0,1332686
1735,0,1332686
1735,40,1332686
1735,91,1332686
1735,0,1332686
1735,101,1332686
1735,90,1332686
1735,67,1332686
1735,85,1332686
1735,84,1332686
1735,84,1332686
1735,84,1332686
1735,84,1332686
1735,84,1332686
1735,84,1332686
1735,41,1332686
1735,40,1332686
1735,0,1332686
1735,0,1332686
1735,0,1332686
1735,40,1332686
1735,5,1332686
1735,40,1332686
1735,0,1332686
1735,0,1332686
1735,0,1332686
1735,5,1332686
1735,0,1332686
1735,57,1332686
1735,57,1332686
1735,57,1332686
1735,57,1332686
1735,57,1332686
1735,57,1332686
1735,57,1332686
1735,40,1332686
1735,0,1332686
1735,40,1332686
1735,40,1332686
1735,40,1332686
1735,40,1332686
1735,84,1332686
1735,84,1332686
1735,84,1332686
1735,0,1332686
1735,0,1332686
1735,0,1332686
1735,0,1332686
1735,0,1332686
1735,0,1332686
1735,0,1332686
1735,0,1332686
1735,40,1332686
1735,40,1332686
1735,40,1332686
1735,156,1332686
1735,77,1332686
1735,77,1332686
1735,42,1332686
1735,43,1332686
1735,57,1332686
1735,57,1332686
1735,156,1332686
1735,46,1332686
1735,40,1332686
1735,40,1332686
1735,84,1332686
1735,84,1332686
1735,79,1332686
1735,67,1332686
1735,90,1332686
1735,132,1332686
1735,99,1332686
1735,41,1332686
1735,101,1332686
1735,40,1332686
1735,43,1332686
1735,57,1332686
1735,57,1332686
1735,57,1332686
1735,57,1332686
1735,57,1332686
1735,57,1332686
1735,99,1332686
1735,101,1332686
1735,118,1332686
1735,116,1332686
1735,116,1332686
1735,118,1332686
1735,120,1332686
1735,120,1332686
1735,132,1332686
1736,6,1332686
1736,91,1332686
1737,5,1332686
1737,6,1332686
1737,6,1332686
1738,5,1332686
1738,0,1332686
1738,0,1332686
1738,0,1332686
1738,0,1332686
1738,0,1332686
1738,0,1332686
1738,0,1332686
1738,0,1332686
1739,6,1332686
1739,6,1332686
1740,0,1332686
1740,0,1332686
1740,0,1332686
1740,0,1332686
1740,6,1332686
1740,5,1332686
1740,0,1332686
1740,5,1332686
1740,0,1332686
1740,5,1332686
1740,6,1332686
1740,6,1332686
1740,5,1332686
1740,5,1332686
1740,0,1332686
1741,0,1332686
1741,0,1332686
1741,0,1332686
1741,5,1332686
1741,0,1332686
1741,0,1332686
1741,0,1332686
1741,0,1332686
1741,5,1332686
1741,0,1332686
1741,0,1332686
1741,0,1332686
1741,0,1332686
1741,0,1332686
1741,0,1332686
1741,0,1332686
1741,0,1332686
1741,0,1332686
1741,0,1332686
1741,0,1332686
1741,0,1332686
1741,0,1332686
1741,0,1332686
1741,0,1332686
1741,0,1332686
1741,0,1332686
1741,0,1332686
1741,0,1332686
1741,5,1332686
1741,40,1332686
1741,40,1332686
1741,0,1332686
1741,40,1332686
1741,0,1332686
1741,40,1332686
1741,0,1332686
1741,0,1332686
1741,0,1332686
1741,0,1332686
1741,40,1332686
1741,40,1332686
1741,40,1332686
1742,57,1332686
1742,84,1332686
1742,57,1332686
1742,0,1332686
1742,0,1332686
1742,57,1332686
1742,57,1332686
1742,57,1332686
1742,57,1332686
1742,57,1332686
1742,0,1332686
1742,40,1332686
1742,40,1332686
1742,40,1332686
1742,40,1332686
1742,40,1332686
1742,40,1332686
1742,84,1332686
1742,84,1332686
1742,6,1332686
1742,84,1332686
1742,40,1332686
1742,84,1332686
1742,5,1332686
1742,84,1332686
1742,4,1332686
1742,5,1332686
1742,57,1332686
1742,0,1332686
1742,0,1332686
1742,57,1332686
1742,57,1332686
1742,57,1332686
1742,57,1332686
1742,0,1332686
1742,0,1332686
1742,57,1332686
1742,40,1332686
1742,40,1332686
1742,40,1332686
1742,40,1332686
1742,40,1332686
1742,40,1332686
1742,40,1332686
1742,0,1332686
1742,57,1332686
1743,6,1332686
1743,91,1332686
1743,6,1332686
1744,40,1332686
1744,40,1332686
1744,40,1332686
1744,40,1332686
1744,40,1332686
1744,40,1332686
1744,40,1332686
1744,40,1332686
1744,40,1332686
1744,84,1332686
1744,84,1332686
1744,40,1332686
1744,84,1332686
1744,84,1332686
1744,84,1332686
1744,6,1332686
1744,40,1332686
1744,6,1332686
1744,84,1332686
1744,6,1332686
1744,40,1332686
1744,57,1332686
1744,5,1332686
1744,4,1332686
1744,5,1332686
1744,57,1332686
1744,57,1332686
1744,57,1332686
1744,57,1332686
1744,57,1332686
1744,57,1332686
1744,57,1332686
1744,57,1332686
1744,57,1332686
1744,57,1332686
1744,57,1332686
1744,40,1332686
1744,40,1332686
1744,57,1332686
1744,57,1332686
1745,5,1332686
1745,107,1332686
1745,107,1332686
1745,107,1332686
1746,0,1332686
1746,0,1332686
1747,156,1332686
1747,156,1332686
1748,91,1332686
1748,6,1332686
1749,4,1332686
1750,40,1332686
1750,40,1332686
1750,40,1332686
1750,0,1332686
1750,4,1332686
1750,0,1332686
1750,0,1332686
1750,0,1332686
1750,0,1332686
1750,0,1332686
1750,40,1332686
1750,0,1332686
1750,40,1332686
1750,0,1332686
1750,40,1332686
1750,40,1332686
1750,0,1332686
1750,4,1332686
1750,208,1332686
1750,17,1332686
1750,0,1332686
1750,4,1332686
1750,4,1332686
1750,0,1332686
1750,0,1332686
1750,4,1332686
1750,5,1332686
1751,4,1332686
1752,4,1332686
1753,4,1332686
1753,4,1332686
1753,208,1332686
1753,4,1332686
1753,4,1332686
1753,208,1332686
1754,84,1332686
1754,84,1332686
1754,84,1332686
1754,84,1332686
1754,84,1332686
1754,84,1332686
1754,40,1332686
1754,40,1332686
1754,57,1332686
1754,40,1332686
1754,40,1332686
1754,57,1332686
1754,57,1332686
1754,57,1332686
1754,57,1332686
1754,57,1332686
1754,5,1332686
1754,40,1332686
1754,0,1332686
1754,40,1332686
1754,0,1332686
1754,5,1332686
1754,57,1332686
1754,57,1332686
1754,57,1332686
1754,57,1332686
1754,57,1332686
1754,57,1332686
1754,40,1332686
1754,40,1332686
1754,57,1332686
1754,40,1332686
1754,40,1332686
1754,84,1332686
1754,84,1332686
1754,84,1332686
1754,0,1332686
1754,40,1332686
1754,40,1332686
1754,40,1332686
1754,0,1332686
1755,5,1332686
1755,117,1332686
1755,117,1332686
1755,117,1332686
1755,117,1332686
1755,117,1332686
1755,117,1332686
1755,5,1332686
1755,116,1332686
1755,0,1332686
1755,0,1332686
1755,0,1332686
1755,0,1332686
1755,0,1332686
1755,0,1332686
1755,116,1332686
1755,116,1332686
1755,116,1332686
1756,84,1332686
1756,84,1332686
1756,84,1332686
1756,84,1332686
1756,84,1332686
1756,40,1332686
1756,84,1332686
1756,40,1332686
1756,57,1332686
1756,40,1332686
1756,40,1332686
1756,40,1332686
1756,57,1332686
1756,57,1332686
1756,57,1332686
1756,57,1332686
1756,57,1332686
1756,40,1332686
1756,0,1332686
1756,116,1332686
1756,0,1332686
1756,0,1332686
1756,57,1332686
1756,57,1332686
1756,57,1332686
1756,57,1332686
1756,57,1332686
1756,57,1332686
1756,57,1332686
1756,40,1332686
1756,40,1332686
1756,40,1332686
1756,40,1332686
1756,40,1332686
1756,40,1332686
1756,40,1332686
1756,84,1332686
1756,84,1332686
1756,84,1332686
1756,0,1332686
1756,5,1332686
1757,118,1332686
1757,118,1332686
1757,118,1332686
1757,118,1332686
1758,84,1332686
1758,84,1332686
1758,84,1332686
1758,84,1332686
1758,84,1332686
1758,40,1332686
1758,40,1332686
1758,118,1332686
1758,40,1332686
1758,40,1332686
1758,40,1332686
1758,57,1332686
1758,57,1332686
1758,57,1332686
1758,57,1332686
1758,57,1332686
1758,57,1332686
1758,40,1332686
1758,0,1332686
1758,84,1332686
1758,0,1332686
1758,5,1332686
1758,57,1332686
1758,57,1332686
1758,57,1332686
1758,57,1332686
1758,57,1332686
1758,57,1332686
1758,40,1332686
1758,40,1332686
1758,57,1332686
1758,40,1332686
1758,40,1332686
1758,84,1332686
1758,84,1332686
1758,84,1332686
1758,0,1332686
1758,40,1332686
1758,40,1332686
1758,40,1332686
1758,0,1332686
1759,102,1332686
1759,128,1332686
1759,128,1332686
1759,128,1332686
1759,128,1332686
1759,102,1332686
1759,102,1332686
1759,102,1332686
1759,103,1332686
1759,103,1332686
1759,103,1332686
1759,101,1332686
1759,101,1332686
1759,101,1332686
1759,101,1332686
1759,103,1332686
1760,84,1332686
1760,84,1332686
1760,84,1332686
1760,84,1332686
1760,84,1332686
1760,40,1332686
1760,40,1332686
1760,40,1332686
1760,57,1332686
1760,40,1332686
1760,40,1332686
1760,57,1332686
1760,57,1332686
1760,57,1332686
1760,57,1332686
1760,57,1332686
1760,101,1332686
1760,40,1332686
1760,0,1332686
1760,84,1332686
1760,0,1332686
1760,57,1332686
1760,0,1332686
1760,5,1332686
1760,57,1332686
1760,57,1332686
1760,57,1332686
1760,57,1332686
1760,57,1332686
1760,57,1332686
1760,40,1332686
1760,40,1332686
1760,40,1332686
1760,40,1332686
1760,40,1332686
1760,40,1332686
1760,84,1332686
1760,84,1332686
1760,84,1332686
1760,0,1332686
1760,40,1332686
1761,133,1332686
1761,133,1332686
1761,133,1332686
1761,132,1332686
1761,132,1332686
1761,132,1332686
1761,132,1332686
1761,0,1332686
1761,133,1332686
1762,84,1332686
1762,84,1332686
1762,84,1332686
1762,84,1332686
1762,84,1332686
1762,84,1332686
1762,40,1332686
1762,40,1332686
1762,40,1332686
1762,40,1332686
1762,40,1332686
1762,57,1332686
1762,57,1332686
1762,57,1332686
1762,57,1332686
1762,57,1332686
1762,57,1332686
1762,40,1332686
1762,132,1332686
1762,40,1332686
1762,0,1332686
1762,5,1332686
1762,57,1332686
1762,57,1332686
1762,57,1332686
1762,57,1332686
1762,0,1332686
1762,57,1332686
1762,57,1332686
1762,40,1332686
1762,40,1332686
1762,57,1332686
1762,40,1332686
1762,0,1332686
1762,40,1332686
1762,84,1332686
1762,84,1332686
1762,0,1332686
1762,40,1332686
1762,40,1332686
1762,84,1332686
1763,67,1332686
1763,67,1332686
1764,40,1332686
1764,79,1332686
1764,67,1332686
1764,67,1332686
1764,40,1332686
1764,40,1332686
1764,40,1332686
1764,40,1332686
1764,40,1332686
1764,67,1332686
1764,40,1332686
1764,0,1332686
1764,67,1332686
1764,0,1332686
1764,0,1332686
1764,0,1332686
1764,40,1332686
1764,0,1332686
1764,5,1332686
1764,40,1332686
1764,40,1332686
1764,0,1332686
1765,95,1332686
1765,67,1332686
1765,5,1332686
1765,0,1332686
1765,0,1332686
1765,0,1332686
1765,0,1332686
1765,0,1332686
1765,67,1332686
1765,0,1332686
1765,0,1332686
1766,0,1332686
1766,78,1332686
1766,67,1332686
1766,78,1332686
1766,67,1332686
1766,5,1332686
1766,0,1332686
1766,78,1332686
1766,0,1332686
1766,67,1332686
1766,78,1332686
1766,0,1332686
1766,0,1332686
1766,0,1332686
1766,0,1332686
1767,5,1332686
1767,0,1332686
1767,0,1332686
1767,0,1332686
1767,0,1332686
1767,0,1332686
1767,0,1332686
1767,0,1332686
1768,156,1332686
1768,173,1332686
1768,65,1332686
1768,174,1332686
1768,41,1332686
1768,90,1332686
1768,45,1332686
1768,85,1332686
1768,87,1332686
1768,67,1332686
1768,62,1332686
1768,37,1332686
1768,61,1332686
1768,58,1332686
1768,59,1332686
1768,116,1332686
1768,5,1332686
1768,60,1332686
1768,118,1332686
1768,101,1332686
1768,99,1332686
1768,132,1332686
1768,120,1332686
1768,144,1332686
1768,138,1332686
1768,110,1332686
1768,43,1332686
1768,64,1332686
1768,0,1332686
1768,77,1332686
1769,0,1332686
1769,0,1332686
1769,0,1332686
1769,0,1332686
1769,0,1332686
1769,0,1332686
1769,0,1332686
1769,0,1332686
1769,0,1332686
1769,0,1332686
1769,0,1332686
1769,0,1332686
1769,0,1332686
1769,0,1332686
1769,0,1332686
1769,0,1332686
1769,0,1332686
1769,0,1332686
1770,0,1332686
1770,0,1332686
1770,0,1332686
1770,0,1332686
1770,0,1332686
1770,0,1332686
1770,0,1332686
1770,0,1332686
1770,0,1332686
1770,0,1332686
1770,0,1332686
1770,0,1332686
1771,0,1332686
1771,0,1332686
1771,0,1332686
1771,0,1332686
1771,0,1332686
1771,0,1332686
1772,84,1332686
1772,84,1332686
1772,84,1332686
1772,84,1332686
1772,84,1332686
1772,40,1332686
1772,84,1332686
1772,40,1332686
1772,57,1332686
1772,40,1332686
1772,40,1332686
1772,40,1332686
1772,57,1332686
1772,57,1332686
1772,57,1332686
1772,57,1332686
1772,57,1332686
1772,40,1332686
1772,5,1332686
1772,0,1332686
1772,0,1332686
1772,0,1332686
1772,5,1332686
1772,57,1332686
1772,57,1332686
1772,57,1332686
1772,57,1332686
1772,57,1332686
1772,57,1332686
1772,40,1332686
1772,57,1332686
1772,40,1332686
1772,40,1332686
1772,84,1332686
1772,84,1332686
1772,84,1332686
1772,0,1332686
1772,40,1332686
1772,40,1332686
1772,40,1332686
1772,40,1332686
1773,92,1332686
1773,92,1332686
1774,97,1332686
1774,97,1332686
1775,5,1332686
1775,5,1332686
1775,5,1332686
1775,5,1332686
1775,5,1332686
1775,5,1332686
1775,5,1332686
1775,5,1332686
1775,5,1332686
1775,5,1332686
1775,5,1332686
1775,5,1332686
1775,5,1332686
1775,67,1332686
1775,5,1332686
1775,90,1332686
1775,5,1332686
1775,5,1332686
1775,5,1332686
1775,5,1332686
1775,154,1332686
1775,5,1332686
1775,55,1332686
1775,55,1332686
1775,6,1332686
1775,6,1332686
1775,54,1332686
1775,54,1332686
1775,54,1332686
1775,155,1332686
1775,5,1332686
1775,155,1332686
1775,153,1332686
1775,153,1332686
1775,152,1332686
1775,152,1332686
1775,97,1332686
1775,97,1332686
1775,5,1332686
1775,5,1332686
1775,154,1332686
1775,5,1332686
1775,5,1332686
1775,85,1332686
1775,101,1332686
1775,5,1332686
1775,120,1332686
1775,118,1332686
1775,5,1332686
1775,116,1332686
1775,5,1332686
1775,5,1332686
1775,5,1332686
1775,5,1332686
1775,5,1332686
1775,5,1332686
1775,5,1332686
1775,5,1332686
1775,5,1332686
1775,5,1332686
1775,5,1332686
1775,87,1332686
1775,5,1332686
1775,99,1332686
1775,132,1332686
1775,5,1332686
1775,61,1332686
1775,37,1332686
1775,45,1332686
1775,41,1332686
1775,156,1332686
1775,5,1332686
1775,173,1332686
1775,62,1332686
1775,77,1332686
1775,60,1332686
1775,59,1332686
1775,58,1332686
1775,174,1332686
1775,65,1332686
1775,64,1332686
1775,43,1332686
1775,5,1332686
1775,144,1332686
1775,138,1332686
1775,110,1332686
1775,5,1332686
1776,0,1332686
1776,0,1332686
1776,0,1332686
1776,0,1332686
1776,0,1332686
1776,0,1332686
1776,0,1332686
1776,0,1332686
1776,0,1332686
1776,0,1332686
1776,0,1332686
1777,0,1332686
1777,0,1332686
1777,0,1332686
1777,0,1332686
1777,0,1332686
1777,0,1332686
1777,0,1332686
1778,0,1332686
1778,0,1332686
1778,0,1332686
1778,0,1332686
1778,0,1332686
1779,0,1332686
1779,0,1332686
1779,0,1332686
1779,0,1332686
1779,0,1332686
1779,0,1332686
1779,0,1332686
1780,4,1332686
1781,64,1332686
1781,65,1332686
1781,173,1332686
1781,62,1332686
1781,61,1332686
1781,60,1332686
1781,59,1332686
1781,58,1332686
1781,43,1332686
1781,120,1332686
1781,138,1332686
1781,5,1332686
1781,118,1332686
1781,15,1332686
1781,101,1332686
1781,116,1332686
1781,132,1332686
1781,77,1332686
1781,144,1332686
1781,99,1332686
1781,110,1332686
1782,0,1332686
1782,0,1332686
1782,0,1332686
1782,0,1332686
1782,0,1332686
1782,0,1332686
1782,0,1332686
1782,67,1332686
1782,87,1332686
1782,85,1332686
1782,45,1332686
1782,37,1332686
1782,41,1332686
1782,156,1332686
1782,174,1332686
1782,90,1332686
1783,77,1332686
1783,144,1332686
1783,138,1332686
1783,59,1332686
1783,43,1332686
1783,64,1332686
1783,58,1332686
1783,110,1332686
1783,132,1332686
1783,101,1332686
1783,120,1332686
1783,118,1332686
1783,116,1332686
1783,5,1332686
1783,0,1332686
1783,0,1332686
1783,0,1332686
1783,0,1332686
1783,99,1332686
1783,0,1332686
1783,0,1332686
1784,62,1332686
1784,61,1332686
1784,60,1332686
1785,0,1332686
1785,0,1332686
1785,0,1332686
1785,0,1332686
1785,0,1332686
1785,0,1332686
1785,0,1332686
1785,0,1332686
1785,0,1332686
1785,5,1332686
1785,0,1332686
1785,0,1332686
1785,0,1332686
1785,0,1332686
1785,0,1332686
1785,0,1332686
1785,0,1332686
1785,0,1332686
1785,0,1332686
1785,0,1332686
1785,65,1332686
1785,174,1332686
1785,0,1332686
1785,41,1332686
1785,37,1332686
1785,45,1332686
1785,85,1332686
1785,87,1332686
1785,67,1332686
1785,156,1332686
1785,0,1332686
1785,0,1332686
1785,0,1332686
1785,173,1332686
1785,0,1332686
1785,0,1332686
1785,0,1332686
1785,0,1332686
1785,5,1332686
1785,90,1332686
1786,40,1332686
1786,40,1332686
1786,40,1332686
1786,40,1332686
1786,84,1332686
1786,84,1332686
1786,0,1332686
1786,0,1332686
1786,0,1332686
1786,0,1332686
1786,0,1332686
1786,0,1332686
1786,40,1332686
1786,84,1332686
1786,40,1332686
1786,57,1332686
1786,0,1332686
1786,0,1332686
1786,40,1332686
1786,0,1332686
1786,0,1332686
1786,0,1332686
1786,0,1332686
1786,0,1332686
1786,0,1332686
1786,0,1332686
1786,0,1332686
1786,57,1332686
1786,57,1332686
1786,57,1332686
1786,57,1332686
1786,57,1332686
1786,57,1332686
1786,5,1332686
1787,84,1332686
1787,0,1332686
1787,90,1332686
1787,67,1332686
1787,85,1332686
1787,84,1332686
1787,84,1332686
1787,0,1332686
1787,84,1332686
1787,41,1332686
1787,40,1332686
1787,40,1332686
1787,40,1332686
1787,40,1332686
1787,84,1332686
1787,0,1332686
1787,84,1332686
1787,91,1332686
1787,0,1332686
1787,0,1332686
1787,0,1332686
1787,0,1332686
1787,0,1332686
1787,5,1332686
1787,0,1332686
1787,0,1332686
1787,0,1332686
1787,0,1332686
1787,0,1332686
1787,0,1332686
1787,0,1332686
1787,0,1332686
1787,0,1332686
1787,0,1332686
1787,0,1332686
1787,0,1332686
1787,0,1332686
1788,77,1332686
1788,42,1332686
1788,43,1332686
1788,57,1332686
1788,57,1332686
1788,156,1332686
1788,46,1332686
1788,84,1332686
1788,40,1332686
1788,84,1332686
1788,79,1332686
1788,67,1332686
1788,90,1332686
1788,6,1332686
1788,77,1332686
1788,40,1332686
1788,132,1332686
1788,41,1332686
1788,99,1332686
1788,99,1332686
1788,156,1332686
1788,43,1332686
1788,57,1332686
1788,57,1332686
1788,57,1332686
1788,57,1332686
1788,57,1332686
1788,40,1332686
1788,57,1332686
1788,101,1332686
1788,118,1332686
1788,116,1332686
1788,116,1332686
1788,118,1332686
1788,120,1332686
1788,120,1332686
1788,101,1332686
1788,132,1332686
1788,40,1332686
1789,6,1332686
1789,91,1332686
1790,55,1332686
1791,5,1332686
1791,5,1332686
1791,5,1332686
1791,5,1332686
1791,5,1332686
1791,5,1332686
1791,5,1332686
1791,5,1332686
1791,5,1332686
1791,5,1332686
1791,5,1332686
1791,5,1332686
1791,5,1332686
1791,5,1332686
1791,5,1332686
1791,5,1332686
1791,5,1332686
1791,5,1332686
1791,92,1332686
1791,92,1332686
1791,5,1332686
1791,5,1332686
1791,5,1332686
1791,5,1332686
1791,5,1332686
1791,5,1332686
1791,5,1332686
1791,5,1332686
1791,5,1332686
1791,5,1332686
1791,5,1332686
1791,5,1332686
1791,5,1332686
1791,90,1332686
1791,41,1332686
1791,67,1332686
1791,144,1332686
1791,138,1332686
1791,110,1332686
1791,77,1332686
1791,132,1332686
1791,99,1332686
1791,101,1332686
1791,5,1332686
1791,120,1332686
1791,118,1332686
1791,5,1332686
1791,116,1332686
1791,5,1332686
1791,5,1332686
1791,5,1332686
1791,5,1332686
1791,43,1332686
1791,5,1332686
1791,65,1332686
1791,85,1332686
1791,87,1332686
1791,5,1332686
1791,37,1332686
1791,45,1332686
1791,5,1332686
1791,156,1332686
1791,64,1332686
1791,5,1332686
1791,5,1332686
1791,62,1332686
1791,61,1332686
1791,60,1332686
1791,59,1332686
1791,58,1332686
1791,174,1332686
1791,173,1332686
1792,116,1332686
1792,56,1332686
1792,116,1332686
1792,92,1332686
1792,56,1332686
1793,0,1332686
1793,0,1332686
1793,0,1332686
1793,0,1332686
1793,0,1332686
1793,0,1332686
1793,0,1332686
1793,0,1332686
1793,0,1332686
1793,0,1332686
1793,0,1332686
1793,0,1332686
1793,0,1332686
1793,5,1332686
1793,0,1332686
1793,0,1332686
1793,0,1332686
1793,0,1332686
1793,0,1332686
1793,0,1332686
1793,0,1332686
1793,0,1332686
1793,0,1332686
1793,0,1332686
1793,0,1332686
1793,0,1332686
1793,0,1332686
1793,0,1332686
1794,58,1332686
1794,173,1332686
1794,59,1332686
1794,118,1332686
1794,60,1332686
1794,61,1332686
1794,62,1332686
1794,65,1332686
1794,67,1332686
1794,156,1332686
1794,41,1332686
1794,37,1332686
1794,45,1332686
1794,85,1332686
1794,87,1332686
1794,90,1332686
1794,64,1332686
1794,174,1332686
1794,43,1332686
1794,91,1332686
1794,138,1332686
1794,91,1332686
1794,56,1332686
1794,115,1332686
1794,91,1332686
1794,92,1332686
1794,117,1332686
1794,110,1332686
1794,117,1332686
1794,4,1332686
1794,92,1332686
1794,5,1332686
1794,116,1332686
1794,118,1332686
1794,120,1332686
1794,101,1332686
1794,99,1332686
1794,132,1332686
1794,77,1332686
1794,144,1332686
1794,15,1332686
1794,115,1332686
1795,118,1332686
1795,4,1332686
1795,4,1332686
1795,4,1332686
1795,22,1332686
1796,120,1332686
1796,120,1332686
1797,101,1332686
1797,101,1332686
1797,128,1332686
1797,128,1332686
1797,119,1332686
1797,119,1332686
1798,128,1332686
1799,100,1332686
1799,18,1332686
1799,22,1332686
1800,100,1332686
1800,92,1332686
1800,100,1332686
1800,92,1332686
1801,16,1332686
1801,21,1332686
1801,19,1332686
1801,13,1332686
1801,12,1332686
1801,11,1332686
1801,8,1332686
1801,7,1332686
1801,20,1332686
1801,26,1332686
1801,33,1332686
1801,31,1332686
1801,24,1332686
1801,25,1332686
1801,27,1332686
1801,28,1332686
1801,23,1332686
1801,30,1332686
1801,36,1332686
1801,35,1332686
1801,34,1332686
1801,29,1332686
1802,102,1332686
1802,102,1332686
1803,102,1332686
1804,122,1332686
1804,106,1332686
1804,106,1332686
1804,132,1332686
1804,132,1332686
1804,143,1332686
1804,145,1332686
1804,145,1332686
1804,143,1332686
1804,131,1332686
1804,122,1332686
1804,145,1332686
1804,127,1332686
1804,143,1332686
1804,126,1332686
1804,127,1332686
1804,116,1332686
1804,116,1332686
1804,103,1332686
1804,99,1332686
1804,103,1332686
1804,99,1332686
1804,123,1332686
1804,124,1332686
1804,124,1332686
1804,125,1332686
1804,125,1332686
1804,126,1332686
1804,123,1332686
1804,103,1332686
1805,131,1332686
1806,131,1332686
1807,115,1332686
1807,133,1332686
1808,115,1332686
1808,133,1332686
1809,115,1332686
1810,133,1332686
1811,2,1332686
1811,3,1332686
1811,2,1332686
1811,2,1332686
1811,2,1332686
1811,3,1332686
1811,1,1332686
1811,3,1332686
1811,1,1332686
1811,1,1332686
1811,1,1332686
1811,12,1332686
1811,2,1332686
1811,2,1332686
1811,3,1332686
1812,4,1332686
1812,4,1332686
1812,4,1332686
1812,4,1332686
1812,4,1332686
1812,4,1332686
1812,4,1332686
1812,4,1332686
1812,4,1332686
1812,4,1332686
1812,4,1332686
1812,4,1332686
1812,4,1332686
1812,4,1332686
1812,77,1332686
1812,4,1332686
1812,4,1332686
1812,4,1332686
1812,4,1332686
1812,4,1332686
1812,4,1332686
1812,4,1332686
1812,4,1332686
1812,4,1332686
1812,4,1332686
1813,117,1332686
1813,77,1332686
1813,117,1332686
1814,117,1332686
1815,4,1332686
1815,4,1332686
1815,4,1332686
1815,4,1332686
1815,4,1332686
1815,4,1332686
1815,4,1332686
1815,4,1332686
1815,4,1332686
1815,4,1332686
1815,4,1332686
1815,135,1332686
1815,4,1332686
1815,4,1332686
1815,4,1332686
1815,4,1332686
1815,4,1332686
1815,4,1332686
1815,4,1332686
1815,4,1332686
1815,4,1332686
1815,15,1332686
1815,135,1332686
1815,4,1332686
1815,4,1332686
1815,4,1332686
1815,4,1332686
1815,4,1332686
1815,4,1332686
1815,4,1332686
1815,4,1332686
1815,4,1332686
1815,4,1332686
1815,4,1332686
1815,4,1332686
1816,118,1332686
1816,16,1332686
1816,118,1332686
1816,16,1332686
1816,136,1332686
1817,120,1332686
1817,17,1332686
1817,120,1332686
1817,136,1332686
1818,119,1332686
1818,128,1332686
1818,15,1332686
1818,128,1332686
1818,15,1332686
1818,142,1332686
1818,101,1332686
1818,18,1332686
1818,101,1332686
1818,18,1332686
1818,119,1332686
1818,119,1332686
1818,17,1332686
1818,142,1332686
1819,14,1332686
1819,14,1332686
1819,128,1332686
1819,140,1332686
1819,140,1332686
1820,128,1332686
1820,96,1332686
1821,22,1332686
1821,110,1332686
1821,22,1332686
1821,96,1332686
1821,110,1332686
1822,141,1332686
1822,23,1332686
1822,141,1332686
1822,23,1332686
1823,100,1332686
1823,100,1332686
1823,100,1332686
1824,100,1332686
1825,98,1332686
1826,98,1332686
1826,102,1332686
1827,24,1332686
1827,102,1332686
1828,102,1332686
1828,24,1332686
1829,102,1332686
1830,25,1332686
1831,103,1332686
1831,25,1332686
1832,138,1332686
1832,103,1332686
1832,138,1332686
1833,103,1332686
1834,137,1332686
1834,103,1332686
1835,137,1332686
1836,99,1332686
1836,99,1332686
1837,123,1332686
1837,26,1332686
1837,123,1332686
1837,139,1332686
1838,26,1332686
1838,123,1332686
1838,139,1332686
1839,124,1332686
1840,124,1332686
1841,27,1332686
1841,144,1332686
1841,124,1332686
1841,144,1332686
1842,27,1332686
1842,125,1332686
1843,125,1332686
1843,134,1332686
1844,125,1332686
1844,134,1332686
1845,51,1332686
1845,34,1332686
1845,106,1332686
1845,35,1332686
1845,106,1332686
1845,52,1332686
1845,35,1332686
1845,122,1332686
1845,52,1332686
1845,36,1332686
1845,122,1332686
1845,36,1332686
1845,122,1332686
1845,57,1332686
1845,57,1332686
1845,30,1332686
1845,28,1332686
1845,126,1332686
1845,28,1332686
1845,43,1332686
1845,126,1332686
1845,126,1332686
1845,43,1332686
1845,29,1332686
1845,127,1332686
1845,127,1332686
1845,127,1332686
1845,29,1332686
1845,30,1332686
1846,63,1332686
1846,143,1332686
1846,143,1332686
1846,66,1332686
1846,66,1332686
1846,63,1332686
1846,143,1332686
1846,65,1332686
1846,65,1332686
1846,32,1332686
1846,143,1332686
1846,64,1332686
1846,145,1332686
1846,64,1332686
1846,42,1332686
1846,145,1332686
1846,145,1332686
1846,33,1332686
1846,132,1332686
1846,33,1332686
1846,42,1332686
1846,132,1332686
1846,34,1332686
1846,51,1332686
1846,106,1332686
1846,145,1332686
1846,42,1332686
1847,131,1332686
1847,131,1332686
1847,174,1332686
1847,174,1332686
1848,58,1332686
1848,131,1332686
1848,58,1332686
1849,131,1332686
1849,59,1332686
1849,59,1332686
1849,133,1332686
1850,133,1332686
1850,60,1332686
1850,60,1332686
1850,133,1332686
1851,31,1332686
1851,136,1332686
1851,31,1332686
1851,156,1332686
1851,136,1332686
1851,156,1332686
1851,32,1332686
1851,135,1332686
1851,62,1332686
1851,32,1332686
1851,135,1332686
1851,173,1332686
1851,135,1332686
1851,62,1332686
1851,77,1332686
1851,77,1332686
1851,61,1332686
1851,133,1332686
1851,61,1332686
1851,173,1332686
1852,40,1332686
1852,20,1332686
1852,41,1332686
1852,142,1332686
1852,41,1332686
1852,136,1332686
1852,142,1332686
1852,20,1332686
1853,40,1332686
1853,140,1332686
1853,21,1332686
1853,142,1332686
1854,140,1332686
1855,140,1332686
1856,46,1332686
1856,110,1332686
1856,21,1332686
1856,96,1332686
1856,96,1332686
1856,46,1332686
1856,110,1332686
1856,96,1332686
1856,44,1332686
1856,44,1332686
1857,141,1332686
1857,7,1332686
1857,141,1332686
1857,7,1332686
1857,141,1332686
1857,45,1332686
1857,46,1332686
1858,45,1332686
1858,98,1332686
1858,98,1332686
1859,8,1332686
1860,98,1332686
1861,8,1332686
1862,47,1332686
1862,47,1332686
1862,9,1332686
1862,49,1332686
1862,49,1332686
1862,9,1332686
1862,9,1332686
1862,57,1332686
1862,43,1332686
1862,43,1332686
1862,134,1332686
1862,134,1332686
1862,57,1332686
1862,144,1332686
1862,138,1332686
1862,134,1332686
1862,137,1332686
1862,137,1332686
1862,47,1332686
1862,137,1332686
1862,138,1332686
1862,139,1332686
1862,48,1332686
1862,139,1332686
1862,144,1332686
1862,139,1332686
1862,48,1332686
1863,53,1332686
1863,2,1332686
1863,2,1332686
1863,50,1332686
1863,2,1332686
1863,53,1332686
1863,50,1332686
1864,81,1332686
1865,81,1332686
1866,10,1332686
1867,10,1332686
1868,37,1332686
1869,37,1332686
1870,39,1332686
1870,11,1332686
1871,39,1332686
1872,11,1332686
1873,38,1332686
1874,38,1332686
1875,38,1332686
1876,85,1332686
1877,85,1332686
1877,12,1332686
1877,84,1332686
1877,12,1332686
1878,84,1332686
1879,13,1332686
1879,87,1332686
1879,87,1332686
1880,86,1332686
1880,88,1332686
1880,13,1332686
1880,88,1332686
1880,19,1332686
1880,86,1332686
1880,19,1332686
1881,67,1332686
1881,3,1332686
1881,67,1332686
1881,3,1332686
1881,95,1332686
1881,95,1332686
1882,83,1332686
1882,83,1332686
1883,3,1332686
1884,1,1332686
1885,1,1332686
1886,82,1332686
1887,82,1332686
1888,68,1332686
1889,52,1332686
1889,52,1332686
1889,68,1332686
1890,52,1332686
1891,51,1332686
1891,51,1332686
1891,51,1332686
1891,69,1332686
1891,69,1332686
1892,42,1332686
1893,42,1332686
1893,70,1332686
1894,70,1332686
1895,71,1332686
1896,71,1332686
1897,64,1332686
1897,72,1332686
1898,72,1332686
1898,64,1332686
1898,63,1332686
1899,63,1332686
1900,63,1332686
1901,73,1332686
1902,66,1332686
1902,73,1332686
1902,66,1332686
1902,66,1332686
1903,80,1332686
1903,80,1332686
1904,74,1332686
1905,0,1332687
1905,0,1332687
1905,0,1332687
1905,0,1332687
1905,0,1332687
1905,0,1332687
1905,0,1332687
1905,0,1332687
1905,0,1332687
1905,0,1332687
1905,0,1332687
1905,0,1332687
1905,0,1332687
1905,0,1332687
1905,0,1332687
1905,0,1332687
1905,0,1332687
1905,0,1332687
1906,0,1332687
1906,0,1332687
1906,0,1332687
1906,0,1332687
1906,0,1332687
1906,0,1332687
1906,0,1332687
1906,0,1332687
1906,0,1332687
1906,0,1332687
1906,0,1332687
1906,0,1332687
1907,4,1332687
1907,0,1332687
1907,0,1332687
1907,0,1332687
1907,0,1332687
1907,0,1332687
1907,0,1332687
1907,0,1332687
1907,0,1332687
1907,0,1332687
1907,0,1332687
1907,0,1332687
1907,0,1332687
1907,0,1332687
1907,0,1332687
1907,0,1332687
1907,0,1332687
1907,0,1332687
1907,0,1332687
1907,0,1332687
1907,0,1332687
1907,0,1332687
1907,0,1332687
1907,0,1332687
1907,0,1332687
1907,0,1332687
1907,0,1332687
1907,0,1332687
1907,0,1332687
1907,0,1332687
1907,0,1332687
1908,0,1332687
1908,0,1332687
1908,0,1332687
1908,0,1332687
1908,5,1332687
1908,89,1332687
1908,5,1332687
1908,116,1332687
1908,0,1332687
1908,0,1332687
1908,0,1332687
1908,0,1332687
1908,0,1332687
1908,0,1332687
1908,0,1332687
1908,0,1332687
1908,0,1332687
1908,0,1332687
1908,0,1332687
1908,0,1332687
1908,0,1332687
1908,0,1332687
1909,64,1332687
1909,61,1332687
1909,64,1332687
1909,64,1332687
1909,173,1332687
1909,62,1332687
1909,62,1332687
1909,61,1332687
1909,60,1332687
1909,58,1332687
1909,59,1332687
1909,59,1332687
1909,58,1332687
1909,58,1332687
1909,64,1332687
1909,64,1332687
1909,43,1332687
1909,43,1332687
1909,43,1332687
1909,60,1332687
1909,58,1332687
1909,61,1332687
1909,59,1332687
1909,43,1332687
1909,37,1332687
1909,37,1332687
1909,37,1332687
1909,37,1332687
1909,41,1332687
1909,41,1332687
1909,41,1332687
1909,41,1332687
1909,156,1332687
1909,174,1332687
1909,65,1332687
1909,65,1332687
1909,173,1332687
1909,62,1332687
1909,62,1332687
1909,61,1332687
1909,60,1332687
1909,60,1332687
1909,59,1332687
1909,110,1332687
1909,120,1332687
1909,110,1332687
1909,101,1332687
1909,101,1332687
1909,101,1332687
1909,101,1332687
1909,120,1332687
1909,120,1332687
1909,120,1332687
1909,110,1332687
1909,118,1332687
1909,118,1332687
1909,120,1332687
1909,118,1332687
1909,118,1332687
1909,116,1332687
1909,116,1332687
1909,116,1332687
1909,116,1332687
1909,5,1332687
1909,5,1332687
1909,99,1332687
1909,99,1332687
1909,118,1332687
1909,99,1332687
1909,99,1332687
1909,138,1332687
1909,138,1332687
1909,138,1332687
1909,138,1332687
1909,144,1332687
1909,144,1332687
1909,144,1332687
1909,144,1332687
1909,77,1332687
1909,110,1332687
1909,77,1332687
1909,77,1332687
1909,132,1332687
1909,132,1332687
1909,132,1332687
1909,132,1332687
1909,77,1332687
1909,144,1332687
1909,77,1332687
1910,5,1332687
1910,116,1332687
1910,116,1332687
1910,5,1332687
1910,5,1332687
1910,116,1332687
1910,116,1332687
1910,116,1332687
1910,118,1332687
1910,120,1332687
1910,118,1332687
1910,118,1332687
1910,118,1332687
1910,120,1332687
1910,120,1332687
1910,120,1332687
1910,101,1332687
1910,101,1332687
1910,5,1332687
1910,120,1332687
1910,89,1332687
1910,118,1332687
1910,90,1332687
1910,45,1332687
1910,45,1332687
1910,45,1332687
1910,85,1332687
1910,85,1332687
1910,85,1332687
1910,85,1332687
1910,87,1332687
1910,87,1332687
1910,45,1332687
1910,87,1332687
1910,5,1332687
1910,90,1332687
1910,90,1332687
1910,67,1332687
1910,90,1332687
1910,67,1332687
1910,67,1332687
1910,87,1332687
1910,67,1332687
1911,60,1332687
1911,58,1332687
1911,60,1332687
1911,59,1332687
1911,59,1332687
1911,58,1332687
1911,64,1332687
1911,62,1332687
1911,64,1332687
1911,173,1332687
1911,62,1332687
1911,61,1332687
1911,60,1332687
1911,60,1332687
1911,61,1332687
1911,64,1332687
1911,61,1332687
1911,41,1332687
1911,62,1332687
1911,45,1332687
1911,45,1332687
1911,37,1332687
1911,37,1332687
1911,37,1332687
1911,37,1332687
1911,41,1332687
1911,59,1332687
1911,41,1332687
1911,41,1332687
1911,156,1332687
1911,174,1332687
1911,65,1332687
1911,65,1332687
1911,173,1332687
1911,62,1332687
1911,59,1332687
1911,61,1332687
1911,58,1332687
1911,77,1332687
1911,77,1332687
1911,144,1332687
1911,77,1332687
1911,77,1332687
1911,132,1332687
1911,132,1332687
1911,132,1332687
1911,132,1332687
1911,99,1332687
1911,99,1332687
1911,58,1332687
1911,99,1332687
1911,101,1332687
1911,101,1332687
1911,77,1332687
1911,144,1332687
1911,99,1332687
1911,144,1332687
1911,144,1332687
1911,64,1332687
1911,43,1332687
1911,43,1332687
1911,43,1332687
1911,43,1332687
1911,110,1332687
1911,64,1332687
1911,110,1332687
1911,110,1332687
1911,138,1332687
1911,138,1332687
1911,138,1332687
1911,138,1332687
1911,110,1332687
1911,144,1332687
1912,4,1332687
1912,120,1332687
1912,120,1332687
1912,120,1332687
1912,120,1332687
1912,120,1332687
1912,118,1332687
1912,118,1332687
1912,118,1332687
1912,118,1332687
1912,4,1332687
1912,116,1332687
1912,118,1332687
1912,101,1332687
1912,0,1332687
1912,101,1332687
1912,0,1332687
1912,0,1332687
1912,0,1332687
1912,0,1332687
1912,0,1332687
1912,0,1332687
1912,0,1332687
1912,0,1332687
1912,0,1332687
1912,0,1332687
1912,0,1332687
1912,116,1332687
1912,15,1332687
1912,116,1332687
1912,67,1332687
1912,5,1332687
1912,45,1332687
1912,45,1332687
1912,85,1332687
1912,85,1332687
1912,85,1332687
1912,85,1332687
1912,87,1332687
1912,116,1332687
1912,87,1332687
1912,87,1332687
1912,67,1332687
1912,67,1332687
1912,67,1332687
1912,90,1332687
1912,87,1332687
1912,90,1332687
1912,90,1332687
1912,5,1332687
1912,0,1332687
1912,0,1332687
1912,0,1332687
1912,0,1332687
1912,0,1332687
1912,116,1332687
1912,5,1332687
1912,5,1332687
1912,5,1332687
1912,90,1332687
1912,0,1332687
1913,43,1332687
1913,110,1332687
1913,43,1332687
1913,43,1332687
1913,43,1332687
1913,60,1332687
1913,64,1332687
1913,58,1332687
1913,58,1332687
1913,59,1332687
1913,59,1332687
1913,64,1332687
1913,110,1332687
1913,144,1332687
1913,110,1332687
1913,138,1332687
1913,138,1332687
1913,138,1332687
1913,138,1332687
1913,144,1332687
1913,144,1332687
1913,144,1332687
1913,144,1332687
1913,77,1332687
1913,77,1332687
1913,77,1332687
1913,60,1332687
1913,110,1332687
1913,61,1332687
1913,61,1332687
1913,62,1332687
1913,77,1332687
1913,37,1332687
1913,37,1332687
1913,37,1332687
1913,37,1332687
1913,41,1332687
1913,41,1332687
1913,41,1332687
1913,41,1332687
1913,174,1332687
1913,65,1332687
1913,65,1332687
1913,173,1332687
1913,62,1332687
1913,62,1332687
1913,61,1332687
1913,60,1332687
1913,60,1332687
1913,59,1332687
1913,59,1332687
1913,58,1332687
1913,58,1332687
1913,64,1332687
1913,64,1332687
1913,64,1332687
1913,173,1332687
1913,62,1332687
1913,61,1332687
1913,77,1332687
1913,156,1332687
1913,132,1332687
1913,0,1332687
1913,0,1332687
1913,0,1332687
1913,0,1332687
1913,0,1332687
1913,0,1332687
1913,0,1332687
1913,0,1332687
1913,0,1332687
1913,99,1332687
1913,99,1332687
1913,101,1332687
1913,101,1332687
1913,0,1332687
1913,5,1332687
1913,0,1332687
1913,0,1332687
1913,0,1332687
1913,0,1332687
1913,132,1332687
1913,0,1332687
1913,0,1332687
1913,0,1332687
1913,0,1332687
1913,0,1332687
1913,0,1332687
1913,0,1332687
1913,0,1332687
1913,0,1332687
1913,0,1332687
1913,99,1332687
1913,0,1332687
1913,0,1332687
1913,0,1332687
1913,0,1332687
1913,0,1332687
1913,0,1332687
1913,0,1332687
1913,0,1332687
1913,0,1332687
1913,0,1332687
1913,0,1332687
1913,0,1332687
1913,0,1332687
1913,0,1332687
1913,0,1332687
1913,99,1332687
1913,0,1332687
1913,0,1332687
1913,0,1332687
1913,0,1332687
1913,0,1332687
1913,0,1332687
1913,0,1332687
1913,132,1332687
1913,0,1332687
1913,0,1332687
1913,0,1332687
1913,132,1332687
1914,116,1332687
1914,67,1332687
1914,67,1332687
1914,90,1332687
1914,90,1332687
1914,90,1332687
1914,5,1332687
1914,5,1332687
1914,5,1332687
1914,67,1332687
1914,90,1332687
1914,67,1332687
1914,85,1332687
1914,87,1332687
1914,87,1332687
1914,45,1332687
1914,45,1332687
1914,45,1332687
1914,45,1332687
1914,85,1332687
1914,85,1332687
1914,87,1332687
1914,87,1332687
1914,85,1332687
1915,144,1332687
1915,99,1332687
1915,132,1332687
1915,132,1332687
1915,132,1332687
1915,132,1332687
1915,77,1332687
1915,77,1332687
1915,77,1332687
1915,144,1332687
1915,77,1332687
1915,144,1332687
1915,144,1332687
1915,144,1332687
1915,138,1332687
1915,138,1332687
1915,138,1332687
1915,138,1332687
1915,99,1332687
1915,77,1332687
1915,99,1332687
1915,118,1332687
1915,101,1332687
1915,99,1332687
1915,5,1332687
1915,5,1332687
1915,116,1332687
1915,116,1332687
1915,116,1332687
1915,118,1332687
1915,118,1332687
1915,120,1332687
1915,116,1332687
1915,118,1332687
1915,118,1332687
1915,120,1332687
1915,120,1332687
1915,120,1332687
1915,120,1332687
1915,101,1332687
1915,101,1332687
1915,101,1332687
1916,45,1332687
1916,0,1332687
1916,0,1332687
1916,0,1332687
1916,0,1332687
1916,0,1332687
1916,0,1332687
1916,5,1332687
1916,45,1332687
1916,0,1332687
1916,0,1332687
1916,0,1332687
1916,0,1332687
1916,0,1332687
1916,0,1332687
1916,0,1332687
1916,0,1332687
1916,37,1332687
1916,37,1332687
1916,0,1332687
1916,0,1332687
1916,0,1332687
1916,0,1332687
1916,0,1332687
1916,0,1332687
1916,37,1332687
1916,37,1332687
1916,0,1332687
1916,15,1332687
1916,0,1332687
1916,0,1332687
1916,41,1332687
1916,45,1332687
1916,45,1332687
1916,3,1332687
1916,1,1332687
1916,0,1332687
1916,0,1332687
1916,0,1332687
1916,0,1332687
1916,0,1332687
1916,0,1332687
1916,0,1332687
1916,0,1332687
1916,0,1332687
1916,0,1332687
1916,0,1332687
1916,0,1332687
1916,1,1332687
1916,16,1332687
1916,4,1332687
1916,18,1332687
1916,0,1332687
1916,0,1332687
1916,0,1332687
1916,0,1332687
1916,0,1332687
1916,0,1332687
1916,0,1332687
1916,0,1332687
1916,41,1332687
1916,61,1332687
1916,0,1332687
1916,59,1332687
1916,59,1332687
1916,58,1332687
1916,58,1332687
1916,64,1332687
1916,64,1332687
1916,64,1332687
1916,173,1332687
1916,62,1332687
1916,62,1332687
1916,61,1332687
1916,60,1332687
1916,60,1332687
1916,59,1332687
1916,59,1332687
1916,58,1332687
1916,0,1332687
1916,64,1332687
1916,64,1332687
1916,43,1332687
1916,43,1332687
1916,43,1332687
1916,43,1332687
1916,110,1332687
1916,110,1332687
1916,110,1332687
1916,110,1332687
1916,60,1332687
1916,60,1332687
1916,58,1332687
1916,61,1332687
1916,61,1332687
1916,0,1332687
1916,0,1332687
1916,0,1332687
1916,0,1332687
1916,0,1332687
1916,0,1332687
1916,0,1332687
1916,0,1332687
1916,0,1332687
1916,41,1332687
1916,41,1332687
1916,156,1332687
1916,57,1332687
1916,0,1332687
1916,57,1332687
1916,62,1332687
1916,57,1332687
1916,62,1332687
1916,173,1332687
1916,65,1332687
1916,174,1332687
1916,65,1332687
1916,4,1332687
1916,11,1332687
1916,40,1332687
1916,40,1332687
1916,40,1332687
1917,116,1332687
1917,120,1332687
1917,118,1332687
1917,118,1332687
1917,118,1332687
1917,116,1332687
1917,118,1332687
1917,116,1332687
1917,5,1332687
1917,5,1332687
1917,5,1332687
1917,116,1332687
1917,5,1332687
1917,5,1332687
1917,22,1332687
1917,118,1332687
1917,90,1332687
1917,116,1332687
1917,120,1332687
1917,132,1332687
1917,120,1332687
1917,90,1332687
1917,144,1332687
1917,77,1332687
1917,77,1332687
1917,132,1332687
1917,132,1332687
1917,132,1332687
1917,99,1332687
1917,77,1332687
1917,99,1332687
1917,99,1332687
1917,99,1332687
1917,101,1332687
1917,101,1332687
1917,101,1332687
1917,101,1332687
1917,120,1332687
1917,120,1332687
1917,23,1332687
1917,85,1332687
1917,25,1332687
1917,2,1332687
1917,2,1332687
1917,12,1332687
1917,13,1332687
1917,3,1332687
1917,87,1332687
1917,87,1332687
1917,8,1332687
1917,85,1332687
1917,0,1332687
1917,0,1332687
1917,0,1332687
1917,0,1332687
1917,0,1332687
1917,85,1332687
1917,24,1332687
1917,0,1332687
1917,87,1332687
1917,85,1332687
1917,7,1332687
1917,87,1332687
1917,26,1332687
1917,28,1332687
1917,29,1332687
1917,90,1332687
1917,90,1332687
1917,30,1332687
1917,67,1332687
1917,27,1332687
1917,36,1332687
1917,34,1332687
1917,33,1332687
1917,31,1332687
1917,20,1332687
1917,21,1332687
1917,67,1332687
1917,67,1332687
1917,67,1332687
1918,41,1332687
1918,41,1332687
1918,41,1332687
1918,156,1332687
1918,174,1332687
1918,65,1332687
1918,62,1332687
1918,173,1332687
1918,62,1332687
1918,61,1332687
1918,61,1332687
1918,60,1332687
1918,41,1332687
1918,60,1332687
1918,65,1332687
1918,37,1332687
1918,85,1332687
1918,37,1332687
1918,59,1332687
1918,67,1332687
1918,67,1332687
1918,87,1332687
1918,87,1332687
1918,87,1332687
1918,87,1332687
1918,85,1332687
1918,85,1332687
1918,85,1332687
1918,45,1332687
1918,45,1332687
1918,45,1332687
1918,45,1332687
1918,37,1332687
1918,37,1332687
1918,59,1332687
1918,61,1332687
1918,58,1332687
1918,43,1332687
1918,110,1332687
1918,110,1332687
1918,110,1332687
1918,110,1332687
1918,138,1332687
1918,138,1332687
1918,138,1332687
1918,138,1332687
1918,58,1332687
1918,144,1332687
1918,144,1332687
1918,144,1332687
1918,77,1332687
1918,77,1332687
1918,43,1332687
1918,43,1332687
1918,144,1332687
1918,64,1332687
1918,43,1332687
1918,64,1332687
1918,64,1332687
1918,173,1332687
1918,62,1332687
1918,62,1332687
1918,61,1332687
1918,64,1332687
1918,60,1332687
1918,59,1332687
1918,59,1332687
1918,58,1332687
1918,58,1332687
1918,60,1332687
1918,64,1332687
1919,101,1332687
1919,132,1332687
1919,132,1332687
1919,99,1332687
1919,99,1332687
1919,101,1332687
1919,99,1332687
1919,101,1332687
1919,132,1332687
1919,99,1332687
1919,132,1332687
1919,144,1332687
1919,77,1332687
1919,144,1332687
1919,77,1332687
1919,77,1332687
1919,77,1332687
1919,144,1332687
1919,144,1332687
1919,138,1332687
1919,144,1332687
1919,101,1332687
1919,77,1332687
1919,120,1332687
1919,67,1332687
1919,120,1332687
1919,120,1332687
1919,67,1332687
1919,90,1332687
1919,90,1332687
1919,90,1332687
1919,5,1332687
1919,5,1332687
1919,5,1332687
1919,116,1332687
1919,5,1332687
1919,5,1332687
1919,90,1332687
1919,116,1332687
1919,116,1332687
1919,116,1332687
1919,118,1332687
1919,118,1332687
1919,120,1332687
1919,118,1332687
1919,118,1332687
1919,118,1332687
1919,116,1332687
1919,120,1332687
1920,41,1332687
1920,41,1332687
1920,41,1332687
1920,41,1332687
1920,156,1332687
1920,62,1332687
1920,65,1332687
1920,65,1332687
1920,173,1332687
1920,62,1332687
1920,61,1332687
1920,37,1332687
1920,174,1332687
1920,37,1332687
1920,87,1332687
1920,37,1332687
1920,45,1332687
1920,45,1332687
1920,45,1332687
1920,45,1332687
1920,85,1332687
1920,85,1332687
1920,85,1332687
1920,85,1332687
1920,61,1332687
1920,87,1332687
1920,87,1332687
1920,87,1332687
1920,67,1332687
1920,37,1332687
1920,60,1332687
1920,61,1332687
1920,59,1332687
1920,67,1332687
1920,138,1332687
1920,138,1332687
1920,138,1332687
1920,110,1332687
1920,110,1332687
1920,110,1332687
1920,110,1332687
1920,43,1332687
1920,43,1332687
1920,43,1332687
1920,43,1332687
1920,64,1332687
1920,64,1332687
1920,60,1332687
1920,58,1332687
1920,59,1332687
1920,59,1332687
1920,60,1332687
1920,60,1332687
1920,61,1332687
1920,62,1332687
1920,62,1332687
1920,173,1332687
1920,64,1332687
1920,64,1332687
1920,64,1332687
1920,58,1332687
1920,58,1332687
1920,59,1332687
1920,58,1332687
1920,67,1332687
1920,67,1332687
1920,90,1332687
1920,90,1332687
1921,99,1332687
1921,99,1332687
1921,99,1332687
1921,132,1332687
1921,132,1332687
1921,132,1332687
1921,132,1332687
1921,77,1332687
1921,77,1332687
1921,144,1332687
1921,77,1332687
1921,77,1332687
1921,77,1332687
1921,144,1332687
1921,144,1332687
1921,144,1332687
1921,138,1332687
1921,138,1332687
1921,138,1332687
1921,138,1332687
1921,110,1332687
1921,110,1332687
1921,99,1332687
1921,101,1332687
1921,144,1332687
1921,101,1332687
1921,101,1332687
1921,90,1332687
1921,89,1332687
1921,90,1332687
1921,5,1332687
1921,116,1332687
1921,5,1332687
1921,5,1332687
1921,116,1332687
1921,116,1332687
1921,116,1332687
1921,5,1332687
1921,118,1332687
1921,101,1332687
1921,116,1332687
1921,120,1332687
1921,120,1332687
1921,120,1332687
1921,120,1332687
1921,118,1332687
1921,118,1332687
1921,120,1332687
1921,118,1332687
1921,118,1332687
1922,45,1332687
1922,37,1332687
1922,45,1332687
1922,85,1332687
1922,45,1332687
1922,45,1332687
1922,37,1332687
1922,41,1332687
1922,37,1332687
1922,41,1332687
1922,41,1332687
1922,41,1332687
1922,85,1332687
1922,156,1332687
1922,37,1332687
1922,85,1332687
1922,90,1332687
1922,87,1332687
1922,174,1332687
1922,116,1332687
1922,5,1332687
1922,5,1332687
1922,5,1332687
1922,90,1332687
1922,87,1332687
1922,90,1332687
1922,67,1332687
1922,67,1332687
1922,67,1332687
1922,67,1332687
1922,87,1332687
1922,87,1332687
1922,90,1332687
1922,65,1332687
1922,85,1332687
1922,173,1332687
1922,60,1332687
1922,60,1332687
1922,59,1332687
1922,59,1332687
1922,58,1332687
1922,58,1332687
1922,61,1332687
1922,64,1332687
1922,65,1332687
1922,43,1332687
1922,43,1332687
1922,43,1332687
1922,110,1332687
1922,110,1332687
1922,64,1332687
1922,61,1332687
1922,43,1332687
1922,62,1332687
1922,62,1332687
1922,62,1332687
1922,62,1332687
1922,61,1332687
1922,60,1332687
1922,60,1332687
1922,59,1332687
1922,61,1332687
1922,58,1332687
1922,58,1332687
1922,64,1332687
1922,64,1332687
1922,64,1332687
1922,173,1332687
1922,59,1332687
1923,77,1332687
1923,77,1332687
1923,77,1332687
1923,144,1332687
1923,77,1332687
1923,77,1332687
1923,132,1332687
1923,144,1332687
1923,132,1332687
1923,144,1332687
1923,110,1332687
1923,144,1332687
1923,138,1332687
1923,138,1332687
1923,138,1332687
1923,138,1332687
1923,110,1332687
1923,110,1332687
1923,110,1332687
1923,43,1332687
1923,43,1332687
1923,144,1332687
1923,132,1332687
1923,132,1332687
1923,99,1332687
1923,99,1332687
1923,5,1332687
1923,5,1332687
1923,116,1332687
1923,116,1332687
1923,116,1332687
1923,118,1332687
1923,118,1332687
1923,120,1332687
1923,118,1332687
1923,118,1332687
1923,116,1332687
1923,120,1332687
1923,118,1332687
1923,99,1332687
1923,101,1332687
1923,101,1332687
1923,101,1332687
1923,120,1332687
1923,120,1332687
1923,120,1332687
1923,101,1332687
1923,99,1332687
1924,67,1332687
1924,85,1332687
1924,87,1332687
1924,87,1332687
1924,87,1332687
1924,87,1332687
1924,85,1332687
1924,45,1332687
1924,85,1332687
1924,45,1332687
1924,45,1332687
1924,45,1332687
1924,37,1332687
1924,37,1332687
1924,67,1332687
1924,85,1332687
1924,67,1332687
1924,116,1332687
1924,90,1332687
1924,37,1332687
1924,118,1332687
1924,120,1332687
1924,118,1332687
1924,118,1332687
1924,116,1332687
1924,116,1332687
1924,67,1332687
1924,116,1332687
1924,5,1332687
1924,116,1332687
1924,5,1332687
1924,5,1332687
1924,90,1332687
1924,90,1332687
1924,90,1332687
1924,5,1332687
1924,37,1332687
1924,5,1332687
1924,41,1332687
1924,173,1332687
1924,62,1332687
1924,62,1332687
1924,41,1332687
1924,61,1332687
1924,61,1332687
1924,60,1332687
1924,59,1332687
1924,59,1332687
1924,58,1332687
1924,58,1332687
1924,64,1332687
1924,64,1332687
1924,43,1332687
1924,43,1332687
1924,64,1332687
1924,64,1332687
1924,60,1332687
1924,58,1332687
1924,64,1332687
1924,41,1332687
1924,41,1332687
1924,156,1332687
1924,174,1332687
1924,65,1332687
1924,173,1332687
1924,62,1332687
1924,65,1332687
1924,62,1332687
1924,59,1332687
1924,59,1332687
1924,60,1332687
1924,58,1332687
1924,61,1332687
1924,61,1332687
1924,60,1332687
1925,64,1332687
1925,61,1332687
1925,60,1332687
1925,60,1332687
1925,59,1332687
1925,59,1332687
1925,58,1332687
1925,58,1332687
1925,64,1332687
1925,59,1332687
1925,173,1332687
1925,62,1332687
1925,62,1332687
1925,61,1332687
1925,61,1332687
1925,60,1332687
1925,60,1332687
1925,61,1332687
1925,64,1332687
1925,62,1332687
1925,45,1332687
1925,173,1332687
1925,85,1332687
1925,85,1332687
1925,59,1332687
1925,45,1332687
1925,45,1332687
1925,45,1332687
1925,37,1332687
1925,37,1332687
1925,62,1332687
1925,37,1332687
1925,41,1332687
1925,41,1332687
1925,41,1332687
1925,41,1332687
1925,156,1332687
1925,174,1332687
1925,65,1332687
1925,65,1332687
1925,37,1332687
1925,58,1332687
1925,110,1332687
1925,64,1332687
1925,132,1332687
1925,132,1332687
1925,132,1332687
1925,132,1332687
1925,99,1332687
1925,58,1332687
1925,99,1332687
1925,99,1332687
1925,77,1332687
1925,101,1332687
1925,101,1332687
1925,101,1332687
1925,120,1332687
1925,120,1332687
1925,120,1332687
1925,120,1332687
1925,118,1332687
1925,118,1332687
1925,101,1332687
1925,77,1332687
1925,99,1332687
1925,77,1332687
1925,64,1332687
1925,144,1332687
1925,43,1332687
1925,43,1332687
1925,43,1332687
1925,110,1332687
1925,110,1332687
1925,110,1332687
1925,138,1332687
1925,43,1332687
1925,77,1332687
1925,138,1332687
1925,138,1332687
1925,144,1332687
1925,144,1332687
1925,144,1332687
1925,144,1332687
1925,77,1332687
1925,138,1332687
1926,4,1332687
1926,4,1332687
1926,15,1332687
1926,15,1332687
1926,15,1332687
1926,4,1332687
1926,4,1332687
1926,15,1332687
1926,4,1332687
1926,15,1332687
1926,15,1332687
1926,15,1332687
1926,4,1332687
1926,4,1332687
1926,4,1332687
1926,15,1332687
1926,15,1332687
1926,15,1332687
1926,67,1332687
1926,4,1332687
1926,85,1332687
1926,85,1332687
1926,87,1332687
1926,87,1332687
1926,87,1332687
1926,87,1332687
1926,67,1332687
1926,4,1332687
1926,67,1332687
1926,90,1332687
1926,90,1332687
1926,90,1332687
1926,90,1332687
1926,5,1332687
1926,4,1332687
1926,67,1332687
1927,4,1332687
1927,4,1332687
1927,15,1332687
1927,15,1332687
1927,15,1332687
1927,15,1332687
1927,4,1332687
1927,15,1332687
1927,4,1332687
1927,4,1332687
1927,15,1332687
1927,15,1332687
1927,15,1332687
1927,4,1332687
1927,4,1332687
1927,4,1332687
1927,4,1332687
1927,15,1332687
1927,15,1332687
1927,15,1332687
1927,15,1332687
1927,4,1332687
1927,15,1332687
1927,4,1332687
1927,4,1332687
1927,15,1332687
1927,15,1332687
1927,4,1332687
1927,15,1332687
1927,4,1332687
1927,4,1332687
1927,4,1332687
1927,4,1332687
1927,15,1332687
1927,15,1332687
1928,15,1332687
1928,4,1332687
1928,5,1332687
1928,116,1332687
1928,5,1332687
1928,116,1332687
1928,5,1332687
1928,116,1332687
1928,15,1332687
1928,5,1332687
1928,15,1332687
1928,15,1332687
1928,4,1332687
1928,15,1332687
1928,4,1332687
1928,4,1332687
1928,15,1332687
1928,4,1332687
1928,15,1332687
1928,4,1332687
1928,4,1332687
1928,4,1332687
1928,15,1332687
1929,61,1332687
1929,64,1332687
1929,64,1332687
1929,173,1332687
1929,62,1332687
1929,62,1332687
1929,61,1332687
1929,60,1332687
1929,58,1332687
1929,59,1332687
1929,59,1332687
1929,58,1332687
1929,64,1332687
1929,64,1332687
1929,64,1332687
1929,43,1332687
1929,43,1332687
1929,60,1332687
1929,58,1332687
1929,61,1332687
1929,59,1332687
1929,43,1332687
1929,37,1332687
1929,37,1332687
1929,41,1332687
1929,41,1332687
1929,41,1332687
1929,41,1332687
1929,156,1332687
1929,58,1332687
1929,174,1332687
1929,65,1332687
1929,173,1332687
1929,62,1332687
1929,62,1332687
1929,61,1332687
1929,60,1332687
1929,60,1332687
1929,59,1332687
1929,65,1332687
1929,43,1332687
1929,110,1332687
1929,110,1332687
1929,99,1332687
1929,99,1332687
1929,101,1332687
1929,101,1332687
1929,101,1332687
1929,101,1332687
1929,120,1332687
1929,120,1332687
1929,120,1332687
1929,118,1332687
1929,118,1332687
1929,118,1332687
1929,120,1332687
1929,118,1332687
1929,118,1332687
1929,116,1332687
1929,116,1332687
1929,99,1332687
1929,99,1332687
1929,120,1332687
1929,132,1332687
1929,132,1332687
1929,110,1332687
1929,110,1332687
1929,138,1332687
1929,138,1332687
1929,138,1332687
1929,144,1332687
1929,144,1332687
1929,144,1332687
1929,138,1332687
1929,132,1332687
1929,77,1332687
1929,77,1332687
1929,77,1332687
1929,144,1332687
1929,77,1332687
1929,77,1332687
1929,144,1332687
1929,132,1332687
1930,116,1332687
1930,116,1332687
1930,5,1332687
1930,5,1332687
1930,5,1332687
1930,116,1332687
1930,116,1332687
1930,6,1332687
1930,116,1332687
1930,120,1332687
1930,118,1332687
1930,120,1332687
1930,118,1332687
1930,118,1332687
1930,118,1332687
1930,120,1332687
1930,120,1332687
1930,120,1332687
1930,5,1332687
1930,118,1332687
1930,5,1332687
1930,67,1332687
1930,90,1332687
1930,90,1332687
1930,37,1332687
1930,37,1332687
1930,45,1332687
1930,45,1332687
1930,45,1332687
1930,85,1332687
1930,85,1332687
1930,85,1332687
1930,85,1332687
1930,45,1332687
1930,87,1332687
1930,87,1332687
1930,87,1332687
1930,67,1332687
1930,67,1332687
1930,67,1332687
1930,90,1332687
1930,87,1332687
1930,90,1332687
1931,173,1332687
1931,62,1332687
1931,62,1332687
1931,61,1332687
1931,61,1332687
1931,60,1332687
1931,59,1332687
1931,59,1332687
1931,58,1332687
1931,58,1332687
1931,64,1332687
1931,64,1332687
1931,60,1332687
1931,64,1332687
1931,62,1332687
1931,58,1332687
1931,58,1332687
1931,59,1332687
1931,59,1332687
1931,60,1332687
1931,60,1332687
1931,61,1332687
1931,61,1332687
1931,62,1332687
1931,173,1332687
1931,65,1332687
1931,65,1332687
1931,174,1332687
1931,64,1332687
1931,64,1332687
1931,43,1332687
1931,43,1332687
1931,99,1332687
1931,43,1332687
1931,101,1332687
1931,101,1332687
1931,101,1332687
1931,101,1332687
1931,99,1332687
1931,99,1332687
1931,99,1332687
1931,132,1332687
1931,132,1332687
1931,132,1332687
1931,77,1332687
1931,77,1332687
1931,144,1332687
1931,77,1332687
1931,132,1332687
1931,77,1332687
1931,43,1332687
1931,110,1332687
1931,110,1332687
1931,77,1332687
1931,110,1332687
1931,138,1332687
1931,138,1332687
1931,110,1332687
1931,138,1332687
1931,144,1332687
1931,144,1332687
1931,144,1332687
1931,144,1332687
1931,138,1332687
1932,90,1332687
1932,116,1332687
1932,90,1332687
1932,90,1332687
1932,5,1332687
1932,5,1332687
1932,116,1332687
1932,5,1332687
1932,5,1332687
1932,116,1332687
1932,90,1332687
1932,116,1332687
1932,118,1332687
1932,118,1332687
1932,120,1332687
1932,118,1332687
1932,118,1332687
1932,118,1332687
1932,120,1332687
1932,120,1332687
1932,67,1332687
1932,116,1332687
1932,67,1332687
1932,85,1332687
1932,67,1332687
1932,156,1332687
1932,67,1332687
1932,41,1332687
1932,41,1332687
1932,41,1332687
1932,37,1332687
1932,37,1332687
1932,37,1332687
1932,37,1332687
1932,45,1332687
1932,41,1332687
1932,45,1332687
1932,45,1332687
1932,87,1332687
1932,87,1332687
1932,87,1332687
1932,87,1332687
1932,85,1332687
1932,85,1332687
1932,85,1332687
1932,45,1332687
1933,58,1332687
1933,60,1332687
1933,60,1332687
1933,59,1332687
1933,59,1332687
1933,58,1332687
1933,61,1332687
1933,64,1332687
1933,62,1332687
1933,64,1332687
1933,173,1332687
1933,62,1332687
1933,61,1332687
1933,85,1332687
1933,61,1332687
1933,60,1332687
1933,61,1332687
1933,64,1332687
1933,62,1332687
1933,60,1332687
1933,173,1332687
1933,85,1332687
1933,45,1332687
1933,45,1332687
1933,45,1332687
1933,45,1332687
1933,37,1332687
1933,37,1332687
1933,37,1332687
1933,37,1332687
1933,41,1332687
1933,41,1332687
1933,41,1332687
1933,41,1332687
1933,156,1332687
1933,174,1332687
1933,65,1332687
1933,65,1332687
1933,62,1332687
1933,59,1332687
1933,43,1332687
1933,58,1332687
1933,144,1332687
1933,77,1332687
1933,77,1332687
1933,132,1332687
1933,132,1332687
1933,132,1332687
1933,99,1332687
1933,99,1332687
1933,99,1332687
1933,99,1332687
1933,101,1332687
1933,101,1332687
1933,101,1332687
1933,101,1332687
1933,120,1332687
1933,120,1332687
1933,59,1332687
1933,77,1332687
1933,77,1332687
1933,132,1332687
1933,144,1332687
1933,58,1332687
1933,64,1332687
1933,77,1332687
1933,43,1332687
1933,43,1332687
1933,43,1332687
1933,110,1332687
1933,110,1332687
1933,110,1332687
1933,64,1332687
1933,138,1332687
1933,138,1332687
1933,138,1332687
1933,138,1332687
1933,144,1332687
1933,144,1332687
1933,144,1332687
1933,110,1332687
1934,4,1332687
1934,4,1332687
1934,15,1332687
1934,15,1332687
1934,15,1332687
1934,15,1332687
1934,10,1332687
1934,4,1332687
1934,4,1332687
1934,4,1332687
1934,15,1332687
1934,4,1332687
1934,4,1332687
1934,90,1332687
1934,15,1332687
1934,90,1332687
1934,89,1332687
1934,85,1332687
1934,87,1332687
1934,87,1332687
1934,87,1332687
1934,87,1332687
1934,85,1332687
1934,67,1332687
1934,67,1332687
1934,67,1332687
1934,90,1332687
1934,90,1332687
1934,67,1332687
1935,116,1332687
1935,116,1332687
1935,116,1332687
1935,116,1332687
1935,118,1332687
1935,118,1332687
1935,120,1332687
1935,118,1332687
1935,118,1332687
1935,5,1332687
1935,120,1332687
1935,118,1332687
1935,5,1332687
1935,120,1332687
1935,5,1332687
1935,116,1332687
1935,15,1332687
1935,15,1332687
1935,4,1332687
1935,4,1332687
1935,4,1332687
1935,15,1332687
1935,15,1332687
1935,15,1332687
1935,4,1332687
1935,5,1332687
1935,15,1332687
1936,58,1332687
1936,60,1332687
1936,60,1332687
1936,59,1332687
1936,59,1332687
1936,58,1332687
1936,64,1332687
1936,61,1332687
1936,64,1332687
1936,173,1332687
1936,62,1332687
1936,62,1332687
1936,61,1332687
1936,61,1332687
1936,60,1332687
1936,60,1332687
1936,64,1332687
1936,61,1332687
1936,174,1332687
1936,62,1332687
1936,59,1332687
1936,45,1332687
1936,45,1332687
1936,45,1332687
1936,37,1332687
1936,37,1332687
1936,37,1332687
1936,37,1332687
1936,41,1332687
1936,41,1332687
1936,41,1332687
1936,41,1332687
1936,156,1332687
1936,65,1332687
1936,65,1332687
1936,45,1332687
1936,173,1332687
1936,62,1332687
1936,59,1332687
1936,77,1332687
1936,58,1332687
1936,144,1332687
1936,77,1332687
1936,132,1332687
1936,132,1332687
1936,132,1332687
1936,99,1332687
1936,99,1332687
1936,77,1332687
1936,99,1332687
1936,101,1332687
1936,101,1332687
1936,101,1332687
1936,101,1332687
1936,120,1332687
1936,120,1332687
1936,58,1332687
1936,99,1332687
1936,77,1332687
1936,132,1332687
1936,144,1332687
1936,64,1332687
1936,64,1332687
1936,43,1332687
1936,77,1332687
1936,43,1332687
1936,43,1332687
1936,110,1332687
1936,110,1332687
1936,110,1332687
1936,43,1332687
1936,138,1332687
1936,138,1332687
1936,138,1332687
1936,138,1332687
1936,144,1332687
1936,144,1332687
1936,110,1332687
1936,144,1332687
1937,90,1332687
1937,5,1332687
1937,4,1332687
1937,4,1332687
1937,4,1332687
1937,15,1332687
1937,15,1332687
1937,15,1332687
1937,4,1332687
1937,90,1332687
1937,15,1332687
1937,90,1332687
1937,87,1332687
1937,67,1332687
1937,90,1332687
1937,85,1332687
1937,85,1332687
1937,85,1332687
1937,87,1332687
1937,85,1332687
1937,87,1332687
1937,67,1332687
1937,67,1332687
1937,67,1332687
1937,87,1332687
1938,0,1332687
1938,0,1332687
1938,0,1332687
1938,0,1332687
1938,0,1332687
1938,0,1332687
1938,0,1332687
1938,0,1332687
1938,0,1332687
1938,0,1332687
1938,0,1332687
1938,0,1332687
1938,0,1332687
1938,0,1332687
1938,0,1332687
1938,0,1332687
1938,0,1332687
1938,0,1332687
1939,0,1332687
1939,0,1332687
1939,0,1332687
1939,0,1332687
1939,0,1332687
1939,0,1332687
